<?xml version="1.0" encoding="UTF-8"?>
<gpx xmlns:gpxdata="http://www.cluetrust.com/XML/GPXDATA/1/0" xmlns:xsi="http://www.w3.org/2001/XMLSchema-instance" xmlns="http://www.topografix.com/GPX/1/1" version="1.1" creator="http://ridewithgps.com/" xsi:schemaLocation="http://www.topografix.com/GPX/1/1 http://www.topografix.com/GPX/1/1/gpx.xsd http://www.cluetrust.com/XML/GPXDATA/1/0 http://www.cluetrust.com/Schemas/gpxdata10.xsd">
  <metadata>
    <name>PT-01-2025</name>
    <link href="https://ridewithgps.com/routes/53228769">
      <text>PT-01-2025</text>
    </link>
    <time>2025-11-06T13:00:02Z</time>
  </metadata>
  <wpt lat="35.75667858123779" lon="129.04412269592285">
    <name>CP5</name>
    <cmt>control</cmt>
    <desc>Wolseongmart</desc>
    <sym>Dot</sym>
    <type>checkpoint</type>
  </wpt>
  <wpt lat="35.36863710225124" lon="129.0016921023269">
    <name>CP1</name>
    <cmt>control</cmt>
    <sym>Dot</sym>
    <type>checkpoint</type>
  </wpt>
  <wpt lat="35.436742088509064" lon="128.92306647793754">
    <name>CP6</name>
    <cmt>control</cmt>
    <sym>Dot</sym>
    <type>checkpoint</type>
  </wpt>
  <wpt lat="35.8052946802934" lon="128.90879892258812">
    <name>CP4</name>
    <cmt>control</cmt>
    <sym>Dot</sym>
    <type>checkpoint</type>
  </wpt>
  <wpt lat="35.55633148835206" lon="128.93866155486566">
    <name>CP2</name>
    <cmt>control</cmt>
    <sym>Dot</sym>
    <type>checkpoint</type>
  </wpt>
  <wpt lat="35.636249551508996" lon="129.0406104229798">
    <name>CP3</name>
    <cmt>control</cmt>
    <sym>Dot</sym>
    <type>checkpoint</type>
  </wpt>
  <wpt lat="35.307344762663554" lon="128.98547502234578">
    <name>Start / Finish</name>
    <cmt>generic</cmt>
    <desc>Yang San Si</desc>
    <sym>Dot</sym>
    <type>generic</type>
  </wpt>
  <trk>
    <name>PT-01-2025</name>
    <trkseg>
      <trkpt lat="35.307319" lon="128.985451">
        <ele>7.7</ele>
      </trkpt>
      <trkpt lat="35.307355" lon="128.985458">
        <ele>7.6</ele>
      </trkpt>
      <trkpt lat="35.307431" lon="128.985695">
        <ele>7.3</ele>
      </trkpt>
      <trkpt lat="35.307522" lon="128.985761">
        <ele>7.0</ele>
      </trkpt>
      <trkpt lat="35.307688" lon="128.985777">
        <ele>6.6</ele>
      </trkpt>
      <trkpt lat="35.30768" lon="128.98576">
        <ele>6.6</ele>
      </trkpt>
      <trkpt lat="35.3077" lon="128.985728">
        <ele>6.6</ele>
      </trkpt>
      <trkpt lat="35.30771" lon="128.98569">
        <ele>6.6</ele>
      </trkpt>
      <trkpt lat="35.30772" lon="128.98566">
        <ele>6.6</ele>
      </trkpt>
      <trkpt lat="35.30771" lon="128.98562">
        <ele>6.7</ele>
      </trkpt>
      <trkpt lat="35.30769" lon="128.98559">
        <ele>6.8</ele>
      </trkpt>
      <trkpt lat="35.30767" lon="128.985559">
        <ele>6.9</ele>
      </trkpt>
      <trkpt lat="35.30764" lon="128.985548">
        <ele>6.9</ele>
      </trkpt>
      <trkpt lat="35.30767" lon="128.985448">
        <ele>7.0</ele>
      </trkpt>
      <trkpt lat="35.30785" lon="128.98515">
        <ele>6.6</ele>
      </trkpt>
      <trkpt lat="35.30798" lon="128.98496">
        <ele>6.2</ele>
      </trkpt>
      <trkpt lat="35.30832" lon="128.9845">
        <ele>4.4</ele>
      </trkpt>
      <trkpt lat="35.30857" lon="128.98413">
        <ele>4.3</ele>
      </trkpt>
      <trkpt lat="35.30882" lon="128.98365">
        <ele>4.8</ele>
      </trkpt>
      <trkpt lat="35.30899" lon="128.98338">
        <ele>5.0</ele>
      </trkpt>
      <trkpt lat="35.30911" lon="128.983229">
        <ele>5.1</ele>
      </trkpt>
      <trkpt lat="35.30932" lon="128.98301">
        <ele>5.6</ele>
      </trkpt>
      <trkpt lat="35.30933" lon="128.98279">
        <ele>5.8</ele>
      </trkpt>
      <trkpt lat="35.30932" lon="128.9827">
        <ele>5.8</ele>
      </trkpt>
      <trkpt lat="35.30928" lon="128.98258">
        <ele>5.9</ele>
      </trkpt>
      <trkpt lat="35.30906" lon="128.98237">
        <ele>6.1</ele>
      </trkpt>
      <trkpt lat="35.30877" lon="128.98213">
        <ele>5.8</ele>
      </trkpt>
      <trkpt lat="35.30862" lon="128.98199">
        <ele>5.7</ele>
      </trkpt>
      <trkpt lat="35.3085" lon="128.98191">
        <ele>5.6</ele>
      </trkpt>
      <trkpt lat="35.30855" lon="128.981788">
        <ele>5.6</ele>
      </trkpt>
      <trkpt lat="35.3089" lon="128.98124">
        <ele>6.4</ele>
      </trkpt>
      <trkpt lat="35.30909" lon="128.980888">
        <ele>6.8</ele>
      </trkpt>
      <trkpt lat="35.30938" lon="128.98029">
        <ele>7.3</ele>
      </trkpt>
      <trkpt lat="35.30988" lon="128.97966">
        <ele>7.4</ele>
      </trkpt>
      <trkpt lat="35.31016" lon="128.97927">
        <ele>9.4</ele>
      </trkpt>
      <trkpt lat="35.31024" lon="128.97915">
        <ele>10.4</ele>
      </trkpt>
      <trkpt lat="35.31025" lon="128.97907">
        <ele>10.2</ele>
      </trkpt>
      <trkpt lat="35.31024" lon="128.97896">
        <ele>9.6</ele>
      </trkpt>
      <trkpt lat="35.31035" lon="128.9789">
        <ele>10.7</ele>
      </trkpt>
      <trkpt lat="35.31041" lon="128.97882">
        <ele>11.0</ele>
      </trkpt>
      <trkpt lat="35.31061" lon="128.978479">
        <ele>11.1</ele>
      </trkpt>
      <trkpt lat="35.31075" lon="128.97828">
        <ele>11.0</ele>
      </trkpt>
      <trkpt lat="35.31079" lon="128.97824">
        <ele>11.1</ele>
      </trkpt>
      <trkpt lat="35.31079" lon="128.97824">
        <ele>11.1</ele>
      </trkpt>
      <trkpt lat="35.31087" lon="128.97817">
        <ele>11.7</ele>
      </trkpt>
      <trkpt lat="35.31107" lon="128.97801">
        <ele>13.5</ele>
      </trkpt>
      <trkpt lat="35.31125" lon="128.977748">
        <ele>12.3</ele>
      </trkpt>
      <trkpt lat="35.31155" lon="128.97761">
        <ele>11.9</ele>
      </trkpt>
      <trkpt lat="35.31197" lon="128.97733">
        <ele>12.4</ele>
      </trkpt>
      <trkpt lat="35.31244" lon="128.97692">
        <ele>12.6</ele>
      </trkpt>
      <trkpt lat="35.31293" lon="128.976509">
        <ele>10.9</ele>
      </trkpt>
      <trkpt lat="35.31333" lon="128.97619">
        <ele>10.7</ele>
      </trkpt>
      <trkpt lat="35.31374" lon="128.975868">
        <ele>10.9</ele>
      </trkpt>
      <trkpt lat="35.31427" lon="128.975428">
        <ele>11.6</ele>
      </trkpt>
      <trkpt lat="35.3148" lon="128.975">
        <ele>12.3</ele>
      </trkpt>
      <trkpt lat="35.31499" lon="128.97484">
        <ele>12.0</ele>
      </trkpt>
      <trkpt lat="35.31522" lon="128.97468">
        <ele>12.7</ele>
      </trkpt>
      <trkpt lat="35.31554" lon="128.97441">
        <ele>10.9</ele>
      </trkpt>
      <trkpt lat="35.3158" lon="128.97424">
        <ele>10.9</ele>
      </trkpt>
      <trkpt lat="35.31607" lon="128.974078">
        <ele>10.9</ele>
      </trkpt>
      <trkpt lat="35.31632" lon="128.97395">
        <ele>11.0</ele>
      </trkpt>
      <trkpt lat="35.31647" lon="128.97394">
        <ele>11.0</ele>
      </trkpt>
      <trkpt lat="35.31658" lon="128.97389">
        <ele>11.0</ele>
      </trkpt>
      <trkpt lat="35.31658" lon="128.97389">
        <ele>11.0</ele>
      </trkpt>
      <trkpt lat="35.31682" lon="128.9738">
        <ele>11.1</ele>
      </trkpt>
      <trkpt lat="35.31694" lon="128.97362">
        <ele>11.1</ele>
      </trkpt>
      <trkpt lat="35.317" lon="128.97357">
        <ele>11.1</ele>
      </trkpt>
      <trkpt lat="35.31712" lon="128.97352">
        <ele>11.1</ele>
      </trkpt>
      <trkpt lat="35.31741" lon="128.9734">
        <ele>11.2</ele>
      </trkpt>
      <trkpt lat="35.31792" lon="128.97331">
        <ele>11.3</ele>
      </trkpt>
      <trkpt lat="35.31797" lon="128.97331">
        <ele>11.3</ele>
      </trkpt>
      <trkpt lat="35.31828" lon="128.9734">
        <ele>11.3</ele>
      </trkpt>
      <trkpt lat="35.31883" lon="128.9734">
        <ele>11.4</ele>
      </trkpt>
      <trkpt lat="35.31938" lon="128.97336">
        <ele>11.5</ele>
      </trkpt>
      <trkpt lat="35.31985" lon="128.973469">
        <ele>11.6</ele>
      </trkpt>
      <trkpt lat="35.32032" lon="128.97351">
        <ele>11.7</ele>
      </trkpt>
      <trkpt lat="35.32099" lon="128.97351">
        <ele>11.8</ele>
      </trkpt>
      <trkpt lat="35.32141" lon="128.973559">
        <ele>11.9</ele>
      </trkpt>
      <trkpt lat="35.32191" lon="128.97366">
        <ele>11.9</ele>
      </trkpt>
      <trkpt lat="35.3223" lon="128.97371">
        <ele>12.0</ele>
      </trkpt>
      <trkpt lat="35.32238" lon="128.973728">
        <ele>12.0</ele>
      </trkpt>
      <trkpt lat="35.32255" lon="128.973808">
        <ele>12.1</ele>
      </trkpt>
      <trkpt lat="35.32255" lon="128.973808">
        <ele>12.1</ele>
      </trkpt>
      <trkpt lat="35.32275" lon="128.973898">
        <ele>12.1</ele>
      </trkpt>
      <trkpt lat="35.32321" lon="128.97414">
        <ele>12.2</ele>
      </trkpt>
      <trkpt lat="35.32329" lon="128.974178">
        <ele>12.2</ele>
      </trkpt>
      <trkpt lat="35.32336" lon="128.97419">
        <ele>12.2</ele>
      </trkpt>
      <trkpt lat="35.32358" lon="128.97419">
        <ele>12.2</ele>
      </trkpt>
      <trkpt lat="35.32366" lon="128.97421">
        <ele>12.2</ele>
      </trkpt>
      <trkpt lat="35.32387" lon="128.974268">
        <ele>12.3</ele>
      </trkpt>
      <trkpt lat="35.32398" lon="128.97428">
        <ele>12.3</ele>
      </trkpt>
      <trkpt lat="35.32429" lon="128.974258">
        <ele>12.4</ele>
      </trkpt>
      <trkpt lat="35.32454" lon="128.974258">
        <ele>11.4</ele>
      </trkpt>
      <trkpt lat="35.32492" lon="128.97428">
        <ele>10.3</ele>
      </trkpt>
      <trkpt lat="35.32508" lon="128.97425">
        <ele>9.8</ele>
      </trkpt>
      <trkpt lat="35.32523" lon="128.97424">
        <ele>10.5</ele>
      </trkpt>
      <trkpt lat="35.32557" lon="128.97434">
        <ele>16.0</ele>
      </trkpt>
      <trkpt lat="35.32579" lon="128.974359">
        <ele>18.4</ele>
      </trkpt>
      <trkpt lat="35.32594" lon="128.974348">
        <ele>18.9</ele>
      </trkpt>
      <trkpt lat="35.32619" lon="128.97432">
        <ele>18.9</ele>
      </trkpt>
      <trkpt lat="35.32673" lon="128.97422">
        <ele>17.7</ele>
      </trkpt>
      <trkpt lat="35.32709" lon="128.97406">
        <ele>16.9</ele>
      </trkpt>
      <trkpt lat="35.32717" lon="128.97403">
        <ele>16.9</ele>
      </trkpt>
      <trkpt lat="35.32776" lon="128.97389">
        <ele>16.7</ele>
      </trkpt>
      <trkpt lat="35.32793" lon="128.97389">
        <ele>17.1</ele>
      </trkpt>
      <trkpt lat="35.32821" lon="128.973818">
        <ele>16.4</ele>
      </trkpt>
      <trkpt lat="35.32872" lon="128.973718">
        <ele>15.0</ele>
      </trkpt>
      <trkpt lat="35.32895" lon="128.973638">
        <ele>13.5</ele>
      </trkpt>
      <trkpt lat="35.32895" lon="128.973638">
        <ele>13.5</ele>
      </trkpt>
      <trkpt lat="35.32938" lon="128.973458">
        <ele>11.5</ele>
      </trkpt>
      <trkpt lat="35.33008" lon="128.97318">
        <ele>12.1</ele>
      </trkpt>
      <trkpt lat="35.33028" lon="128.97307">
        <ele>11.9</ele>
      </trkpt>
      <trkpt lat="35.33051" lon="128.972918">
        <ele>11.3</ele>
      </trkpt>
      <trkpt lat="35.33097" lon="128.97261">
        <ele>9.5</ele>
      </trkpt>
      <trkpt lat="35.33139" lon="128.97228">
        <ele>9.0</ele>
      </trkpt>
      <trkpt lat="35.33167" lon="128.97204">
        <ele>9.4</ele>
      </trkpt>
      <trkpt lat="35.33181" lon="128.9719">
        <ele>8.6</ele>
      </trkpt>
      <trkpt lat="35.33197" lon="128.97174">
        <ele>7.4</ele>
      </trkpt>
      <trkpt lat="35.33228" lon="128.97133">
        <ele>4.6</ele>
      </trkpt>
      <trkpt lat="35.3326" lon="128.97092">
        <ele>3.3</ele>
      </trkpt>
      <trkpt lat="35.33272" lon="128.97081">
        <ele>3.5</ele>
      </trkpt>
      <trkpt lat="35.33297" lon="128.97092">
        <ele>4.1</ele>
      </trkpt>
      <trkpt lat="35.33302" lon="128.97098">
        <ele>4.2</ele>
      </trkpt>
      <trkpt lat="35.33304" lon="128.971038">
        <ele>4.2</ele>
      </trkpt>
      <trkpt lat="35.33308" lon="128.97121">
        <ele>4.2</ele>
      </trkpt>
      <trkpt lat="35.33311" lon="128.97128">
        <ele>4.2</ele>
      </trkpt>
      <trkpt lat="35.33349" lon="128.972">
        <ele>6.7</ele>
      </trkpt>
      <trkpt lat="35.33365" lon="128.97228">
        <ele>9.4</ele>
      </trkpt>
      <trkpt lat="35.33399" lon="128.9724">
        <ele>11.5</ele>
      </trkpt>
      <trkpt lat="35.33408" lon="128.97245">
        <ele>12.2</ele>
      </trkpt>
      <trkpt lat="35.33423" lon="128.972558">
        <ele>13.8</ele>
      </trkpt>
      <trkpt lat="35.3343" lon="128.97267">
        <ele>15.5</ele>
      </trkpt>
      <trkpt lat="35.33447" lon="128.97295">
        <ele>20.0</ele>
      </trkpt>
      <trkpt lat="35.33456" lon="128.97305">
        <ele>21.5</ele>
      </trkpt>
      <trkpt lat="35.3346" lon="128.97307">
        <ele>21.7</ele>
      </trkpt>
      <trkpt lat="35.33469" lon="128.973098">
        <ele>21.8</ele>
      </trkpt>
      <trkpt lat="35.33508" lon="128.97312">
        <ele>20.2</ele>
      </trkpt>
      <trkpt lat="35.33513" lon="128.97315">
        <ele>20.5</ele>
      </trkpt>
      <trkpt lat="35.33517" lon="128.973188">
        <ele>21.0</ele>
      </trkpt>
      <trkpt lat="35.33522" lon="128.97331">
        <ele>23.0</ele>
      </trkpt>
      <trkpt lat="35.33536" lon="128.97332">
        <ele>22.2</ele>
      </trkpt>
      <trkpt lat="35.33586" lon="128.97345">
        <ele>22.4</ele>
      </trkpt>
      <trkpt lat="35.335861" lon="128.973445">
        <ele>22.2</ele>
      </trkpt>
      <trkpt lat="35.33616" lon="128.97349">
        <ele>21.0</ele>
      </trkpt>
      <trkpt lat="35.33638" lon="128.97349">
        <ele>19.0</ele>
      </trkpt>
      <trkpt lat="35.33649" lon="128.9735">
        <ele>18.4</ele>
      </trkpt>
      <trkpt lat="35.3366" lon="128.97352">
        <ele>18.1</ele>
      </trkpt>
      <trkpt lat="35.33684" lon="128.97359">
        <ele>17.6</ele>
      </trkpt>
      <trkpt lat="35.33768" lon="128.97394">
        <ele>14.4</ele>
      </trkpt>
      <trkpt lat="35.33829" lon="128.97422">
        <ele>11.6</ele>
      </trkpt>
      <trkpt lat="35.3384" lon="128.974257">
        <ele>11.3</ele>
      </trkpt>
      <trkpt lat="35.33884" lon="128.974268">
        <ele>9.1</ele>
      </trkpt>
      <trkpt lat="35.33917" lon="128.974359">
        <ele>8.6</ele>
      </trkpt>
      <trkpt lat="35.3398" lon="128.97461">
        <ele>12.8</ele>
      </trkpt>
      <trkpt lat="35.34043" lon="128.97486">
        <ele>11.5</ele>
      </trkpt>
      <trkpt lat="35.34059" lon="128.974978">
        <ele>10.2</ele>
      </trkpt>
      <trkpt lat="35.34069" lon="128.97511">
        <ele>10.0</ele>
      </trkpt>
      <trkpt lat="35.34088" lon="128.97565">
        <ele>12.5</ele>
      </trkpt>
      <trkpt lat="35.34109" lon="128.97645">
        <ele>18.0</ele>
      </trkpt>
      <trkpt lat="35.34128" lon="128.97682">
        <ele>16.3</ele>
      </trkpt>
      <trkpt lat="35.34155" lon="128.9772">
        <ele>12.4</ele>
      </trkpt>
      <trkpt lat="35.34184" lon="128.977488">
        <ele>10.3</ele>
      </trkpt>
      <trkpt lat="35.34225" lon="128.97774">
        <ele>8.2</ele>
      </trkpt>
      <trkpt lat="35.34267" lon="128.97798">
        <ele>6.6</ele>
      </trkpt>
      <trkpt lat="35.34324" lon="128.97828">
        <ele>7.0</ele>
      </trkpt>
      <trkpt lat="35.34373" lon="128.978479">
        <ele>7.1</ele>
      </trkpt>
      <trkpt lat="35.34398" lon="128.97853">
        <ele>6.9</ele>
      </trkpt>
      <trkpt lat="35.34443" lon="128.97859">
        <ele>6.5</ele>
      </trkpt>
      <trkpt lat="35.34463" lon="128.978828">
        <ele>6.9</ele>
      </trkpt>
      <trkpt lat="35.34489" lon="128.97912">
        <ele>7.1</ele>
      </trkpt>
      <trkpt lat="35.34505" lon="128.979368">
        <ele>7.8</ele>
      </trkpt>
      <trkpt lat="35.3454" lon="128.98001">
        <ele>9.1</ele>
      </trkpt>
      <trkpt lat="35.34566" lon="128.98064">
        <ele>9.8</ele>
      </trkpt>
      <trkpt lat="35.34588" lon="128.98129">
        <ele>9.4</ele>
      </trkpt>
      <trkpt lat="35.34608" lon="128.98198">
        <ele>9.9</ele>
      </trkpt>
      <trkpt lat="35.34618" lon="128.9822">
        <ele>10.1</ele>
      </trkpt>
      <trkpt lat="35.34644" lon="128.98244">
        <ele>10.1</ele>
      </trkpt>
      <trkpt lat="35.34709" lon="128.98276">
        <ele>10.1</ele>
      </trkpt>
      <trkpt lat="35.34774" lon="128.98309">
        <ele>9.7</ele>
      </trkpt>
      <trkpt lat="35.34839" lon="128.983409">
        <ele>10.1</ele>
      </trkpt>
      <trkpt lat="35.34904" lon="128.98374">
        <ele>9.7</ele>
      </trkpt>
      <trkpt lat="35.34949" lon="128.98395">
        <ele>9.4</ele>
      </trkpt>
      <trkpt lat="35.34993" lon="128.98416">
        <ele>9.9</ele>
      </trkpt>
      <trkpt lat="35.3502" lon="128.98441">
        <ele>10.9</ele>
      </trkpt>
      <trkpt lat="35.3502" lon="128.98441">
        <ele>10.9</ele>
      </trkpt>
      <trkpt lat="35.35029" lon="128.98449">
        <ele>11.2</ele>
      </trkpt>
      <trkpt lat="35.35054" lon="128.98478">
        <ele>11.8</ele>
      </trkpt>
      <trkpt lat="35.35083" lon="128.98517">
        <ele>12.6</ele>
      </trkpt>
      <trkpt lat="35.35102" lon="128.98531">
        <ele>14.2</ele>
      </trkpt>
      <trkpt lat="35.35117" lon="128.985379">
        <ele>14.9</ele>
      </trkpt>
      <trkpt lat="35.3518" lon="128.98567">
        <ele>16.1</ele>
      </trkpt>
      <trkpt lat="35.35244" lon="128.98596">
        <ele>15.7</ele>
      </trkpt>
      <trkpt lat="35.35308" lon="128.98625">
        <ele>19.3</ele>
      </trkpt>
      <trkpt lat="35.35372" lon="128.98655">
        <ele>20.4</ele>
      </trkpt>
      <trkpt lat="35.35418" lon="128.98678">
        <ele>20.6</ele>
      </trkpt>
      <trkpt lat="35.35464" lon="128.98702">
        <ele>22.3</ele>
      </trkpt>
      <trkpt lat="35.35531" lon="128.98763">
        <ele>25.1</ele>
      </trkpt>
      <trkpt lat="35.35582" lon="128.98795">
        <ele>25.7</ele>
      </trkpt>
      <trkpt lat="35.3561" lon="128.98817">
        <ele>27.0</ele>
      </trkpt>
      <trkpt lat="35.35654" lon="128.98829">
        <ele>27.1</ele>
      </trkpt>
      <trkpt lat="35.35673" lon="128.98843">
        <ele>28.3</ele>
      </trkpt>
      <trkpt lat="35.35733" lon="128.988689">
        <ele>34.4</ele>
      </trkpt>
      <trkpt lat="35.35793" lon="128.988948">
        <ele>39.7</ele>
      </trkpt>
      <trkpt lat="35.35851" lon="128.98918">
        <ele>41.9</ele>
      </trkpt>
      <trkpt lat="35.35909" lon="128.989409">
        <ele>50.5</ele>
      </trkpt>
      <trkpt lat="35.3593" lon="128.98944">
        <ele>52.0</ele>
      </trkpt>
      <trkpt lat="35.35947" lon="128.98944">
        <ele>52.6</ele>
      </trkpt>
      <trkpt lat="35.36008" lon="128.989387">
        <ele>52.6</ele>
      </trkpt>
      <trkpt lat="35.36028" lon="128.98933">
        <ele>50.2</ele>
      </trkpt>
      <trkpt lat="35.3606" lon="128.98929">
        <ele>48.4</ele>
      </trkpt>
      <trkpt lat="35.36074" lon="128.989319">
        <ele>49.0</ele>
      </trkpt>
      <trkpt lat="35.3611" lon="128.98953">
        <ele>53.2</ele>
      </trkpt>
      <trkpt lat="35.361098" lon="128.989545">
        <ele>53.6</ele>
      </trkpt>
      <trkpt lat="35.3611" lon="128.98953">
        <ele>53.2</ele>
      </trkpt>
      <trkpt lat="35.36158" lon="128.9898">
        <ele>55.7</ele>
      </trkpt>
      <trkpt lat="35.36229" lon="128.99027">
        <ele>63.0</ele>
      </trkpt>
      <trkpt lat="35.36294" lon="128.990749">
        <ele>68.5</ele>
      </trkpt>
      <trkpt lat="35.36332" lon="128.99122">
        <ele>76.9</ele>
      </trkpt>
      <trkpt lat="35.36362" lon="128.99167">
        <ele>82.9</ele>
      </trkpt>
      <trkpt lat="35.36392" lon="128.99213">
        <ele>86.5</ele>
      </trkpt>
      <trkpt lat="35.36413" lon="128.99267">
        <ele>89.1</ele>
      </trkpt>
      <trkpt lat="35.36448" lon="128.99359">
        <ele>100.8</ele>
      </trkpt>
      <trkpt lat="35.36466" lon="128.994408">
        <ele>109.1</ele>
      </trkpt>
      <trkpt lat="35.36484" lon="128.99524">
        <ele>114.1</ele>
      </trkpt>
      <trkpt lat="35.36478" lon="128.996">
        <ele>125.2</ele>
      </trkpt>
      <trkpt lat="35.36472" lon="128.99677">
        <ele>135.6</ele>
      </trkpt>
      <trkpt lat="35.36466" lon="128.99753">
        <ele>144.7</ele>
      </trkpt>
      <trkpt lat="35.3647" lon="128.99821">
        <ele>153.1</ele>
      </trkpt>
      <trkpt lat="35.36449" lon="128.99893">
        <ele>169.1</ele>
      </trkpt>
      <trkpt lat="35.36452" lon="128.9991">
        <ele>169.5</ele>
      </trkpt>
      <trkpt lat="35.36487" lon="128.99982">
        <ele>167.5</ele>
      </trkpt>
      <trkpt lat="35.36489" lon="128.99994">
        <ele>168.7</ele>
      </trkpt>
      <trkpt lat="35.36483" lon="129.00018">
        <ele>175.6</ele>
      </trkpt>
      <trkpt lat="35.36473" lon="129.00034">
        <ele>181.4</ele>
      </trkpt>
      <trkpt lat="35.3646" lon="129.00038">
        <ele>184.2</ele>
      </trkpt>
      <trkpt lat="35.36418" lon="129.00022">
        <ele>188.4</ele>
      </trkpt>
      <trkpt lat="35.36406" lon="129.00027">
        <ele>192.6</ele>
      </trkpt>
      <trkpt lat="35.364" lon="129.000318">
        <ele>195.2</ele>
      </trkpt>
      <trkpt lat="35.36391" lon="129.00044">
        <ele>199.8</ele>
      </trkpt>
      <trkpt lat="35.36389" lon="129.00055">
        <ele>202.0</ele>
      </trkpt>
      <trkpt lat="35.36405" lon="129.001139">
        <ele>206.9</ele>
      </trkpt>
      <trkpt lat="35.3641" lon="129.00178">
        <ele>218.4</ele>
      </trkpt>
      <trkpt lat="35.36415" lon="129.00242">
        <ele>229.1</ele>
      </trkpt>
      <trkpt lat="35.36421" lon="129.00254">
        <ele>231.6</ele>
      </trkpt>
      <trkpt lat="35.36426" lon="129.00259">
        <ele>233.5</ele>
      </trkpt>
      <trkpt lat="35.36435" lon="129.00263">
        <ele>235.8</ele>
      </trkpt>
      <trkpt lat="35.36444" lon="129.002659">
        <ele>237.9</ele>
      </trkpt>
      <trkpt lat="35.36449" lon="129.00264">
        <ele>238.1</ele>
      </trkpt>
      <trkpt lat="35.36457" lon="129.00259">
        <ele>237.9</ele>
      </trkpt>
      <trkpt lat="35.36473" lon="129.00236">
        <ele>233.6</ele>
      </trkpt>
      <trkpt lat="35.36483" lon="129.00231">
        <ele>233.3</ele>
      </trkpt>
      <trkpt lat="35.36488" lon="129.002299">
        <ele>233.5</ele>
      </trkpt>
      <trkpt lat="35.36492" lon="129.002299">
        <ele>233.9</ele>
      </trkpt>
      <trkpt lat="35.36504" lon="129.00235">
        <ele>237.3</ele>
      </trkpt>
      <trkpt lat="35.36535" lon="129.00281">
        <ele>259.2</ele>
      </trkpt>
      <trkpt lat="35.3654" lon="129.00285">
        <ele>261.7</ele>
      </trkpt>
      <trkpt lat="35.36547" lon="129.00287">
        <ele>264.0</ele>
      </trkpt>
      <trkpt lat="35.36551" lon="129.00288">
        <ele>265.2</ele>
      </trkpt>
      <trkpt lat="35.36558" lon="129.00287">
        <ele>266.5</ele>
      </trkpt>
      <trkpt lat="35.36563" lon="129.00285">
        <ele>267.0</ele>
      </trkpt>
      <trkpt lat="35.36568" lon="129.00282">
        <ele>267.2</ele>
      </trkpt>
      <trkpt lat="35.36572" lon="129.00277">
        <ele>266.4</ele>
      </trkpt>
      <trkpt lat="35.3659" lon="129.00236">
        <ele>257.7</ele>
      </trkpt>
      <trkpt lat="35.36597" lon="129.00228">
        <ele>257.2</ele>
      </trkpt>
      <trkpt lat="35.36608" lon="129.00223">
        <ele>258.5</ele>
      </trkpt>
      <trkpt lat="35.36612" lon="129.00223">
        <ele>259.6</ele>
      </trkpt>
      <trkpt lat="35.36672" lon="129.00237">
        <ele>279.3</ele>
      </trkpt>
      <trkpt lat="35.36678" lon="129.00237">
        <ele>280.9</ele>
      </trkpt>
      <trkpt lat="35.36683" lon="129.00233">
        <ele>280.9</ele>
      </trkpt>
      <trkpt lat="35.36693" lon="129.00224">
        <ele>280.8</ele>
      </trkpt>
      <trkpt lat="35.36734" lon="129.00173">
        <ele>277.2</ele>
      </trkpt>
      <trkpt lat="35.36742" lon="129.00164">
        <ele>276.8</ele>
      </trkpt>
      <trkpt lat="35.36747" lon="129.00162">
        <ele>277.6</ele>
      </trkpt>
      <trkpt lat="35.36792" lon="129.001669">
        <ele>286.6</ele>
      </trkpt>
      <trkpt lat="35.36837" lon="129.00171">
        <ele>293.6</ele>
      </trkpt>
      <trkpt lat="35.36864" lon="129.0017">
        <ele>294.4</ele>
      </trkpt>
      <trkpt lat="35.36863" lon="129.0017">
        <ele>294.4</ele>
      </trkpt>
      <trkpt lat="35.36863" lon="129.0017">
        <ele>294.4</ele>
      </trkpt>
      <trkpt lat="35.36864" lon="129.0017">
        <ele>294.4</ele>
      </trkpt>
      <trkpt lat="35.36943" lon="129.00165">
        <ele>295.5</ele>
      </trkpt>
      <trkpt lat="35.37005" lon="129.00181">
        <ele>285.8</ele>
      </trkpt>
      <trkpt lat="35.37067" lon="129.00198">
        <ele>280.0</ele>
      </trkpt>
      <trkpt lat="35.37082" lon="129.00198">
        <ele>280.1</ele>
      </trkpt>
      <trkpt lat="35.37089" lon="129.002">
        <ele>280.6</ele>
      </trkpt>
      <trkpt lat="35.37109" lon="129.00207">
        <ele>282.5</ele>
      </trkpt>
      <trkpt lat="35.37122" lon="129.00219">
        <ele>281.7</ele>
      </trkpt>
      <trkpt lat="35.37127" lon="129.00228">
        <ele>280.3</ele>
      </trkpt>
      <trkpt lat="35.37129" lon="129.00241">
        <ele>277.1</ele>
      </trkpt>
      <trkpt lat="35.37129" lon="129.002569">
        <ele>275.2</ele>
      </trkpt>
      <trkpt lat="35.37126" lon="129.00276">
        <ele>275.8</ele>
      </trkpt>
      <trkpt lat="35.37115" lon="129.00295">
        <ele>273.9</ele>
      </trkpt>
      <trkpt lat="35.37103" lon="129.00303">
        <ele>270.7</ele>
      </trkpt>
      <trkpt lat="35.37026" lon="129.003368">
        <ele>251.1</ele>
      </trkpt>
      <trkpt lat="35.37021" lon="129.00338">
        <ele>249.8</ele>
      </trkpt>
      <trkpt lat="35.36964" lon="129.00325">
        <ele>250.8</ele>
      </trkpt>
      <trkpt lat="35.36955" lon="129.00326">
        <ele>251.8</ele>
      </trkpt>
      <trkpt lat="35.36947" lon="129.003278">
        <ele>252.4</ele>
      </trkpt>
      <trkpt lat="35.36931" lon="129.00338">
        <ele>252.0</ele>
      </trkpt>
      <trkpt lat="35.36924" lon="129.003458">
        <ele>250.8</ele>
      </trkpt>
      <trkpt lat="35.36918" lon="129.00356">
        <ele>248.7</ele>
      </trkpt>
      <trkpt lat="35.36888" lon="129.004269">
        <ele>243.9</ele>
      </trkpt>
      <trkpt lat="35.36859" lon="129.004978">
        <ele>237.6</ele>
      </trkpt>
      <trkpt lat="35.36848" lon="129.00586">
        <ele>224.8</ele>
      </trkpt>
      <trkpt lat="35.36837" lon="129.00674">
        <ele>209.4</ele>
      </trkpt>
      <trkpt lat="35.36826" lon="129.00762">
        <ele>208.9</ele>
      </trkpt>
      <trkpt lat="35.36828" lon="129.00772">
        <ele>206.4</ele>
      </trkpt>
      <trkpt lat="35.36832" lon="129.00782">
        <ele>203.0</ele>
      </trkpt>
      <trkpt lat="35.3684" lon="129.00789">
        <ele>198.8</ele>
      </trkpt>
      <trkpt lat="35.36848" lon="129.00792">
        <ele>195.2</ele>
      </trkpt>
      <trkpt lat="35.36853" lon="129.00792">
        <ele>193.3</ele>
      </trkpt>
      <trkpt lat="35.36864" lon="129.00789">
        <ele>189.4</ele>
      </trkpt>
      <trkpt lat="35.36868" lon="129.00786">
        <ele>188.3</ele>
      </trkpt>
      <trkpt lat="35.36919" lon="129.00736">
        <ele>176.5</ele>
      </trkpt>
      <trkpt lat="35.36925" lon="129.00732">
        <ele>176.9</ele>
      </trkpt>
      <trkpt lat="35.36937" lon="129.00728">
        <ele>177.5</ele>
      </trkpt>
      <trkpt lat="35.36943" lon="129.007298">
        <ele>177.3</ele>
      </trkpt>
      <trkpt lat="35.3695" lon="129.00733">
        <ele>176.8</ele>
      </trkpt>
      <trkpt lat="35.36956" lon="129.007388">
        <ele>175.6</ele>
      </trkpt>
      <trkpt lat="35.3696" lon="129.00745">
        <ele>174.4</ele>
      </trkpt>
      <trkpt lat="35.36981" lon="129.00816">
        <ele>165.4</ele>
      </trkpt>
      <trkpt lat="35.36982" lon="129.008389">
        <ele>163.4</ele>
      </trkpt>
      <trkpt lat="35.36968" lon="129.00934">
        <ele>156.3</ele>
      </trkpt>
      <trkpt lat="35.36954" lon="129.01029">
        <ele>140.7</ele>
      </trkpt>
      <trkpt lat="35.36958" lon="129.01127">
        <ele>130.7</ele>
      </trkpt>
      <trkpt lat="35.36962" lon="129.01226">
        <ele>118.5</ele>
      </trkpt>
      <trkpt lat="35.36961" lon="129.01244">
        <ele>116.3</ele>
      </trkpt>
      <trkpt lat="35.36958" lon="129.01254">
        <ele>115.5</ele>
      </trkpt>
      <trkpt lat="35.36953" lon="129.012689">
        <ele>115.4</ele>
      </trkpt>
      <trkpt lat="35.36943" lon="129.012959">
        <ele>115.5</ele>
      </trkpt>
      <trkpt lat="35.36939" lon="129.013118">
        <ele>115.8</ele>
      </trkpt>
      <trkpt lat="35.36938" lon="129.01324">
        <ele>115.9</ele>
      </trkpt>
      <trkpt lat="35.36938" lon="129.013388">
        <ele>116.3</ele>
      </trkpt>
      <trkpt lat="35.36938" lon="129.01353">
        <ele>117.2</ele>
      </trkpt>
      <trkpt lat="35.369388" lon="129.013534">
        <ele>117.1</ele>
      </trkpt>
      <trkpt lat="35.36938" lon="129.01353">
        <ele>117.2</ele>
      </trkpt>
      <trkpt lat="35.36941" lon="129.01369">
        <ele>117.9</ele>
      </trkpt>
      <trkpt lat="35.36956" lon="129.01405">
        <ele>118.6</ele>
      </trkpt>
      <trkpt lat="35.37018" lon="129.013657">
        <ele>113.5</ele>
      </trkpt>
      <trkpt lat="35.3708" lon="129.01326">
        <ele>112.8</ele>
      </trkpt>
      <trkpt lat="35.37141" lon="129.012858">
        <ele>128.9</ele>
      </trkpt>
      <trkpt lat="35.37169" lon="129.01336">
        <ele>120.8</ele>
      </trkpt>
      <trkpt lat="35.37196" lon="129.01386">
        <ele>123.6</ele>
      </trkpt>
      <trkpt lat="35.37227" lon="129.014378">
        <ele>121.3</ele>
      </trkpt>
      <trkpt lat="35.37258" lon="129.0149">
        <ele>117.3</ele>
      </trkpt>
      <trkpt lat="35.37305" lon="129.01575">
        <ele>116.4</ele>
      </trkpt>
      <trkpt lat="35.37351" lon="129.01659">
        <ele>111.3</ele>
      </trkpt>
      <trkpt lat="35.37351" lon="129.01659">
        <ele>111.3</ele>
      </trkpt>
      <trkpt lat="35.37363" lon="129.016798">
        <ele>111.0</ele>
      </trkpt>
      <trkpt lat="35.374" lon="129.01757">
        <ele>107.7</ele>
      </trkpt>
      <trkpt lat="35.37446" lon="129.01847">
        <ele>98.7</ele>
      </trkpt>
      <trkpt lat="35.37523" lon="129.01847">
        <ele>104.5</ele>
      </trkpt>
      <trkpt lat="35.37601" lon="129.01848">
        <ele>107.2</ele>
      </trkpt>
      <trkpt lat="35.37679" lon="129.01848">
        <ele>110.5</ele>
      </trkpt>
      <trkpt lat="35.37756" lon="129.01849">
        <ele>112.3</ele>
      </trkpt>
      <trkpt lat="35.37843" lon="129.01848">
        <ele>114.5</ele>
      </trkpt>
      <trkpt lat="35.3793" lon="129.01846">
        <ele>115.6</ele>
      </trkpt>
      <trkpt lat="35.38017" lon="129.01845">
        <ele>115.0</ele>
      </trkpt>
      <trkpt lat="35.38071" lon="129.01802">
        <ele>119.9</ele>
      </trkpt>
      <trkpt lat="35.38126" lon="129.01759">
        <ele>117.9</ele>
      </trkpt>
      <trkpt lat="35.3818" lon="129.017147">
        <ele>114.6</ele>
      </trkpt>
      <trkpt lat="35.38232" lon="129.016719">
        <ele>116.4</ele>
      </trkpt>
      <trkpt lat="35.38284" lon="129.01629">
        <ele>121.5</ele>
      </trkpt>
      <trkpt lat="35.38336" lon="129.01586">
        <ele>120.7</ele>
      </trkpt>
      <trkpt lat="35.38347" lon="129.01585">
        <ele>121.2</ele>
      </trkpt>
      <trkpt lat="35.3836" lon="129.01593">
        <ele>120.3</ele>
      </trkpt>
      <trkpt lat="35.38393" lon="129.016539">
        <ele>108.7</ele>
      </trkpt>
      <trkpt lat="35.383987" lon="129.016644">
        <ele>106.3</ele>
      </trkpt>
      <trkpt lat="35.38399" lon="129.01664">
        <ele>106.4</ele>
      </trkpt>
      <trkpt lat="35.38426" lon="129.01714">
        <ele>99.7</ele>
      </trkpt>
      <trkpt lat="35.38452" lon="129.01763">
        <ele>92.6</ele>
      </trkpt>
      <trkpt lat="35.38478" lon="129.01813">
        <ele>86.9</ele>
      </trkpt>
      <trkpt lat="35.38478" lon="129.01813">
        <ele>86.9</ele>
      </trkpt>
      <trkpt lat="35.38495" lon="129.01847">
        <ele>81.7</ele>
      </trkpt>
      <trkpt lat="35.38498" lon="129.01854">
        <ele>80.5</ele>
      </trkpt>
      <trkpt lat="35.38503" lon="129.018588">
        <ele>79.1</ele>
      </trkpt>
      <trkpt lat="35.38503" lon="129.018588">
        <ele>79.1</ele>
      </trkpt>
      <trkpt lat="35.38503" lon="129.018588">
        <ele>79.1</ele>
      </trkpt>
      <trkpt lat="35.38528" lon="129.0188">
        <ele>72.3</ele>
      </trkpt>
      <trkpt lat="35.38576" lon="129.01864">
        <ele>65.2</ele>
      </trkpt>
      <trkpt lat="35.38624" lon="129.01849">
        <ele>67.1</ele>
      </trkpt>
      <trkpt lat="35.38629" lon="129.018577">
        <ele>67.4</ele>
      </trkpt>
      <trkpt lat="35.38656" lon="129.01915">
        <ele>69.5</ele>
      </trkpt>
      <trkpt lat="35.38663" lon="129.01932">
        <ele>70.1</ele>
      </trkpt>
      <trkpt lat="35.38708" lon="129.01899">
        <ele>72.2</ele>
      </trkpt>
      <trkpt lat="35.387079" lon="129.018982">
        <ele>72.2</ele>
      </trkpt>
      <trkpt lat="35.3873" lon="129.01882">
        <ele>72.6</ele>
      </trkpt>
      <trkpt lat="35.38763" lon="129.01855">
        <ele>72.5</ele>
      </trkpt>
      <trkpt lat="35.38799" lon="129.01818">
        <ele>71.9</ele>
      </trkpt>
      <trkpt lat="35.38835" lon="129.01773">
        <ele>72.4</ele>
      </trkpt>
      <trkpt lat="35.3887" lon="129.01728">
        <ele>73.6</ele>
      </trkpt>
      <trkpt lat="35.3888" lon="129.01709">
        <ele>74.1</ele>
      </trkpt>
      <trkpt lat="35.38894" lon="129.01676">
        <ele>75.7</ele>
      </trkpt>
      <trkpt lat="35.38909" lon="129.01643">
        <ele>77.4</ele>
      </trkpt>
      <trkpt lat="35.38933" lon="129.0161">
        <ele>79.4</ele>
      </trkpt>
      <trkpt lat="35.38969" lon="129.01585">
        <ele>80.3</ele>
      </trkpt>
      <trkpt lat="35.39018" lon="129.01558">
        <ele>81.5</ele>
      </trkpt>
      <trkpt lat="35.39046" lon="129.01541">
        <ele>82.2</ele>
      </trkpt>
      <trkpt lat="35.39114" lon="129.014727">
        <ele>86.7</ele>
      </trkpt>
      <trkpt lat="35.39143" lon="129.01445">
        <ele>88.7</ele>
      </trkpt>
      <trkpt lat="35.39211" lon="129.013838">
        <ele>94.9</ele>
      </trkpt>
      <trkpt lat="35.39279" lon="129.013218">
        <ele>99.3</ele>
      </trkpt>
      <trkpt lat="35.39347" lon="129.01261">
        <ele>99.9</ele>
      </trkpt>
      <trkpt lat="35.39362" lon="129.012408">
        <ele>100.6</ele>
      </trkpt>
      <trkpt lat="35.39373" lon="129.012228">
        <ele>101.6</ele>
      </trkpt>
      <trkpt lat="35.39414" lon="129.0113">
        <ele>101.0</ele>
      </trkpt>
      <trkpt lat="35.39428" lon="129.010888">
        <ele>102.8</ele>
      </trkpt>
      <trkpt lat="35.39445" lon="129.0101">
        <ele>107.6</ele>
      </trkpt>
      <trkpt lat="35.39462" lon="129.00931">
        <ele>109.0</ele>
      </trkpt>
      <trkpt lat="35.39469" lon="129.00907">
        <ele>109.5</ele>
      </trkpt>
      <trkpt lat="35.39475" lon="129.008929">
        <ele>110.5</ele>
      </trkpt>
      <trkpt lat="35.3953" lon="129.00817">
        <ele>117.8</ele>
      </trkpt>
      <trkpt lat="35.39585" lon="129.00741">
        <ele>122.6</ele>
      </trkpt>
      <trkpt lat="35.3964" lon="129.00665">
        <ele>130.8</ele>
      </trkpt>
      <trkpt lat="35.39671" lon="129.0063">
        <ele>133.5</ele>
      </trkpt>
      <trkpt lat="35.39702" lon="129.005969">
        <ele>134.9</ele>
      </trkpt>
      <trkpt lat="35.39755" lon="129.00544">
        <ele>139.2</ele>
      </trkpt>
      <trkpt lat="35.39808" lon="129.004899">
        <ele>147.6</ele>
      </trkpt>
      <trkpt lat="35.39825" lon="129.00482">
        <ele>149.9</ele>
      </trkpt>
      <trkpt lat="35.39901" lon="129.00478">
        <ele>161.5</ele>
      </trkpt>
      <trkpt lat="35.3992" lon="129.004708">
        <ele>163.7</ele>
      </trkpt>
      <trkpt lat="35.39968" lon="129.00446">
        <ele>169.8</ele>
      </trkpt>
      <trkpt lat="35.39994" lon="129.00439">
        <ele>174.2</ele>
      </trkpt>
      <trkpt lat="35.40009" lon="129.0044">
        <ele>176.4</ele>
      </trkpt>
      <trkpt lat="35.40028" lon="129.00443">
        <ele>178.9</ele>
      </trkpt>
      <trkpt lat="35.40066" lon="129.00457">
        <ele>184.2</ele>
      </trkpt>
      <trkpt lat="35.40086" lon="129.0046">
        <ele>187.0</ele>
      </trkpt>
      <trkpt lat="35.40111" lon="129.00458">
        <ele>191.3</ele>
      </trkpt>
      <trkpt lat="35.40164" lon="129.00446">
        <ele>199.7</ele>
      </trkpt>
      <trkpt lat="35.4018" lon="129.00446">
        <ele>202.3</ele>
      </trkpt>
      <trkpt lat="35.40205" lon="129.00451">
        <ele>206.8</ele>
      </trkpt>
      <trkpt lat="35.40229" lon="129.00458">
        <ele>211.4</ele>
      </trkpt>
      <trkpt lat="35.40251" lon="129.004618">
        <ele>215.5</ele>
      </trkpt>
      <trkpt lat="35.40272" lon="129.00456">
        <ele>217.0</ele>
      </trkpt>
      <trkpt lat="35.40293" lon="129.00443">
        <ele>217.6</ele>
      </trkpt>
      <trkpt lat="35.40327" lon="129.00412">
        <ele>218.0</ele>
      </trkpt>
      <trkpt lat="35.40358" lon="129.00389">
        <ele>219.8</ele>
      </trkpt>
      <trkpt lat="35.40387" lon="129.00376">
        <ele>222.2</ele>
      </trkpt>
      <trkpt lat="35.40396" lon="129.00376">
        <ele>223.2</ele>
      </trkpt>
      <trkpt lat="35.40419" lon="129.003807">
        <ele>226.3</ele>
      </trkpt>
      <trkpt lat="35.40454" lon="129.00395">
        <ele>233.4</ele>
      </trkpt>
      <trkpt lat="35.40476" lon="129.00401">
        <ele>237.9</ele>
      </trkpt>
      <trkpt lat="35.40496" lon="129.00406">
        <ele>242.1</ele>
      </trkpt>
      <trkpt lat="35.40518" lon="129.00406">
        <ele>245.8</ele>
      </trkpt>
      <trkpt lat="35.40587" lon="129.00395">
        <ele>256.0</ele>
      </trkpt>
      <trkpt lat="35.40656" lon="129.00385">
        <ele>265.4</ele>
      </trkpt>
      <trkpt lat="35.40682" lon="129.00371">
        <ele>267.6</ele>
      </trkpt>
      <trkpt lat="35.40693" lon="129.00361">
        <ele>267.7</ele>
      </trkpt>
      <trkpt lat="35.40711" lon="129.003267">
        <ele>265.3</ele>
      </trkpt>
      <trkpt lat="35.40719" lon="129.00288">
        <ele>266.1</ele>
      </trkpt>
      <trkpt lat="35.40719" lon="129.002558">
        <ele>265.8</ele>
      </trkpt>
      <trkpt lat="35.407" lon="129.001927">
        <ele>263.7</ele>
      </trkpt>
      <trkpt lat="35.40697" lon="129.001747">
        <ele>263.6</ele>
      </trkpt>
      <trkpt lat="35.40696" lon="129.00151">
        <ele>263.4</ele>
      </trkpt>
      <trkpt lat="35.40702" lon="129.001229">
        <ele>264.0</ele>
      </trkpt>
      <trkpt lat="35.40707" lon="129.00101">
        <ele>264.5</ele>
      </trkpt>
      <trkpt lat="35.40726" lon="129.00065">
        <ele>268.7</ele>
      </trkpt>
      <trkpt lat="35.40774" lon="129.00028">
        <ele>274.9</ele>
      </trkpt>
      <trkpt lat="35.40821" lon="128.99991">
        <ele>283.2</ele>
      </trkpt>
      <trkpt lat="35.40834" lon="128.99974">
        <ele>286.5</ele>
      </trkpt>
      <trkpt lat="35.40841" lon="128.999608">
        <ele>288.7</ele>
      </trkpt>
      <trkpt lat="35.40876" lon="128.99885">
        <ele>301.2</ele>
      </trkpt>
      <trkpt lat="35.40906" lon="128.99816">
        <ele>312.5</ele>
      </trkpt>
      <trkpt lat="35.40935" lon="128.99747">
        <ele>329.7</ele>
      </trkpt>
      <trkpt lat="35.40964" lon="128.99678">
        <ele>339.9</ele>
      </trkpt>
      <trkpt lat="35.41007" lon="128.9959">
        <ele>348.7</ele>
      </trkpt>
      <trkpt lat="35.41037" lon="128.99569">
        <ele>352.1</ele>
      </trkpt>
      <trkpt lat="35.4109" lon="128.995398">
        <ele>357.9</ele>
      </trkpt>
      <trkpt lat="35.41099" lon="128.99535">
        <ele>358.9</ele>
      </trkpt>
      <trkpt lat="35.41116" lon="128.99534">
        <ele>360.6</ele>
      </trkpt>
      <trkpt lat="35.41135" lon="128.99544">
        <ele>365.5</ele>
      </trkpt>
      <trkpt lat="35.41147" lon="128.995567">
        <ele>367.8</ele>
      </trkpt>
      <trkpt lat="35.41159" lon="128.99572">
        <ele>369.9</ele>
      </trkpt>
      <trkpt lat="35.41164" lon="128.995837">
        <ele>370.0</ele>
      </trkpt>
      <trkpt lat="35.41182" lon="128.99654">
        <ele>380.0</ele>
      </trkpt>
      <trkpt lat="35.41188" lon="128.99664">
        <ele>381.7</ele>
      </trkpt>
      <trkpt lat="35.41198" lon="128.99678">
        <ele>384.3</ele>
      </trkpt>
      <trkpt lat="35.41209" lon="128.99687">
        <ele>386.5</ele>
      </trkpt>
      <trkpt lat="35.41218" lon="128.9969">
        <ele>388.1</ele>
      </trkpt>
      <trkpt lat="35.41233" lon="128.99694">
        <ele>390.7</ele>
      </trkpt>
      <trkpt lat="35.41298" lon="128.99705">
        <ele>401.8</ele>
      </trkpt>
      <trkpt lat="35.41306" lon="128.99705">
        <ele>404.4</ele>
      </trkpt>
      <trkpt lat="35.4132" lon="128.99694">
        <ele>408.1</ele>
      </trkpt>
      <trkpt lat="35.41324" lon="128.99686">
        <ele>408.6</ele>
      </trkpt>
      <trkpt lat="35.41326" lon="128.99677">
        <ele>408.4</ele>
      </trkpt>
      <trkpt lat="35.41325" lon="128.99667">
        <ele>407.3</ele>
      </trkpt>
      <trkpt lat="35.41322" lon="128.9966">
        <ele>407.7</ele>
      </trkpt>
      <trkpt lat="35.41319" lon="128.99652">
        <ele>408.3</ele>
      </trkpt>
      <trkpt lat="35.41314" lon="128.99645">
        <ele>408.4</ele>
      </trkpt>
      <trkpt lat="35.41292" lon="128.99628">
        <ele>406.4</ele>
      </trkpt>
      <trkpt lat="35.41287" lon="128.99623">
        <ele>406.1</ele>
      </trkpt>
      <trkpt lat="35.41281" lon="128.99615">
        <ele>406.0</ele>
      </trkpt>
      <trkpt lat="35.41278" lon="128.99608">
        <ele>406.4</ele>
      </trkpt>
      <trkpt lat="35.41276" lon="128.99598">
        <ele>407.4</ele>
      </trkpt>
      <trkpt lat="35.41276" lon="128.9959">
        <ele>408.6</ele>
      </trkpt>
      <trkpt lat="35.41277" lon="128.99582">
        <ele>409.9</ele>
      </trkpt>
      <trkpt lat="35.4128" lon="128.99574">
        <ele>410.9</ele>
      </trkpt>
      <trkpt lat="35.41286" lon="128.995668">
        <ele>412.7</ele>
      </trkpt>
      <trkpt lat="35.41302" lon="128.99555">
        <ele>417.2</ele>
      </trkpt>
      <trkpt lat="35.41314" lon="128.99544">
        <ele>420.9</ele>
      </trkpt>
      <trkpt lat="35.41338" lon="128.99517">
        <ele>429.7</ele>
      </trkpt>
      <trkpt lat="35.41353" lon="128.9949">
        <ele>437.7</ele>
      </trkpt>
      <trkpt lat="35.41357" lon="128.99481">
        <ele>440.2</ele>
      </trkpt>
      <trkpt lat="35.4136" lon="128.994689">
        <ele>442.9</ele>
      </trkpt>
      <trkpt lat="35.41362" lon="128.99453">
        <ele>445.9</ele>
      </trkpt>
      <trkpt lat="35.41365" lon="128.99443">
        <ele>448.5</ele>
      </trkpt>
      <trkpt lat="35.41394" lon="128.993867">
        <ele>456.8</ele>
      </trkpt>
      <trkpt lat="35.41397" lon="128.99377">
        <ele>458.2</ele>
      </trkpt>
      <trkpt lat="35.41398" lon="128.99363">
        <ele>460.0</ele>
      </trkpt>
      <trkpt lat="35.41396" lon="128.993507">
        <ele>461.5</ele>
      </trkpt>
      <trkpt lat="35.41389" lon="128.99331">
        <ele>464.3</ele>
      </trkpt>
      <trkpt lat="35.41385" lon="128.99318">
        <ele>466.0</ele>
      </trkpt>
      <trkpt lat="35.41384" lon="128.99302">
        <ele>468.1</ele>
      </trkpt>
      <trkpt lat="35.41386" lon="128.99286">
        <ele>467.8</ele>
      </trkpt>
      <trkpt lat="35.41391" lon="128.99273">
        <ele>468.9</ele>
      </trkpt>
      <trkpt lat="35.41397" lon="128.992618">
        <ele>470.6</ele>
      </trkpt>
      <trkpt lat="35.41409" lon="128.992528">
        <ele>475.0</ele>
      </trkpt>
      <trkpt lat="35.41432" lon="128.992438">
        <ele>482.4</ele>
      </trkpt>
      <trkpt lat="35.41466" lon="128.992348">
        <ele>491.9</ele>
      </trkpt>
      <trkpt lat="35.41498" lon="128.992269">
        <ele>500.2</ele>
      </trkpt>
      <trkpt lat="35.41571" lon="128.991987">
        <ele>516.0</ele>
      </trkpt>
      <trkpt lat="35.41589" lon="128.991909">
        <ele>519.0</ele>
      </trkpt>
      <trkpt lat="35.41604" lon="128.991807">
        <ele>520.5</ele>
      </trkpt>
      <trkpt lat="35.41617" lon="128.99169">
        <ele>520.8</ele>
      </trkpt>
      <trkpt lat="35.41628" lon="128.991537">
        <ele>524.1</ele>
      </trkpt>
      <trkpt lat="35.4163" lon="128.991458">
        <ele>525.2</ele>
      </trkpt>
      <trkpt lat="35.41631" lon="128.991379">
        <ele>526.0</ele>
      </trkpt>
      <trkpt lat="35.41632" lon="128.99098">
        <ele>528.7</ele>
      </trkpt>
      <trkpt lat="35.41633" lon="128.990828">
        <ele>529.9</ele>
      </trkpt>
      <trkpt lat="35.41639" lon="128.99059">
        <ele>535.6</ele>
      </trkpt>
      <trkpt lat="35.4165" lon="128.99025">
        <ele>543.7</ele>
      </trkpt>
      <trkpt lat="35.41652" lon="128.990107">
        <ele>546.1</ele>
      </trkpt>
      <trkpt lat="35.41652" lon="128.98998">
        <ele>547.7</ele>
      </trkpt>
      <trkpt lat="35.4165" lon="128.98981">
        <ele>549.5</ele>
      </trkpt>
      <trkpt lat="35.41644" lon="128.98954">
        <ele>552.2</ele>
      </trkpt>
      <trkpt lat="35.41616" lon="128.98874">
        <ele>564.9</ele>
      </trkpt>
      <trkpt lat="35.41616" lon="128.98865">
        <ele>566.8</ele>
      </trkpt>
      <trkpt lat="35.41621" lon="128.98853">
        <ele>569.0</ele>
      </trkpt>
      <trkpt lat="35.41643" lon="128.98829">
        <ele>571.8</ele>
      </trkpt>
      <trkpt lat="35.41659" lon="128.98812">
        <ele>574.6</ele>
      </trkpt>
      <trkpt lat="35.41673" lon="128.98807">
        <ele>576.5</ele>
      </trkpt>
      <trkpt lat="35.41692" lon="128.988059">
        <ele>581.3</ele>
      </trkpt>
      <trkpt lat="35.41701" lon="128.98804">
        <ele>583.9</ele>
      </trkpt>
      <trkpt lat="35.41713" lon="128.987957">
        <ele>588.4</ele>
      </trkpt>
      <trkpt lat="35.41718" lon="128.9879">
        <ele>590.7</ele>
      </trkpt>
      <trkpt lat="35.41726" lon="128.98771">
        <ele>596.0</ele>
      </trkpt>
      <trkpt lat="35.41726" lon="128.98771">
        <ele>596.0</ele>
      </trkpt>
      <trkpt lat="35.41748" lon="128.98721">
        <ele>606.2</ele>
      </trkpt>
      <trkpt lat="35.41751" lon="128.98705">
        <ele>608.1</ele>
      </trkpt>
      <trkpt lat="35.41751" lon="128.986899">
        <ele>609.4</ele>
      </trkpt>
      <trkpt lat="35.41745" lon="128.986719">
        <ele>610.4</ele>
      </trkpt>
      <trkpt lat="35.41734" lon="128.98656">
        <ele>612.5</ele>
      </trkpt>
      <trkpt lat="35.41729" lon="128.986438">
        <ele>614.6</ele>
      </trkpt>
      <trkpt lat="35.41726" lon="128.98633">
        <ele>616.7</ele>
      </trkpt>
      <trkpt lat="35.4173" lon="128.9861">
        <ele>620.4</ele>
      </trkpt>
      <trkpt lat="35.41736" lon="128.985987">
        <ele>621.5</ele>
      </trkpt>
      <trkpt lat="35.41741" lon="128.98593">
        <ele>621.9</ele>
      </trkpt>
      <trkpt lat="35.41752" lon="128.98584">
        <ele>622.4</ele>
      </trkpt>
      <trkpt lat="35.41762" lon="128.985818">
        <ele>625.2</ele>
      </trkpt>
      <trkpt lat="35.41773" lon="128.98586">
        <ele>627.2</ele>
      </trkpt>
      <trkpt lat="35.41782" lon="128.98593">
        <ele>628.6</ele>
      </trkpt>
      <trkpt lat="35.41795" lon="128.986089">
        <ele>630.2</ele>
      </trkpt>
      <trkpt lat="35.41806" lon="128.98616">
        <ele>632.4</ele>
      </trkpt>
      <trkpt lat="35.41838" lon="128.98625">
        <ele>640.7</ele>
      </trkpt>
      <trkpt lat="35.41846" lon="128.98633">
        <ele>643.0</ele>
      </trkpt>
      <trkpt lat="35.41852" lon="128.98639">
        <ele>644.7</ele>
      </trkpt>
      <trkpt lat="35.41856" lon="128.98652">
        <ele>645.1</ele>
      </trkpt>
      <trkpt lat="35.41857" lon="128.986708">
        <ele>644.2</ele>
      </trkpt>
      <trkpt lat="35.41854" lon="128.98705">
        <ele>642.6</ele>
      </trkpt>
      <trkpt lat="35.41854" lon="128.98713">
        <ele>642.5</ele>
      </trkpt>
      <trkpt lat="35.41855" lon="128.98722">
        <ele>642.7</ele>
      </trkpt>
      <trkpt lat="35.41857" lon="128.98729">
        <ele>643.1</ele>
      </trkpt>
      <trkpt lat="35.4186" lon="128.987349">
        <ele>643.7</ele>
      </trkpt>
      <trkpt lat="35.41864" lon="128.98739">
        <ele>644.7</ele>
      </trkpt>
      <trkpt lat="35.41869" lon="128.987417">
        <ele>645.8</ele>
      </trkpt>
      <trkpt lat="35.41883" lon="128.98745">
        <ele>649.2</ele>
      </trkpt>
      <trkpt lat="35.41896" lon="128.987439">
        <ele>652.5</ele>
      </trkpt>
      <trkpt lat="35.41906" lon="128.9874">
        <ele>655.3</ele>
      </trkpt>
      <trkpt lat="35.41913" lon="128.98736">
        <ele>657.4</ele>
      </trkpt>
      <trkpt lat="35.41918" lon="128.98728">
        <ele>659.4</ele>
      </trkpt>
      <trkpt lat="35.41927" lon="128.98722">
        <ele>662.2</ele>
      </trkpt>
      <trkpt lat="35.41942" lon="128.98715">
        <ele>666.6</ele>
      </trkpt>
      <trkpt lat="35.42002" lon="128.987327">
        <ele>678.9</ele>
      </trkpt>
      <trkpt lat="35.42018" lon="128.98741">
        <ele>681.8</ele>
      </trkpt>
      <trkpt lat="35.42039" lon="128.987687">
        <ele>687.5</ele>
      </trkpt>
      <trkpt lat="35.42044" lon="128.98786">
        <ele>689.8</ele>
      </trkpt>
      <trkpt lat="35.42044" lon="128.98857">
        <ele>694.1</ele>
      </trkpt>
      <trkpt lat="35.42048" lon="128.9889">
        <ele>696.9</ele>
      </trkpt>
      <trkpt lat="35.42064" lon="128.98911">
        <ele>700.7</ele>
      </trkpt>
      <trkpt lat="35.42098" lon="128.9891">
        <ele>706.4</ele>
      </trkpt>
      <trkpt lat="35.42125" lon="128.989128">
        <ele>711.3</ele>
      </trkpt>
      <trkpt lat="35.4215" lon="128.98928">
        <ele>716.2</ele>
      </trkpt>
      <trkpt lat="35.42187" lon="128.98925">
        <ele>715.5</ele>
      </trkpt>
      <trkpt lat="35.42203" lon="128.98936">
        <ele>713.4</ele>
      </trkpt>
      <trkpt lat="35.42229" lon="128.98962">
        <ele>712.1</ele>
      </trkpt>
      <trkpt lat="35.42252" lon="128.989747">
        <ele>711.2</ele>
      </trkpt>
      <trkpt lat="35.42277" lon="128.98969">
        <ele>707.2</ele>
      </trkpt>
      <trkpt lat="35.42313" lon="128.98934">
        <ele>694.8</ele>
      </trkpt>
      <trkpt lat="35.42335" lon="128.989139">
        <ele>686.4</ele>
      </trkpt>
      <trkpt lat="35.42356" lon="128.98908">
        <ele>683.6</ele>
      </trkpt>
      <trkpt lat="35.42381" lon="128.9891">
        <ele>682.1</ele>
      </trkpt>
      <trkpt lat="35.42419" lon="128.989229">
        <ele>682.8</ele>
      </trkpt>
      <trkpt lat="35.42456" lon="128.98929">
        <ele>684.6</ele>
      </trkpt>
      <trkpt lat="35.4248" lon="128.989229">
        <ele>682.9</ele>
      </trkpt>
      <trkpt lat="35.42505" lon="128.989038">
        <ele>679.2</ele>
      </trkpt>
      <trkpt lat="35.4252" lon="128.988768">
        <ele>676.6</ele>
      </trkpt>
      <trkpt lat="35.42533" lon="128.988329">
        <ele>670.0</ele>
      </trkpt>
      <trkpt lat="35.42554" lon="128.98738">
        <ele>654.0</ele>
      </trkpt>
      <trkpt lat="35.4256" lon="128.98711">
        <ele>647.2</ele>
      </trkpt>
      <trkpt lat="35.42581" lon="128.98705">
        <ele>648.1</ele>
      </trkpt>
      <trkpt lat="35.42656" lon="128.98685">
        <ele>639.9</ele>
      </trkpt>
      <trkpt lat="35.42686" lon="128.98674">
        <ele>634.6</ele>
      </trkpt>
      <trkpt lat="35.4272" lon="128.9865">
        <ele>626.7</ele>
      </trkpt>
      <trkpt lat="35.42751" lon="128.986359">
        <ele>621.7</ele>
      </trkpt>
      <trkpt lat="35.4278" lon="128.98632">
        <ele>614.4</ele>
      </trkpt>
      <trkpt lat="35.42801" lon="128.986347">
        <ele>610.5</ele>
      </trkpt>
      <trkpt lat="35.42817" lon="128.98649">
        <ele>609.4</ele>
      </trkpt>
      <trkpt lat="35.42824" lon="128.98664">
        <ele>610.0</ele>
      </trkpt>
      <trkpt lat="35.42842" lon="128.98722">
        <ele>608.2</ele>
      </trkpt>
      <trkpt lat="35.42868" lon="128.987507">
        <ele>603.0</ele>
      </trkpt>
      <trkpt lat="35.42918" lon="128.98798">
        <ele>594.9</ele>
      </trkpt>
      <trkpt lat="35.42968" lon="128.98845">
        <ele>587.3</ele>
      </trkpt>
      <trkpt lat="35.42976" lon="128.988498">
        <ele>585.7</ele>
      </trkpt>
      <trkpt lat="35.42984" lon="128.98849">
        <ele>583.5</ele>
      </trkpt>
      <trkpt lat="35.42994" lon="128.988329">
        <ele>579.5</ele>
      </trkpt>
      <trkpt lat="35.43004" lon="128.987327">
        <ele>569.4</ele>
      </trkpt>
      <trkpt lat="35.43003" lon="128.98693">
        <ele>566.0</ele>
      </trkpt>
      <trkpt lat="35.4298" lon="128.986269">
        <ele>565.7</ele>
      </trkpt>
      <trkpt lat="35.42958" lon="128.98562">
        <ele>563.6</ele>
      </trkpt>
      <trkpt lat="35.42939" lon="128.98497">
        <ele>558.9</ele>
      </trkpt>
      <trkpt lat="35.42938" lon="128.98453">
        <ele>557.4</ele>
      </trkpt>
      <trkpt lat="35.42946" lon="128.98443">
        <ele>556.1</ele>
      </trkpt>
      <trkpt lat="35.4296" lon="128.98443">
        <ele>554.6</ele>
      </trkpt>
      <trkpt lat="35.43045" lon="128.9846">
        <ele>544.0</ele>
      </trkpt>
      <trkpt lat="35.43055" lon="128.984558">
        <ele>542.6</ele>
      </trkpt>
      <trkpt lat="35.43068" lon="128.98467">
        <ele>540.6</ele>
      </trkpt>
      <trkpt lat="35.43079" lon="128.98471">
        <ele>539.0</ele>
      </trkpt>
      <trkpt lat="35.43094" lon="128.9847">
        <ele>536.9</ele>
      </trkpt>
      <trkpt lat="35.43165" lon="128.98441">
        <ele>526.8</ele>
      </trkpt>
      <trkpt lat="35.43236" lon="128.984119">
        <ele>516.2</ele>
      </trkpt>
      <trkpt lat="35.43255" lon="128.984028">
        <ele>513.8</ele>
      </trkpt>
      <trkpt lat="35.43309" lon="128.98351">
        <ele>505.8</ele>
      </trkpt>
      <trkpt lat="35.4334" lon="128.983409">
        <ele>500.3</ele>
      </trkpt>
      <trkpt lat="35.43389" lon="128.98327">
        <ele>494.3</ele>
      </trkpt>
      <trkpt lat="35.43406" lon="128.983319">
        <ele>492.2</ele>
      </trkpt>
      <trkpt lat="35.43419" lon="128.98342">
        <ele>492.7</ele>
      </trkpt>
      <trkpt lat="35.43431" lon="128.983578">
        <ele>495.5</ele>
      </trkpt>
      <trkpt lat="35.4344" lon="128.98365">
        <ele>496.6</ele>
      </trkpt>
      <trkpt lat="35.43452" lon="128.983668">
        <ele>496.5</ele>
      </trkpt>
      <trkpt lat="35.43463" lon="128.98365">
        <ele>495.4</ele>
      </trkpt>
      <trkpt lat="35.43519" lon="128.98339">
        <ele>485.9</ele>
      </trkpt>
      <trkpt lat="35.43546" lon="128.98321">
        <ele>482.3</ele>
      </trkpt>
      <trkpt lat="35.43592" lon="128.98266">
        <ele>470.4</ele>
      </trkpt>
      <trkpt lat="35.43608" lon="128.98243">
        <ele>465.2</ele>
      </trkpt>
      <trkpt lat="35.43623" lon="128.98229">
        <ele>462.0</ele>
      </trkpt>
      <trkpt lat="35.43679" lon="128.98198">
        <ele>451.7</ele>
      </trkpt>
      <trkpt lat="35.43697" lon="128.98181">
        <ele>448.5</ele>
      </trkpt>
      <trkpt lat="35.43756" lon="128.98111">
        <ele>431.6</ele>
      </trkpt>
      <trkpt lat="35.43776" lon="128.98093">
        <ele>425.7</ele>
      </trkpt>
      <trkpt lat="35.438" lon="128.98082">
        <ele>422.2</ele>
      </trkpt>
      <trkpt lat="35.4382" lon="128.98077">
        <ele>420.9</ele>
      </trkpt>
      <trkpt lat="35.43861" lon="128.98058">
        <ele>417.2</ele>
      </trkpt>
      <trkpt lat="35.43903" lon="128.98038">
        <ele>411.6</ele>
      </trkpt>
      <trkpt lat="35.43945" lon="128.980167">
        <ele>404.7</ele>
      </trkpt>
      <trkpt lat="35.4399" lon="128.97997">
        <ele>398.9</ele>
      </trkpt>
      <trkpt lat="35.44034" lon="128.97976">
        <ele>394.2</ele>
      </trkpt>
      <trkpt lat="35.44093" lon="128.979458">
        <ele>383.9</ele>
      </trkpt>
      <trkpt lat="35.44152" lon="128.97917">
        <ele>373.1</ele>
      </trkpt>
      <trkpt lat="35.44199" lon="128.9788">
        <ele>367.2</ele>
      </trkpt>
      <trkpt lat="35.44236" lon="128.9784">
        <ele>359.6</ele>
      </trkpt>
      <trkpt lat="35.44257" lon="128.97814">
        <ele>355.5</ele>
      </trkpt>
      <trkpt lat="35.44301" lon="128.97751">
        <ele>348.0</ele>
      </trkpt>
      <trkpt lat="35.44331" lon="128.97701">
        <ele>341.0</ele>
      </trkpt>
      <trkpt lat="35.44362" lon="128.976497">
        <ele>342.7</ele>
      </trkpt>
      <trkpt lat="35.44389" lon="128.97603">
        <ele>341.3</ele>
      </trkpt>
      <trkpt lat="35.44398" lon="128.975777">
        <ele>337.7</ele>
      </trkpt>
      <trkpt lat="35.44407" lon="128.97536">
        <ele>331.2</ele>
      </trkpt>
      <trkpt lat="35.44418" lon="128.975068">
        <ele>325.9</ele>
      </trkpt>
      <trkpt lat="35.44458" lon="128.97446">
        <ele>326.2</ele>
      </trkpt>
      <trkpt lat="35.44481" lon="128.97411">
        <ele>322.9</ele>
      </trkpt>
      <trkpt lat="35.44496" lon="128.97392">
        <ele>321.5</ele>
      </trkpt>
      <trkpt lat="35.4451" lon="128.97368">
        <ele>320.2</ele>
      </trkpt>
      <trkpt lat="35.44517" lon="128.97342">
        <ele>317.5</ele>
      </trkpt>
      <trkpt lat="35.44531" lon="128.973098">
        <ele>318.1</ele>
      </trkpt>
      <trkpt lat="35.44552" lon="128.97272">
        <ele>316.3</ele>
      </trkpt>
      <trkpt lat="35.44585" lon="128.97224">
        <ele>309.3</ele>
      </trkpt>
      <trkpt lat="35.44601" lon="128.9719">
        <ele>311.9</ele>
      </trkpt>
      <trkpt lat="35.44613" lon="128.97147">
        <ele>311.3</ele>
      </trkpt>
      <trkpt lat="35.4463" lon="128.97099">
        <ele>309.0</ele>
      </trkpt>
      <trkpt lat="35.4465" lon="128.97049">
        <ele>303.3</ele>
      </trkpt>
      <trkpt lat="35.44682" lon="128.96976">
        <ele>295.2</ele>
      </trkpt>
      <trkpt lat="35.44714" lon="128.96902">
        <ele>295.2</ele>
      </trkpt>
      <trkpt lat="35.44733" lon="128.96867">
        <ele>292.3</ele>
      </trkpt>
      <trkpt lat="35.44753" lon="128.96832">
        <ele>284.7</ele>
      </trkpt>
      <trkpt lat="35.44783" lon="128.967998">
        <ele>288.3</ele>
      </trkpt>
      <trkpt lat="35.44805" lon="128.967739">
        <ele>286.3</ele>
      </trkpt>
      <trkpt lat="35.44823" lon="128.96745">
        <ele>280.8</ele>
      </trkpt>
      <trkpt lat="35.44846" lon="128.966929">
        <ele>277.9</ele>
      </trkpt>
      <trkpt lat="35.44871" lon="128.96641">
        <ele>278.6</ele>
      </trkpt>
      <trkpt lat="35.44887" lon="128.96616">
        <ele>277.5</ele>
      </trkpt>
      <trkpt lat="35.44922" lon="128.965668">
        <ele>271.6</ele>
      </trkpt>
      <trkpt lat="35.44969" lon="128.965038">
        <ele>267.7</ele>
      </trkpt>
      <trkpt lat="35.45014" lon="128.964767">
        <ele>265.5</ele>
      </trkpt>
      <trkpt lat="35.45059" lon="128.96457">
        <ele>263.6</ele>
      </trkpt>
      <trkpt lat="35.45083" lon="128.96449">
        <ele>261.7</ele>
      </trkpt>
      <trkpt lat="35.45169" lon="128.96446">
        <ele>255.1</ele>
      </trkpt>
      <trkpt lat="35.45196" lon="128.96455">
        <ele>253.5</ele>
      </trkpt>
      <trkpt lat="35.45228" lon="128.96475">
        <ele>251.4</ele>
      </trkpt>
      <trkpt lat="35.45263" lon="128.96493">
        <ele>247.1</ele>
      </trkpt>
      <trkpt lat="35.45296" lon="128.96516">
        <ele>247.8</ele>
      </trkpt>
      <trkpt lat="35.45319" lon="128.96538">
        <ele>248.6</ele>
      </trkpt>
      <trkpt lat="35.45331" lon="128.96548">
        <ele>247.7</ele>
      </trkpt>
      <trkpt lat="35.45349" lon="128.96552">
        <ele>245.7</ele>
      </trkpt>
      <trkpt lat="35.4539" lon="128.96552">
        <ele>241.3</ele>
      </trkpt>
      <trkpt lat="35.45407" lon="128.96551">
        <ele>239.4</ele>
      </trkpt>
      <trkpt lat="35.45426" lon="128.96548">
        <ele>237.4</ele>
      </trkpt>
      <trkpt lat="35.45428" lon="128.96548">
        <ele>237.2</ele>
      </trkpt>
      <trkpt lat="35.45443" lon="128.96545">
        <ele>235.8</ele>
      </trkpt>
      <trkpt lat="35.45446" lon="128.96547">
        <ele>235.4</ele>
      </trkpt>
      <trkpt lat="35.45449" lon="128.965488">
        <ele>235.1</ele>
      </trkpt>
      <trkpt lat="35.45452" lon="128.965488">
        <ele>234.8</ele>
      </trkpt>
      <trkpt lat="35.45455" lon="128.96548">
        <ele>234.5</ele>
      </trkpt>
      <trkpt lat="35.45458" lon="128.96547">
        <ele>234.3</ele>
      </trkpt>
      <trkpt lat="35.45461" lon="128.96543">
        <ele>234.2</ele>
      </trkpt>
      <trkpt lat="35.45463" lon="128.96537">
        <ele>234.3</ele>
      </trkpt>
      <trkpt lat="35.45471" lon="128.96534">
        <ele>233.7</ele>
      </trkpt>
      <trkpt lat="35.45473" lon="128.965308">
        <ele>233.6</ele>
      </trkpt>
      <trkpt lat="35.45473" lon="128.965308">
        <ele>233.6</ele>
      </trkpt>
      <trkpt lat="35.45505" lon="128.965229">
        <ele>231.8</ele>
      </trkpt>
      <trkpt lat="35.45543" lon="128.9652">
        <ele>233.3</ele>
      </trkpt>
      <trkpt lat="35.45598" lon="128.96506">
        <ele>237.1</ele>
      </trkpt>
      <trkpt lat="35.45616" lon="128.965049">
        <ele>237.4</ele>
      </trkpt>
      <trkpt lat="35.45623" lon="128.96507">
        <ele>237.1</ele>
      </trkpt>
      <trkpt lat="35.45636" lon="128.96509">
        <ele>236.7</ele>
      </trkpt>
      <trkpt lat="35.45651" lon="128.96509">
        <ele>236.8</ele>
      </trkpt>
      <trkpt lat="35.45676" lon="128.96498">
        <ele>239.3</ele>
      </trkpt>
      <trkpt lat="35.45696" lon="128.96484">
        <ele>242.3</ele>
      </trkpt>
      <trkpt lat="35.45715" lon="128.96481">
        <ele>242.7</ele>
      </trkpt>
      <trkpt lat="35.4574" lon="128.96485">
        <ele>241.5</ele>
      </trkpt>
      <trkpt lat="35.45766" lon="128.96488">
        <ele>240.8</ele>
      </trkpt>
      <trkpt lat="35.45836" lon="128.96484">
        <ele>242.2</ele>
      </trkpt>
      <trkpt lat="35.45906" lon="128.9648">
        <ele>235.3</ele>
      </trkpt>
      <trkpt lat="35.45937" lon="128.96454">
        <ele>241.9</ele>
      </trkpt>
      <trkpt lat="35.45985" lon="128.96419">
        <ele>245.3</ele>
      </trkpt>
      <trkpt lat="35.4599" lon="128.96417">
        <ele>244.7</ele>
      </trkpt>
      <trkpt lat="35.46039" lon="128.96404">
        <ele>239.9</ele>
      </trkpt>
      <trkpt lat="35.46088" lon="128.96391">
        <ele>236.1</ele>
      </trkpt>
      <trkpt lat="35.46152" lon="128.96366">
        <ele>243.2</ele>
      </trkpt>
      <trkpt lat="35.46196" lon="128.963698">
        <ele>237.7</ele>
      </trkpt>
      <trkpt lat="35.46217" lon="128.96366">
        <ele>238.3</ele>
      </trkpt>
      <trkpt lat="35.46282" lon="128.96339">
        <ele>235.4</ele>
      </trkpt>
      <trkpt lat="35.46296" lon="128.96321">
        <ele>234.5</ele>
      </trkpt>
      <trkpt lat="35.46308" lon="128.962358">
        <ele>243.9</ele>
      </trkpt>
      <trkpt lat="35.46321" lon="128.96152">
        <ele>241.7</ele>
      </trkpt>
      <trkpt lat="35.46333" lon="128.96067">
        <ele>240.6</ele>
      </trkpt>
      <trkpt lat="35.4635" lon="128.959679">
        <ele>237.9</ele>
      </trkpt>
      <trkpt lat="35.46357" lon="128.95921">
        <ele>236.1</ele>
      </trkpt>
      <trkpt lat="35.4635" lon="128.95862">
        <ele>242.0</ele>
      </trkpt>
      <trkpt lat="35.46359" lon="128.95822">
        <ele>235.5</ele>
      </trkpt>
      <trkpt lat="35.46361" lon="128.95775">
        <ele>230.2</ele>
      </trkpt>
      <trkpt lat="35.46348" lon="128.957439">
        <ele>235.2</ele>
      </trkpt>
      <trkpt lat="35.46325" lon="128.95706">
        <ele>244.7</ele>
      </trkpt>
      <trkpt lat="35.46327" lon="128.95665">
        <ele>240.3</ele>
      </trkpt>
      <trkpt lat="35.46325" lon="128.95629">
        <ele>240.9</ele>
      </trkpt>
      <trkpt lat="35.46303" lon="128.95597">
        <ele>252.4</ele>
      </trkpt>
      <trkpt lat="35.4629" lon="128.955739">
        <ele>260.3</ele>
      </trkpt>
      <trkpt lat="35.46288" lon="128.95558">
        <ele>263.0</ele>
      </trkpt>
      <trkpt lat="35.46305" lon="128.95496">
        <ele>258.5</ele>
      </trkpt>
      <trkpt lat="35.46322" lon="128.95409">
        <ele>259.8</ele>
      </trkpt>
      <trkpt lat="35.46323" lon="128.95345">
        <ele>262.4</ele>
      </trkpt>
      <trkpt lat="35.46316" lon="128.95315">
        <ele>267.6</ele>
      </trkpt>
      <trkpt lat="35.46306" lon="128.95299">
        <ele>273.9</ele>
      </trkpt>
      <trkpt lat="35.46273" lon="128.952159">
        <ele>287.1</ele>
      </trkpt>
      <trkpt lat="35.46255" lon="128.95151">
        <ele>288.4</ele>
      </trkpt>
      <trkpt lat="35.46252" lon="128.95119">
        <ele>290.5</ele>
      </trkpt>
      <trkpt lat="35.46258" lon="128.950899">
        <ele>291.6</ele>
      </trkpt>
      <trkpt lat="35.46272" lon="128.95068">
        <ele>297.7</ele>
      </trkpt>
      <trkpt lat="35.46283" lon="128.95058">
        <ele>302.2</ele>
      </trkpt>
      <trkpt lat="35.46292" lon="128.95052">
        <ele>305.6</ele>
      </trkpt>
      <trkpt lat="35.46316" lon="128.9505">
        <ele>309.0</ele>
      </trkpt>
      <trkpt lat="35.46366" lon="128.95059">
        <ele>313.1</ele>
      </trkpt>
      <trkpt lat="35.46382" lon="128.95067">
        <ele>311.7</ele>
      </trkpt>
      <trkpt lat="35.46399" lon="128.95087">
        <ele>302.8</ele>
      </trkpt>
      <trkpt lat="35.46414" lon="128.95095">
        <ele>301.1</ele>
      </trkpt>
      <trkpt lat="35.46432" lon="128.95092">
        <ele>300.4</ele>
      </trkpt>
      <trkpt lat="35.46437" lon="128.950887">
        <ele>301.2</ele>
      </trkpt>
      <trkpt lat="35.46457" lon="128.950628">
        <ele>313.6</ele>
      </trkpt>
      <trkpt lat="35.46485" lon="128.950358">
        <ele>323.9</ele>
      </trkpt>
      <trkpt lat="35.46493" lon="128.95023">
        <ele>329.5</ele>
      </trkpt>
      <trkpt lat="35.46514" lon="128.94984">
        <ele>341.1</ele>
      </trkpt>
      <trkpt lat="35.46532" lon="128.94957">
        <ele>345.2</ele>
      </trkpt>
      <trkpt lat="35.46539" lon="128.94954">
        <ele>343.4</ele>
      </trkpt>
      <trkpt lat="35.46571" lon="128.94949">
        <ele>331.2</ele>
      </trkpt>
      <trkpt lat="35.46577" lon="128.94943">
        <ele>331.6</ele>
      </trkpt>
      <trkpt lat="35.46586" lon="128.94923">
        <ele>338.2</ele>
      </trkpt>
      <trkpt lat="35.46596" lon="128.94914">
        <ele>337.3</ele>
      </trkpt>
      <trkpt lat="35.46617" lon="128.94903">
        <ele>329.9</ele>
      </trkpt>
      <trkpt lat="35.46621" lon="128.949">
        <ele>328.7</ele>
      </trkpt>
      <trkpt lat="35.46631" lon="128.94864">
        <ele>334.4</ele>
      </trkpt>
      <trkpt lat="35.46643" lon="128.948309">
        <ele>338.2</ele>
      </trkpt>
      <trkpt lat="35.46653" lon="128.94819">
        <ele>338.6</ele>
      </trkpt>
      <trkpt lat="35.46662" lon="128.94811">
        <ele>338.1</ele>
      </trkpt>
      <trkpt lat="35.46681" lon="128.948039">
        <ele>337.5</ele>
      </trkpt>
      <trkpt lat="35.46755" lon="128.948039">
        <ele>326.0</ele>
      </trkpt>
      <trkpt lat="35.46766" lon="128.94798">
        <ele>325.1</ele>
      </trkpt>
      <trkpt lat="35.46784" lon="128.947758">
        <ele>328.2</ele>
      </trkpt>
      <trkpt lat="35.46795" lon="128.947488">
        <ele>334.4</ele>
      </trkpt>
      <trkpt lat="35.46793" lon="128.94721">
        <ele>347.9</ele>
      </trkpt>
      <trkpt lat="35.46791" lon="128.947049">
        <ele>356.1</ele>
      </trkpt>
      <trkpt lat="35.46795" lon="128.94685">
        <ele>362.6</ele>
      </trkpt>
      <trkpt lat="35.46803" lon="128.94672">
        <ele>364.0</ele>
      </trkpt>
      <trkpt lat="35.4682" lon="128.94662">
        <ele>360.3</ele>
      </trkpt>
      <trkpt lat="35.46881" lon="128.94644">
        <ele>360.4</ele>
      </trkpt>
      <trkpt lat="35.46898" lon="128.946407">
        <ele>360.5</ele>
      </trkpt>
      <trkpt lat="35.46942" lon="128.94644">
        <ele>355.1</ele>
      </trkpt>
      <trkpt lat="35.46992" lon="128.9464">
        <ele>355.7</ele>
      </trkpt>
      <trkpt lat="35.47042" lon="128.94636">
        <ele>354.1</ele>
      </trkpt>
      <trkpt lat="35.47069" lon="128.9463">
        <ele>353.0</ele>
      </trkpt>
      <trkpt lat="35.47081" lon="128.946159">
        <ele>353.8</ele>
      </trkpt>
      <trkpt lat="35.47087" lon="128.94591">
        <ele>356.1</ele>
      </trkpt>
      <trkpt lat="35.47086" lon="128.945709">
        <ele>354.7</ele>
      </trkpt>
      <trkpt lat="35.47071" lon="128.94536">
        <ele>353.8</ele>
      </trkpt>
      <trkpt lat="35.47054" lon="128.94506">
        <ele>357.5</ele>
      </trkpt>
      <trkpt lat="35.47041" lon="128.944707">
        <ele>355.2</ele>
      </trkpt>
      <trkpt lat="35.47033" lon="128.9443">
        <ele>347.4</ele>
      </trkpt>
      <trkpt lat="35.47019" lon="128.94375">
        <ele>341.0</ele>
      </trkpt>
      <trkpt lat="35.47009" lon="128.94348">
        <ele>339.3</ele>
      </trkpt>
      <trkpt lat="35.46983" lon="128.943007">
        <ele>346.1</ele>
      </trkpt>
      <trkpt lat="35.46981" lon="128.94285">
        <ele>346.3</ele>
      </trkpt>
      <trkpt lat="35.46981" lon="128.94276">
        <ele>345.9</ele>
      </trkpt>
      <trkpt lat="35.46985" lon="128.942658">
        <ele>343.5</ele>
      </trkpt>
      <trkpt lat="35.47001" lon="128.94241">
        <ele>335.0</ele>
      </trkpt>
      <trkpt lat="35.47016" lon="128.94211">
        <ele>328.7</ele>
      </trkpt>
      <trkpt lat="35.47024" lon="128.94182">
        <ele>325.6</ele>
      </trkpt>
      <trkpt lat="35.47025" lon="128.941499">
        <ele>325.8</ele>
      </trkpt>
      <trkpt lat="35.47033" lon="128.940767">
        <ele>322.9</ele>
      </trkpt>
      <trkpt lat="35.47057" lon="128.94003">
        <ele>318.8</ele>
      </trkpt>
      <trkpt lat="35.47074" lon="128.9396">
        <ele>316.6</ele>
      </trkpt>
      <trkpt lat="35.47091" lon="128.93937">
        <ele>313.6</ele>
      </trkpt>
      <trkpt lat="35.47114" lon="128.93921">
        <ele>308.7</ele>
      </trkpt>
      <trkpt lat="35.47163" lon="128.938797">
        <ele>301.8</ele>
      </trkpt>
      <trkpt lat="35.47177" lon="128.938639">
        <ele>302.1</ele>
      </trkpt>
      <trkpt lat="35.47208" lon="128.93851">
        <ele>295.6</ele>
      </trkpt>
      <trkpt lat="35.47247" lon="128.9384">
        <ele>285.3</ele>
      </trkpt>
      <trkpt lat="35.47254" lon="128.93835">
        <ele>283.1</ele>
      </trkpt>
      <trkpt lat="35.47267" lon="128.93808">
        <ele>274.8</ele>
      </trkpt>
      <trkpt lat="35.47271" lon="128.93788">
        <ele>271.5</ele>
      </trkpt>
      <trkpt lat="35.47267" lon="128.93761">
        <ele>273.6</ele>
      </trkpt>
      <trkpt lat="35.47252" lon="128.937379">
        <ele>279.1</ele>
      </trkpt>
      <trkpt lat="35.47196" lon="128.93698">
        <ele>282.9</ele>
      </trkpt>
      <trkpt lat="35.47174" lon="128.936669">
        <ele>280.9</ele>
      </trkpt>
      <trkpt lat="35.47163" lon="128.936568">
        <ele>280.6</ele>
      </trkpt>
      <trkpt lat="35.47117" lon="128.93633">
        <ele>282.2</ele>
      </trkpt>
      <trkpt lat="35.47101" lon="128.93615">
        <ele>279.3</ele>
      </trkpt>
      <trkpt lat="35.47075" lon="128.93591">
        <ele>274.5</ele>
      </trkpt>
      <trkpt lat="35.47062" lon="128.935848">
        <ele>271.4</ele>
      </trkpt>
      <trkpt lat="35.47021" lon="128.93583">
        <ele>268.1</ele>
      </trkpt>
      <trkpt lat="35.46989" lon="128.9359">
        <ele>268.2</ele>
      </trkpt>
      <trkpt lat="35.46963" lon="128.936">
        <ele>268.2</ele>
      </trkpt>
      <trkpt lat="35.46935" lon="128.93615">
        <ele>269.4</ele>
      </trkpt>
      <trkpt lat="35.46917" lon="128.936219">
        <ele>268.9</ele>
      </trkpt>
      <trkpt lat="35.46902" lon="128.936219">
        <ele>270.8</ele>
      </trkpt>
      <trkpt lat="35.46886" lon="128.93615">
        <ele>271.3</ele>
      </trkpt>
      <trkpt lat="35.46879" lon="128.9361">
        <ele>271.5</ele>
      </trkpt>
      <trkpt lat="35.46874" lon="128.93596">
        <ele>270.0</ele>
      </trkpt>
      <trkpt lat="35.46872" lon="128.9357">
        <ele>269.9</ele>
      </trkpt>
      <trkpt lat="35.46875" lon="128.93555">
        <ele>270.4</ele>
      </trkpt>
      <trkpt lat="35.46895" lon="128.9352">
        <ele>264.0</ele>
      </trkpt>
      <trkpt lat="35.46913" lon="128.93491">
        <ele>256.1</ele>
      </trkpt>
      <trkpt lat="35.46918" lon="128.934767">
        <ele>255.4</ele>
      </trkpt>
      <trkpt lat="35.46931" lon="128.93427">
        <ele>256.6</ele>
      </trkpt>
      <trkpt lat="35.46939" lon="128.93411">
        <ele>254.8</ele>
      </trkpt>
      <trkpt lat="35.46943" lon="128.93403">
        <ele>253.9</ele>
      </trkpt>
      <trkpt lat="35.4698" lon="128.933698">
        <ele>242.5</ele>
      </trkpt>
      <trkpt lat="35.46985" lon="128.93356">
        <ele>241.7</ele>
      </trkpt>
      <trkpt lat="35.46986" lon="128.933427">
        <ele>242.4</ele>
      </trkpt>
      <trkpt lat="35.46985" lon="128.933258">
        <ele>242.6</ele>
      </trkpt>
      <trkpt lat="35.46974" lon="128.93295">
        <ele>242.0</ele>
      </trkpt>
      <trkpt lat="35.46948" lon="128.93243">
        <ele>242.7</ele>
      </trkpt>
      <trkpt lat="35.46935" lon="128.93224">
        <ele>243.5</ele>
      </trkpt>
      <trkpt lat="35.46887" lon="128.93177">
        <ele>248.0</ele>
      </trkpt>
      <trkpt lat="35.46879" lon="128.9316">
        <ele>247.9</ele>
      </trkpt>
      <trkpt lat="35.46874" lon="128.93142">
        <ele>247.7</ele>
      </trkpt>
      <trkpt lat="35.4687" lon="128.931198">
        <ele>246.8</ele>
      </trkpt>
      <trkpt lat="35.4687" lon="128.93106">
        <ele>245.6</ele>
      </trkpt>
      <trkpt lat="35.46872" lon="128.93095">
        <ele>244.2</ele>
      </trkpt>
      <trkpt lat="35.46879" lon="128.930748">
        <ele>242.9</ele>
      </trkpt>
      <trkpt lat="35.46886" lon="128.93065">
        <ele>243.1</ele>
      </trkpt>
      <trkpt lat="35.46903" lon="128.930489">
        <ele>243.1</ele>
      </trkpt>
      <trkpt lat="35.46917" lon="128.93042">
        <ele>242.4</ele>
      </trkpt>
      <trkpt lat="35.46945" lon="128.93045">
        <ele>242.1</ele>
      </trkpt>
      <trkpt lat="35.47014" lon="128.93069">
        <ele>232.1</ele>
      </trkpt>
      <trkpt lat="35.4709" lon="128.93088">
        <ele>228.7</ele>
      </trkpt>
      <trkpt lat="35.47167" lon="128.93108">
        <ele>234.1</ele>
      </trkpt>
      <trkpt lat="35.47243" lon="128.93127">
        <ele>230.8</ele>
      </trkpt>
      <trkpt lat="35.47265" lon="128.931288">
        <ele>229.1</ele>
      </trkpt>
      <trkpt lat="35.47283" lon="128.93127">
        <ele>228.0</ele>
      </trkpt>
      <trkpt lat="35.47324" lon="128.93115">
        <ele>227.3</ele>
      </trkpt>
      <trkpt lat="35.47371" lon="128.93116">
        <ele>226.6</ele>
      </trkpt>
      <trkpt lat="35.47395" lon="128.93121">
        <ele>225.7</ele>
      </trkpt>
      <trkpt lat="35.47426" lon="128.93123">
        <ele>225.3</ele>
      </trkpt>
      <trkpt lat="35.475" lon="128.93105">
        <ele>228.8</ele>
      </trkpt>
      <trkpt lat="35.47547" lon="128.93086">
        <ele>225.9</ele>
      </trkpt>
      <trkpt lat="35.47607" lon="128.930399">
        <ele>226.6</ele>
      </trkpt>
      <trkpt lat="35.47642" lon="128.93002">
        <ele>226.6</ele>
      </trkpt>
      <trkpt lat="35.47652" lon="128.9298">
        <ele>227.8</ele>
      </trkpt>
      <trkpt lat="35.4767" lon="128.92944">
        <ele>228.7</ele>
      </trkpt>
      <trkpt lat="35.47677" lon="128.92936">
        <ele>230.1</ele>
      </trkpt>
      <trkpt lat="35.47683" lon="128.929318">
        <ele>231.0</ele>
      </trkpt>
      <trkpt lat="35.4769" lon="128.9293">
        <ele>231.6</ele>
      </trkpt>
      <trkpt lat="35.47701" lon="128.92929">
        <ele>232.1</ele>
      </trkpt>
      <trkpt lat="35.47715" lon="128.92933">
        <ele>231.4</ele>
      </trkpt>
      <trkpt lat="35.47766" lon="128.92978">
        <ele>218.0</ele>
      </trkpt>
      <trkpt lat="35.47787" lon="128.92988">
        <ele>216.6</ele>
      </trkpt>
      <trkpt lat="35.4783" lon="128.92989">
        <ele>221.0</ele>
      </trkpt>
      <trkpt lat="35.4787" lon="128.92982">
        <ele>216.5</ele>
      </trkpt>
      <trkpt lat="35.47894" lon="128.92969">
        <ele>216.8</ele>
      </trkpt>
      <trkpt lat="35.47914" lon="128.92948">
        <ele>221.1</ele>
      </trkpt>
      <trkpt lat="35.47947" lon="128.929">
        <ele>231.1</ele>
      </trkpt>
      <trkpt lat="35.47996" lon="128.92865">
        <ele>228.8</ele>
      </trkpt>
      <trkpt lat="35.48037" lon="128.92837">
        <ele>223.7</ele>
      </trkpt>
      <trkpt lat="35.48045" lon="128.9283">
        <ele>222.3</ele>
      </trkpt>
      <trkpt lat="35.48052" lon="128.92818">
        <ele>222.3</ele>
      </trkpt>
      <trkpt lat="35.48058" lon="128.92795">
        <ele>226.0</ele>
      </trkpt>
      <trkpt lat="35.48065" lon="128.92775">
        <ele>228.5</ele>
      </trkpt>
      <trkpt lat="35.48073" lon="128.92763">
        <ele>228.5</ele>
      </trkpt>
      <trkpt lat="35.48081" lon="128.92756">
        <ele>227.2</ele>
      </trkpt>
      <trkpt lat="35.48096" lon="128.92751">
        <ele>230.6</ele>
      </trkpt>
      <trkpt lat="35.48107" lon="128.927529">
        <ele>232.3</ele>
      </trkpt>
      <trkpt lat="35.48118" lon="128.92759">
        <ele>232.5</ele>
      </trkpt>
      <trkpt lat="35.48134" lon="128.927709">
        <ele>230.8</ele>
      </trkpt>
      <trkpt lat="35.48153" lon="128.9279">
        <ele>225.5</ele>
      </trkpt>
      <trkpt lat="35.48193" lon="128.92817">
        <ele>223.0</ele>
      </trkpt>
      <trkpt lat="35.48234" lon="128.92844">
        <ele>222.5</ele>
      </trkpt>
      <trkpt lat="35.48278" lon="128.92862">
        <ele>220.3</ele>
      </trkpt>
      <trkpt lat="35.48331" lon="128.92872">
        <ele>217.1</ele>
      </trkpt>
      <trkpt lat="35.48352" lon="128.92872">
        <ele>214.0</ele>
      </trkpt>
      <trkpt lat="35.48373" lon="128.92856">
        <ele>217.1</ele>
      </trkpt>
      <trkpt lat="35.48383" lon="128.9285">
        <ele>218.0</ele>
      </trkpt>
      <trkpt lat="35.48394" lon="128.92846">
        <ele>218.0</ele>
      </trkpt>
      <trkpt lat="35.48469" lon="128.92845">
        <ele>202.5</ele>
      </trkpt>
      <trkpt lat="35.48483" lon="128.92836">
        <ele>202.3</ele>
      </trkpt>
      <trkpt lat="35.48551" lon="128.92769">
        <ele>192.6</ele>
      </trkpt>
      <trkpt lat="35.48592" lon="128.927247">
        <ele>185.3</ele>
      </trkpt>
      <trkpt lat="35.48632" lon="128.926797">
        <ele>186.2</ele>
      </trkpt>
      <trkpt lat="35.48686" lon="128.92634">
        <ele>190.6</ele>
      </trkpt>
      <trkpt lat="35.48717" lon="128.9262">
        <ele>188.2</ele>
      </trkpt>
      <trkpt lat="35.48734" lon="128.92615">
        <ele>185.4</ele>
      </trkpt>
      <trkpt lat="35.48785" lon="128.92613">
        <ele>177.5</ele>
      </trkpt>
      <trkpt lat="35.48833" lon="128.926178">
        <ele>169.6</ele>
      </trkpt>
      <trkpt lat="35.48857" lon="128.926189">
        <ele>163.8</ele>
      </trkpt>
      <trkpt lat="35.48883" lon="128.92614">
        <ele>160.0</ele>
      </trkpt>
      <trkpt lat="35.48894" lon="128.926088">
        <ele>159.2</ele>
      </trkpt>
      <trkpt lat="35.48915" lon="128.92593">
        <ele>158.7</ele>
      </trkpt>
      <trkpt lat="35.48937" lon="128.9257">
        <ele>156.5</ele>
      </trkpt>
      <trkpt lat="35.48972" lon="128.92549">
        <ele>148.2</ele>
      </trkpt>
      <trkpt lat="35.48994" lon="128.92545">
        <ele>142.1</ele>
      </trkpt>
      <trkpt lat="35.49011" lon="128.925457">
        <ele>141.2</ele>
      </trkpt>
      <trkpt lat="35.49048" lon="128.92558">
        <ele>142.3</ele>
      </trkpt>
      <trkpt lat="35.49059" lon="128.92567">
        <ele>141.2</ele>
      </trkpt>
      <trkpt lat="35.49084" lon="128.925919">
        <ele>136.9</ele>
      </trkpt>
      <trkpt lat="35.49092" lon="128.92606">
        <ele>135.5</ele>
      </trkpt>
      <trkpt lat="35.49121" lon="128.92683">
        <ele>125.1</ele>
      </trkpt>
      <trkpt lat="35.49145" lon="128.9274">
        <ele>122.9</ele>
      </trkpt>
      <trkpt lat="35.49158" lon="128.92772">
        <ele>121.6</ele>
      </trkpt>
      <trkpt lat="35.49176" lon="128.9282">
        <ele>119.8</ele>
      </trkpt>
      <trkpt lat="35.49184" lon="128.92841">
        <ele>119.1</ele>
      </trkpt>
      <trkpt lat="35.49211" lon="128.928789">
        <ele>121.0</ele>
      </trkpt>
      <trkpt lat="35.49223" lon="128.928857">
        <ele>121.5</ele>
      </trkpt>
      <trkpt lat="35.49276" lon="128.92907">
        <ele>125.5</ele>
      </trkpt>
      <trkpt lat="35.49295" lon="128.92908">
        <ele>127.3</ele>
      </trkpt>
      <trkpt lat="35.49363" lon="128.9289">
        <ele>127.6</ele>
      </trkpt>
      <trkpt lat="35.49409" lon="128.928857">
        <ele>126.6</ele>
      </trkpt>
      <trkpt lat="35.49454" lon="128.92882">
        <ele>127.1</ele>
      </trkpt>
      <trkpt lat="35.49533" lon="128.92885">
        <ele>129.3</ele>
      </trkpt>
      <trkpt lat="35.49594" lon="128.928857">
        <ele>129.0</ele>
      </trkpt>
      <trkpt lat="35.49638" lon="128.928857">
        <ele>127.9</ele>
      </trkpt>
      <trkpt lat="35.49683" lon="128.92874">
        <ele>124.1</ele>
      </trkpt>
      <trkpt lat="35.49719" lon="128.92863">
        <ele>121.3</ele>
      </trkpt>
      <trkpt lat="35.49731" lon="128.92856">
        <ele>120.2</ele>
      </trkpt>
      <trkpt lat="35.49781" lon="128.9284">
        <ele>118.7</ele>
      </trkpt>
      <trkpt lat="35.49819" lon="128.9281">
        <ele>116.7</ele>
      </trkpt>
      <trkpt lat="35.49871" lon="128.92742">
        <ele>114.3</ele>
      </trkpt>
      <trkpt lat="35.49924" lon="128.92675">
        <ele>115.1</ele>
      </trkpt>
      <trkpt lat="35.49955" lon="128.92629">
        <ele>114.9</ele>
      </trkpt>
      <trkpt lat="35.49987" lon="128.925829">
        <ele>116.4</ele>
      </trkpt>
      <trkpt lat="35.50037" lon="128.92518">
        <ele>114.4</ele>
      </trkpt>
      <trkpt lat="35.50093" lon="128.92468">
        <ele>112.4</ele>
      </trkpt>
      <trkpt lat="35.50161" lon="128.92437">
        <ele>111.1</ele>
      </trkpt>
      <trkpt lat="35.50219" lon="128.92414">
        <ele>110.9</ele>
      </trkpt>
      <trkpt lat="35.50278" lon="128.92392">
        <ele>114.2</ele>
      </trkpt>
      <trkpt lat="35.50352" lon="128.923589">
        <ele>118.0</ele>
      </trkpt>
      <trkpt lat="35.50377" lon="128.923498">
        <ele>118.5</ele>
      </trkpt>
      <trkpt lat="35.50403" lon="128.92345">
        <ele>119.5</ele>
      </trkpt>
      <trkpt lat="35.50463" lon="128.92356">
        <ele>121.8</ele>
      </trkpt>
      <trkpt lat="35.50522" lon="128.9237">
        <ele>122.5</ele>
      </trkpt>
      <trkpt lat="35.50571" lon="128.92381">
        <ele>121.8</ele>
      </trkpt>
      <trkpt lat="35.50618" lon="128.92398">
        <ele>121.5</ele>
      </trkpt>
      <trkpt lat="35.50664" lon="128.92415">
        <ele>119.1</ele>
      </trkpt>
      <trkpt lat="35.50717" lon="128.92438">
        <ele>120.4</ele>
      </trkpt>
      <trkpt lat="35.50789" lon="128.92474">
        <ele>121.6</ele>
      </trkpt>
      <trkpt lat="35.50836" lon="128.92491">
        <ele>116.8</ele>
      </trkpt>
      <trkpt lat="35.50882" lon="128.92509">
        <ele>117.7</ele>
      </trkpt>
      <trkpt lat="35.50941" lon="128.92527">
        <ele>117.8</ele>
      </trkpt>
      <trkpt lat="35.51027" lon="128.92542">
        <ele>118.6</ele>
      </trkpt>
      <trkpt lat="35.51073" lon="128.92544">
        <ele>119.0</ele>
      </trkpt>
      <trkpt lat="35.51118" lon="128.92543">
        <ele>119.3</ele>
      </trkpt>
      <trkpt lat="35.51186" lon="128.92515">
        <ele>113.3</ele>
      </trkpt>
      <trkpt lat="35.51219" lon="128.925007">
        <ele>112.0</ele>
      </trkpt>
      <trkpt lat="35.51256" lon="128.92489">
        <ele>113.8</ele>
      </trkpt>
      <trkpt lat="35.51336" lon="128.92456">
        <ele>112.5</ele>
      </trkpt>
      <trkpt lat="35.51399" lon="128.92428">
        <ele>114.3</ele>
      </trkpt>
      <trkpt lat="35.51448" lon="128.923938">
        <ele>120.3</ele>
      </trkpt>
      <trkpt lat="35.51481" lon="128.923487">
        <ele>119.5</ele>
      </trkpt>
      <trkpt lat="35.51508" lon="128.92302">
        <ele>118.0</ele>
      </trkpt>
      <trkpt lat="35.51535" lon="128.92254">
        <ele>120.7</ele>
      </trkpt>
      <trkpt lat="35.51546" lon="128.92227">
        <ele>121.8</ele>
      </trkpt>
      <trkpt lat="35.51559" lon="128.92183">
        <ele>121.7</ele>
      </trkpt>
      <trkpt lat="35.51566" lon="128.921258">
        <ele>117.7</ele>
      </trkpt>
      <trkpt lat="35.51567" lon="128.92068">
        <ele>113.1</ele>
      </trkpt>
      <trkpt lat="35.51568" lon="128.920099">
        <ele>112.8</ele>
      </trkpt>
      <trkpt lat="35.51574" lon="128.91967">
        <ele>111.8</ele>
      </trkpt>
      <trkpt lat="35.51596" lon="128.9189">
        <ele>112.7</ele>
      </trkpt>
      <trkpt lat="35.51617" lon="128.918129">
        <ele>109.0</ele>
      </trkpt>
      <trkpt lat="35.51639" lon="128.91737">
        <ele>110.3</ele>
      </trkpt>
      <trkpt lat="35.51649" lon="128.917138">
        <ele>113.6</ele>
      </trkpt>
      <trkpt lat="35.51652" lon="128.91684">
        <ele>115.3</ele>
      </trkpt>
      <trkpt lat="35.5165" lon="128.91666">
        <ele>115.3</ele>
      </trkpt>
      <trkpt lat="35.51632" lon="128.915709">
        <ele>122.0</ele>
      </trkpt>
      <trkpt lat="35.51626" lon="128.91548">
        <ele>122.8</ele>
      </trkpt>
      <trkpt lat="35.51608" lon="128.91498">
        <ele>119.5</ele>
      </trkpt>
      <trkpt lat="35.51595" lon="128.914538">
        <ele>117.3</ele>
      </trkpt>
      <trkpt lat="35.51579" lon="128.91389">
        <ele>112.1</ele>
      </trkpt>
      <trkpt lat="35.51573" lon="128.913108">
        <ele>107.1</ele>
      </trkpt>
      <trkpt lat="35.51574" lon="128.91224">
        <ele>99.1</ele>
      </trkpt>
      <trkpt lat="35.51583" lon="128.9118">
        <ele>93.8</ele>
      </trkpt>
      <trkpt lat="35.51627" lon="128.911149">
        <ele>94.7</ele>
      </trkpt>
      <trkpt lat="35.51627" lon="128.911149">
        <ele>94.7</ele>
      </trkpt>
      <trkpt lat="35.51674" lon="128.91081">
        <ele>93.6</ele>
      </trkpt>
      <trkpt lat="35.51699" lon="128.91067">
        <ele>95.5</ele>
      </trkpt>
      <trkpt lat="35.51751" lon="128.91038">
        <ele>95.4</ele>
      </trkpt>
      <trkpt lat="35.51816" lon="128.910249">
        <ele>93.6</ele>
      </trkpt>
      <trkpt lat="35.51888" lon="128.91023">
        <ele>92.9</ele>
      </trkpt>
      <trkpt lat="35.51956" lon="128.9102">
        <ele>91.7</ele>
      </trkpt>
      <trkpt lat="35.52007" lon="128.910159">
        <ele>90.3</ele>
      </trkpt>
      <trkpt lat="35.52073" lon="128.910159">
        <ele>89.5</ele>
      </trkpt>
      <trkpt lat="35.52145" lon="128.91041">
        <ele>90.0</ele>
      </trkpt>
      <trkpt lat="35.52195" lon="128.91066">
        <ele>90.7</ele>
      </trkpt>
      <trkpt lat="35.52244" lon="128.91091">
        <ele>94.1</ele>
      </trkpt>
      <trkpt lat="35.52288" lon="128.91111">
        <ele>102.6</ele>
      </trkpt>
      <trkpt lat="35.52332" lon="128.91119">
        <ele>106.1</ele>
      </trkpt>
      <trkpt lat="35.52398" lon="128.91113">
        <ele>93.7</ele>
      </trkpt>
      <trkpt lat="35.52419" lon="128.911059">
        <ele>90.4</ele>
      </trkpt>
      <trkpt lat="35.5244" lon="128.91174">
        <ele>94.0</ele>
      </trkpt>
      <trkpt lat="35.52467" lon="128.91279">
        <ele>102.3</ele>
      </trkpt>
      <trkpt lat="35.52505" lon="128.91378">
        <ele>97.5</ele>
      </trkpt>
      <trkpt lat="35.52542" lon="128.91477">
        <ele>99.6</ele>
      </trkpt>
      <trkpt lat="35.52566" lon="128.9155">
        <ele>99.5</ele>
      </trkpt>
      <trkpt lat="35.52573" lon="128.91584">
        <ele>99.4</ele>
      </trkpt>
      <trkpt lat="35.52576" lon="128.916159">
        <ele>99.9</ele>
      </trkpt>
      <trkpt lat="35.52582" lon="128.917059">
        <ele>102.4</ele>
      </trkpt>
      <trkpt lat="35.52589" lon="128.91781">
        <ele>101.8</ele>
      </trkpt>
      <trkpt lat="35.525918" lon="128.918273">
        <ele>101.0</ele>
      </trkpt>
      <trkpt lat="35.52592" lon="128.918309">
        <ele>101.4</ele>
      </trkpt>
      <trkpt lat="35.52593" lon="128.91854">
        <ele>101.3</ele>
      </trkpt>
      <trkpt lat="35.52591" lon="128.91863">
        <ele>101.6</ele>
      </trkpt>
      <trkpt lat="35.52585" lon="128.9189">
        <ele>102.3</ele>
      </trkpt>
      <trkpt lat="35.52581" lon="128.918928">
        <ele>102.6</ele>
      </trkpt>
      <trkpt lat="35.52579" lon="128.91897">
        <ele>102.8</ele>
      </trkpt>
      <trkpt lat="35.52578" lon="128.919018">
        <ele>102.9</ele>
      </trkpt>
      <trkpt lat="35.52578" lon="128.91907">
        <ele>102.9</ele>
      </trkpt>
      <trkpt lat="35.5258" lon="128.919108">
        <ele>102.9</ele>
      </trkpt>
      <trkpt lat="35.52583" lon="128.91914">
        <ele>102.9</ele>
      </trkpt>
      <trkpt lat="35.52588" lon="128.91916">
        <ele>102.9</ele>
      </trkpt>
      <trkpt lat="35.52601" lon="128.9193">
        <ele>103.0</ele>
      </trkpt>
      <trkpt lat="35.52606" lon="128.919367">
        <ele>103.1</ele>
      </trkpt>
      <trkpt lat="35.52611" lon="128.91949">
        <ele>103.3</ele>
      </trkpt>
      <trkpt lat="35.52643" lon="128.92024">
        <ele>105.6</ele>
      </trkpt>
      <trkpt lat="35.52675" lon="128.920977">
        <ele>108.4</ele>
      </trkpt>
      <trkpt lat="35.52707" lon="128.92173">
        <ele>110.3</ele>
      </trkpt>
      <trkpt lat="35.52723" lon="128.92205">
        <ele>113.2</ele>
      </trkpt>
      <trkpt lat="35.52741" lon="128.92222">
        <ele>114.6</ele>
      </trkpt>
      <trkpt lat="35.52757" lon="128.922328">
        <ele>115.5</ele>
      </trkpt>
      <trkpt lat="35.527784" lon="128.922461">
        <ele>116.2</ele>
      </trkpt>
      <trkpt lat="35.52837" lon="128.92282">
        <ele>119.2</ele>
      </trkpt>
      <trkpt lat="35.5286" lon="128.92294">
        <ele>119.9</ele>
      </trkpt>
      <trkpt lat="35.5293" lon="128.92316">
        <ele>120.3</ele>
      </trkpt>
      <trkpt lat="35.53001" lon="128.92339">
        <ele>124.1</ele>
      </trkpt>
      <trkpt lat="35.53022" lon="128.92343">
        <ele>124.1</ele>
      </trkpt>
      <trkpt lat="35.53043" lon="128.92344">
        <ele>123.4</ele>
      </trkpt>
      <trkpt lat="35.53101" lon="128.92342">
        <ele>121.8</ele>
      </trkpt>
      <trkpt lat="35.5316" lon="128.923397">
        <ele>122.8</ele>
      </trkpt>
      <trkpt lat="35.53184" lon="128.92342">
        <ele>122.6</ele>
      </trkpt>
      <trkpt lat="35.53207" lon="128.92348">
        <ele>123.2</ele>
      </trkpt>
      <trkpt lat="35.53226" lon="128.92357">
        <ele>124.8</ele>
      </trkpt>
      <trkpt lat="35.53298" lon="128.92411">
        <ele>132.7</ele>
      </trkpt>
      <trkpt lat="35.53324" lon="128.924208">
        <ele>132.0</ele>
      </trkpt>
      <trkpt lat="35.53351" lon="128.92426">
        <ele>132.5</ele>
      </trkpt>
      <trkpt lat="35.53375" lon="128.92426">
        <ele>132.0</ele>
      </trkpt>
      <trkpt lat="35.534114" lon="128.924182">
        <ele>128.6</ele>
      </trkpt>
      <trkpt lat="35.53411" lon="128.92418">
        <ele>128.5</ele>
      </trkpt>
      <trkpt lat="35.53442" lon="128.924118">
        <ele>129.4</ele>
      </trkpt>
      <trkpt lat="35.53442" lon="128.924118">
        <ele>129.4</ele>
      </trkpt>
      <trkpt lat="35.53518" lon="128.92392">
        <ele>134.0</ele>
      </trkpt>
      <trkpt lat="35.535178" lon="128.92392">
        <ele>134.0</ele>
      </trkpt>
      <trkpt lat="35.53544" lon="128.923847">
        <ele>135.1</ele>
      </trkpt>
      <trkpt lat="35.53576" lon="128.92383">
        <ele>136.4</ele>
      </trkpt>
      <trkpt lat="35.53602" lon="128.92387">
        <ele>136.7</ele>
      </trkpt>
      <trkpt lat="35.53664" lon="128.92407">
        <ele>137.8</ele>
      </trkpt>
      <trkpt lat="35.53725" lon="128.92428">
        <ele>142.4</ele>
      </trkpt>
      <trkpt lat="35.53751" lon="128.924309">
        <ele>143.3</ele>
      </trkpt>
      <trkpt lat="35.53772" lon="128.924309">
        <ele>144.5</ele>
      </trkpt>
      <trkpt lat="35.538" lon="128.92427">
        <ele>144.9</ele>
      </trkpt>
      <trkpt lat="35.5386" lon="128.924129">
        <ele>144.8</ele>
      </trkpt>
      <trkpt lat="35.5392" lon="128.92399">
        <ele>145.8</ele>
      </trkpt>
      <trkpt lat="35.5394" lon="128.92399">
        <ele>146.4</ele>
      </trkpt>
      <trkpt lat="35.54005" lon="128.924028">
        <ele>148.7</ele>
      </trkpt>
      <trkpt lat="35.54078" lon="128.92414">
        <ele>149.8</ele>
      </trkpt>
      <trkpt lat="35.54092" lon="128.92415">
        <ele>149.8</ele>
      </trkpt>
      <trkpt lat="35.54109" lon="128.92419">
        <ele>149.9</ele>
      </trkpt>
      <trkpt lat="35.54125" lon="128.92429">
        <ele>150.2</ele>
      </trkpt>
      <trkpt lat="35.5414" lon="128.92442">
        <ele>150.4</ele>
      </trkpt>
      <trkpt lat="35.5416" lon="128.92468">
        <ele>150.1</ele>
      </trkpt>
      <trkpt lat="35.54174" lon="128.92504">
        <ele>151.4</ele>
      </trkpt>
      <trkpt lat="35.54201" lon="128.925829">
        <ele>159.0</ele>
      </trkpt>
      <trkpt lat="35.54229" lon="128.92662">
        <ele>165.6</ele>
      </trkpt>
      <trkpt lat="35.54256" lon="128.92741">
        <ele>174.1</ele>
      </trkpt>
      <trkpt lat="35.54283" lon="128.9282">
        <ele>180.4</ele>
      </trkpt>
      <trkpt lat="35.54322" lon="128.92915">
        <ele>191.7</ele>
      </trkpt>
      <trkpt lat="35.54361" lon="128.93011">
        <ele>202.9</ele>
      </trkpt>
      <trkpt lat="35.54382" lon="128.93044">
        <ele>205.0</ele>
      </trkpt>
      <trkpt lat="35.54413" lon="128.93082">
        <ele>209.0</ele>
      </trkpt>
      <trkpt lat="35.54433" lon="128.93097">
        <ele>211.3</ele>
      </trkpt>
      <trkpt lat="35.54491" lon="128.93133">
        <ele>216.9</ele>
      </trkpt>
      <trkpt lat="35.54548" lon="128.93168">
        <ele>223.5</ele>
      </trkpt>
      <trkpt lat="35.54614" lon="128.93199">
        <ele>229.6</ele>
      </trkpt>
      <trkpt lat="35.54679" lon="128.93229">
        <ele>233.4</ele>
      </trkpt>
      <trkpt lat="35.547" lon="128.93242">
        <ele>233.1</ele>
      </trkpt>
      <trkpt lat="35.54719" lon="128.93265">
        <ele>233.6</ele>
      </trkpt>
      <trkpt lat="35.54777" lon="128.93347">
        <ele>240.8</ele>
      </trkpt>
      <trkpt lat="35.54809" lon="128.93387">
        <ele>248.6</ele>
      </trkpt>
      <trkpt lat="35.54833" lon="128.93412">
        <ele>252.7</ele>
      </trkpt>
      <trkpt lat="35.54857" lon="128.93431">
        <ele>258.0</ele>
      </trkpt>
      <trkpt lat="35.54878" lon="128.934399">
        <ele>259.8</ele>
      </trkpt>
      <trkpt lat="35.5489" lon="128.93445">
        <ele>260.7</ele>
      </trkpt>
      <trkpt lat="35.54967" lon="128.93466">
        <ele>265.8</ele>
      </trkpt>
      <trkpt lat="35.54981" lon="128.93476">
        <ele>267.3</ele>
      </trkpt>
      <trkpt lat="35.55014" lon="128.935127">
        <ele>270.7</ele>
      </trkpt>
      <trkpt lat="35.55067" lon="128.9357">
        <ele>276.1</ele>
      </trkpt>
      <trkpt lat="35.55083" lon="128.935848">
        <ele>277.7</ele>
      </trkpt>
      <trkpt lat="35.551" lon="128.9359">
        <ele>281.5</ele>
      </trkpt>
      <trkpt lat="35.55129" lon="128.935938">
        <ele>285.6</ele>
      </trkpt>
      <trkpt lat="35.55136" lon="128.93598">
        <ele>287.2</ele>
      </trkpt>
      <trkpt lat="35.55146" lon="128.93606">
        <ele>289.5</ele>
      </trkpt>
      <trkpt lat="35.55175" lon="128.93642">
        <ele>296.5</ele>
      </trkpt>
      <trkpt lat="35.55194" lon="128.936568">
        <ele>300.8</ele>
      </trkpt>
      <trkpt lat="35.55211" lon="128.93653">
        <ele>303.2</ele>
      </trkpt>
      <trkpt lat="35.55223" lon="128.936298">
        <ele>305.4</ele>
      </trkpt>
      <trkpt lat="35.55227" lon="128.93606">
        <ele>306.9</ele>
      </trkpt>
      <trkpt lat="35.55228" lon="128.9359">
        <ele>307.7</ele>
      </trkpt>
      <trkpt lat="35.55239" lon="128.93578">
        <ele>313.6</ele>
      </trkpt>
      <trkpt lat="35.55253" lon="128.935769">
        <ele>318.8</ele>
      </trkpt>
      <trkpt lat="35.55269" lon="128.93596">
        <ele>321.0</ele>
      </trkpt>
      <trkpt lat="35.55303" lon="128.93694">
        <ele>325.4</ele>
      </trkpt>
      <trkpt lat="35.55322" lon="128.93739">
        <ele>331.2</ele>
      </trkpt>
      <trkpt lat="35.55342" lon="128.9375">
        <ele>332.7</ele>
      </trkpt>
      <trkpt lat="35.5536" lon="128.93734">
        <ele>336.4</ele>
      </trkpt>
      <trkpt lat="35.55363" lon="128.93708">
        <ele>337.7</ele>
      </trkpt>
      <trkpt lat="35.5536" lon="128.936568">
        <ele>340.1</ele>
      </trkpt>
      <trkpt lat="35.55364" lon="128.93642">
        <ele>345.3</ele>
      </trkpt>
      <trkpt lat="35.55373" lon="128.93635">
        <ele>350.3</ele>
      </trkpt>
      <trkpt lat="35.5538" lon="128.93638">
        <ele>352.0</ele>
      </trkpt>
      <trkpt lat="35.55418" lon="128.93703">
        <ele>352.6</ele>
      </trkpt>
      <trkpt lat="35.55456" lon="128.93769">
        <ele>360.2</ele>
      </trkpt>
      <trkpt lat="35.55513" lon="128.9384">
        <ele>365.4</ele>
      </trkpt>
      <trkpt lat="35.5554" lon="128.938628">
        <ele>376.7</ele>
      </trkpt>
      <trkpt lat="35.55552" lon="128.93857">
        <ele>378.7</ele>
      </trkpt>
      <trkpt lat="35.55559" lon="128.93841">
        <ele>378.6</ele>
      </trkpt>
      <trkpt lat="35.55542" lon="128.93797">
        <ele>381.8</ele>
      </trkpt>
      <trkpt lat="35.55539" lon="128.937818">
        <ele>384.4</ele>
      </trkpt>
      <trkpt lat="35.55546" lon="128.93772">
        <ele>389.6</ele>
      </trkpt>
      <trkpt lat="35.55559" lon="128.93771">
        <ele>395.0</ele>
      </trkpt>
      <trkpt lat="35.55603" lon="128.938279">
        <ele>397.7</ele>
      </trkpt>
      <trkpt lat="35.556331" lon="128.938662">
        <ele>407.4</ele>
      </trkpt>
      <trkpt lat="35.55648" lon="128.93885">
        <ele>409.4</ele>
      </trkpt>
      <trkpt lat="35.55663" lon="128.93911">
        <ele>406.9</ele>
      </trkpt>
      <trkpt lat="35.55674" lon="128.93941">
        <ele>414.2</ele>
      </trkpt>
      <trkpt lat="35.55708" lon="128.939979">
        <ele>429.2</ele>
      </trkpt>
      <trkpt lat="35.5573" lon="128.940058">
        <ele>433.2</ele>
      </trkpt>
      <trkpt lat="35.55748" lon="128.93987">
        <ele>429.7</ele>
      </trkpt>
      <trkpt lat="35.55757" lon="128.939529">
        <ele>431.3</ele>
      </trkpt>
      <trkpt lat="35.55753" lon="128.93914">
        <ele>431.2</ele>
      </trkpt>
      <trkpt lat="35.55763" lon="128.938977">
        <ele>441.3</ele>
      </trkpt>
      <trkpt lat="35.55781" lon="128.93906">
        <ele>443.9</ele>
      </trkpt>
      <trkpt lat="35.55837" lon="128.93992">
        <ele>447.1</ele>
      </trkpt>
      <trkpt lat="35.55879" lon="128.940508">
        <ele>466.2</ele>
      </trkpt>
      <trkpt lat="35.55897" lon="128.94056">
        <ele>468.2</ele>
      </trkpt>
      <trkpt lat="35.55913" lon="128.940519">
        <ele>468.9</ele>
      </trkpt>
      <trkpt lat="35.5592" lon="128.940429">
        <ele>469.2</ele>
      </trkpt>
      <trkpt lat="35.5592" lon="128.94023">
        <ele>468.1</ele>
      </trkpt>
      <trkpt lat="35.55899" lon="128.93973">
        <ele>467.7</ele>
      </trkpt>
      <trkpt lat="35.55895" lon="128.939517">
        <ele>471.3</ele>
      </trkpt>
      <trkpt lat="35.55901" lon="128.93937">
        <ele>476.6</ele>
      </trkpt>
      <trkpt lat="35.55916" lon="128.93929">
        <ele>483.7</ele>
      </trkpt>
      <trkpt lat="35.55939" lon="128.939349">
        <ele>489.9</ele>
      </trkpt>
      <trkpt lat="35.55964" lon="128.93965">
        <ele>489.2</ele>
      </trkpt>
      <trkpt lat="35.55993" lon="128.94002">
        <ele>486.0</ele>
      </trkpt>
      <trkpt lat="35.56005" lon="128.94018">
        <ele>487.7</ele>
      </trkpt>
      <trkpt lat="35.56015" lon="128.94028">
        <ele>489.4</ele>
      </trkpt>
      <trkpt lat="35.56058" lon="128.94093">
        <ele>496.0</ele>
      </trkpt>
      <trkpt lat="35.5609" lon="128.9412">
        <ele>506.1</ele>
      </trkpt>
      <trkpt lat="35.56107" lon="128.94112">
        <ele>511.0</ele>
      </trkpt>
      <trkpt lat="35.56109" lon="128.94085">
        <ele>510.3</ele>
      </trkpt>
      <trkpt lat="35.56088" lon="128.94054">
        <ele>506.6</ele>
      </trkpt>
      <trkpt lat="35.56069" lon="128.940238">
        <ele>504.9</ele>
      </trkpt>
      <trkpt lat="35.56064" lon="128.94014">
        <ele>504.7</ele>
      </trkpt>
      <trkpt lat="35.56068" lon="128.94">
        <ele>507.6</ele>
      </trkpt>
      <trkpt lat="35.56084" lon="128.93994">
        <ele>515.1</ele>
      </trkpt>
      <trkpt lat="35.56098" lon="128.93996">
        <ele>519.7</ele>
      </trkpt>
      <trkpt lat="35.56132" lon="128.94018">
        <ele>528.5</ele>
      </trkpt>
      <trkpt lat="35.56156" lon="128.94038">
        <ele>534.6</ele>
      </trkpt>
      <trkpt lat="35.56164" lon="128.940519">
        <ele>535.3</ele>
      </trkpt>
      <trkpt lat="35.56173" lon="128.94154">
        <ele>530.8</ele>
      </trkpt>
      <trkpt lat="35.56179" lon="128.941848">
        <ele>531.7</ele>
      </trkpt>
      <trkpt lat="35.56188" lon="128.94214">
        <ele>532.4</ele>
      </trkpt>
      <trkpt lat="35.56195" lon="128.94244">
        <ele>530.9</ele>
      </trkpt>
      <trkpt lat="35.56198" lon="128.942748">
        <ele>530.0</ele>
      </trkpt>
      <trkpt lat="35.56202" lon="128.94321">
        <ele>528.9</ele>
      </trkpt>
      <trkpt lat="35.56219" lon="128.94359">
        <ele>527.8</ele>
      </trkpt>
      <trkpt lat="35.56232" lon="128.94363">
        <ele>524.2</ele>
      </trkpt>
      <trkpt lat="35.56239" lon="128.94361">
        <ele>522.2</ele>
      </trkpt>
      <trkpt lat="35.56249" lon="128.943469">
        <ele>519.3</ele>
      </trkpt>
      <trkpt lat="35.56289" lon="128.94285">
        <ele>527.7</ele>
      </trkpt>
      <trkpt lat="35.56303" lon="128.94278">
        <ele>530.0</ele>
      </trkpt>
      <trkpt lat="35.56328" lon="128.94282">
        <ele>529.4</ele>
      </trkpt>
      <trkpt lat="35.56345" lon="128.9429">
        <ele>525.6</ele>
      </trkpt>
      <trkpt lat="35.56356" lon="128.943109">
        <ele>516.4</ele>
      </trkpt>
      <trkpt lat="35.56355" lon="128.94321">
        <ele>512.7</ele>
      </trkpt>
      <trkpt lat="35.56349" lon="128.9434">
        <ele>507.9</ele>
      </trkpt>
      <trkpt lat="35.56337" lon="128.94349">
        <ele>508.5</ele>
      </trkpt>
      <trkpt lat="35.56318" lon="128.9436">
        <ele>509.9</ele>
      </trkpt>
      <trkpt lat="35.56297" lon="128.9437">
        <ele>512.0</ele>
      </trkpt>
      <trkpt lat="35.56288" lon="128.94388">
        <ele>512.4</ele>
      </trkpt>
      <trkpt lat="35.56289" lon="128.94403">
        <ele>511.3</ele>
      </trkpt>
      <trkpt lat="35.56296" lon="128.94421">
        <ele>510.0</ele>
      </trkpt>
      <trkpt lat="35.56316" lon="128.9443">
        <ele>507.8</ele>
      </trkpt>
      <trkpt lat="35.56364" lon="128.944459">
        <ele>500.4</ele>
      </trkpt>
      <trkpt lat="35.56379" lon="128.94448">
        <ele>497.0</ele>
      </trkpt>
      <trkpt lat="35.56393" lon="128.94443">
        <ele>492.6</ele>
      </trkpt>
      <trkpt lat="35.56403" lon="128.94431">
        <ele>488.2</ele>
      </trkpt>
      <trkpt lat="35.56432" lon="128.94372">
        <ele>489.4</ele>
      </trkpt>
      <trkpt lat="35.56443" lon="128.9436">
        <ele>490.4</ele>
      </trkpt>
      <trkpt lat="35.56473" lon="128.94357">
        <ele>487.2</ele>
      </trkpt>
      <trkpt lat="35.56515" lon="128.943559">
        <ele>483.1</ele>
      </trkpt>
      <trkpt lat="35.56528" lon="128.94363">
        <ele>480.0</ele>
      </trkpt>
      <trkpt lat="35.56532" lon="128.94368">
        <ele>478.0</ele>
      </trkpt>
      <trkpt lat="35.56534" lon="128.9438">
        <ele>473.6</ele>
      </trkpt>
      <trkpt lat="35.56526" lon="128.94408">
        <ele>465.3</ele>
      </trkpt>
      <trkpt lat="35.56524" lon="128.94424">
        <ele>462.9</ele>
      </trkpt>
      <trkpt lat="35.56526" lon="128.94439">
        <ele>462.8</ele>
      </trkpt>
      <trkpt lat="35.56529" lon="128.94452">
        <ele>462.3</ele>
      </trkpt>
      <trkpt lat="35.56536" lon="128.94458">
        <ele>460.8</ele>
      </trkpt>
      <trkpt lat="35.56543" lon="128.944617">
        <ele>459.2</ele>
      </trkpt>
      <trkpt lat="35.56556" lon="128.94461">
        <ele>456.3</ele>
      </trkpt>
      <trkpt lat="35.56595" lon="128.94448">
        <ele>448.0</ele>
      </trkpt>
      <trkpt lat="35.56637" lon="128.94443">
        <ele>441.3</ele>
      </trkpt>
      <trkpt lat="35.56683" lon="128.944617">
        <ele>432.4</ele>
      </trkpt>
      <trkpt lat="35.56737" lon="128.944988">
        <ele>417.7</ele>
      </trkpt>
      <trkpt lat="35.56761" lon="128.94536">
        <ele>412.9</ele>
      </trkpt>
      <trkpt lat="35.56775" lon="128.945698">
        <ele>409.4</ele>
      </trkpt>
      <trkpt lat="35.5679" lon="128.946328">
        <ele>408.5</ele>
      </trkpt>
      <trkpt lat="35.56803" lon="128.946587">
        <ele>407.4</ele>
      </trkpt>
      <trkpt lat="35.56861" lon="128.94717">
        <ele>401.7</ele>
      </trkpt>
      <trkpt lat="35.5692" lon="128.947758">
        <ele>397.0</ele>
      </trkpt>
      <trkpt lat="35.56982" lon="128.94837">
        <ele>392.5</ele>
      </trkpt>
      <trkpt lat="35.57025" lon="128.948748">
        <ele>389.5</ele>
      </trkpt>
      <trkpt lat="35.57054" lon="128.94878">
        <ele>384.6</ele>
      </trkpt>
      <trkpt lat="35.57069" lon="128.948748">
        <ele>381.6</ele>
      </trkpt>
      <trkpt lat="35.57089" lon="128.948647">
        <ele>377.1</ele>
      </trkpt>
      <trkpt lat="35.57119" lon="128.9482">
        <ele>366.8</ele>
      </trkpt>
      <trkpt lat="35.57148" lon="128.94775">
        <ele>357.2</ele>
      </trkpt>
      <trkpt lat="35.57158" lon="128.94772">
        <ele>355.3</ele>
      </trkpt>
      <trkpt lat="35.57176" lon="128.94764">
        <ele>351.3</ele>
      </trkpt>
      <trkpt lat="35.57251" lon="128.94802">
        <ele>340.4</ele>
      </trkpt>
      <trkpt lat="35.57302" lon="128.94806">
        <ele>331.3</ele>
      </trkpt>
      <trkpt lat="35.57353" lon="128.9481">
        <ele>322.3</ele>
      </trkpt>
      <trkpt lat="35.57395" lon="128.948377">
        <ele>316.5</ele>
      </trkpt>
      <trkpt lat="35.57437" lon="128.948647">
        <ele>314.6</ele>
      </trkpt>
      <trkpt lat="35.57483" lon="128.9487">
        <ele>310.9</ele>
      </trkpt>
      <trkpt lat="35.57529" lon="128.948748">
        <ele>306.9</ele>
      </trkpt>
      <trkpt lat="35.5759" lon="128.94859">
        <ele>298.5</ele>
      </trkpt>
      <trkpt lat="35.5765" lon="128.94843">
        <ele>294.6</ele>
      </trkpt>
      <trkpt lat="35.57662" lon="128.948388">
        <ele>293.9</ele>
      </trkpt>
      <trkpt lat="35.5768" lon="128.94833">
        <ele>292.7</ele>
      </trkpt>
      <trkpt lat="35.57711" lon="128.94826">
        <ele>290.8</ele>
      </trkpt>
      <trkpt lat="35.57734" lon="128.94823">
        <ele>290.6</ele>
      </trkpt>
      <trkpt lat="35.5776" lon="128.94825">
        <ele>289.5</ele>
      </trkpt>
      <trkpt lat="35.57829" lon="128.94843">
        <ele>285.0</ele>
      </trkpt>
      <trkpt lat="35.5785" lon="128.94851">
        <ele>284.4</ele>
      </trkpt>
      <trkpt lat="35.57871" lon="128.94867">
        <ele>282.8</ele>
      </trkpt>
      <trkpt lat="35.57896" lon="128.949007">
        <ele>278.3</ele>
      </trkpt>
      <trkpt lat="35.57912" lon="128.949469">
        <ele>274.6</ele>
      </trkpt>
      <trkpt lat="35.57928" lon="128.94963">
        <ele>273.8</ele>
      </trkpt>
      <trkpt lat="35.57949" lon="128.94975">
        <ele>273.0</ele>
      </trkpt>
      <trkpt lat="35.58011" lon="128.94989">
        <ele>271.4</ele>
      </trkpt>
      <trkpt lat="35.58033" lon="128.950088">
        <ele>270.1</ele>
      </trkpt>
      <trkpt lat="35.58073" lon="128.95059">
        <ele>265.4</ele>
      </trkpt>
      <trkpt lat="35.58094" lon="128.950718">
        <ele>263.1</ele>
      </trkpt>
      <trkpt lat="35.58167" lon="128.950887">
        <ele>259.6</ele>
      </trkpt>
      <trkpt lat="35.58205" lon="128.951067">
        <ele>259.7</ele>
      </trkpt>
      <trkpt lat="35.58274" lon="128.951518">
        <ele>257.6</ele>
      </trkpt>
      <trkpt lat="35.58343" lon="128.951968">
        <ele>255.7</ele>
      </trkpt>
      <trkpt lat="35.58412" lon="128.952407">
        <ele>251.7</ele>
      </trkpt>
      <trkpt lat="35.58465" lon="128.952778">
        <ele>248.2</ele>
      </trkpt>
      <trkpt lat="35.58518" lon="128.95315">
        <ele>243.9</ele>
      </trkpt>
      <trkpt lat="35.58552" lon="128.95335">
        <ele>241.3</ele>
      </trkpt>
      <trkpt lat="35.58574" lon="128.95343">
        <ele>240.8</ele>
      </trkpt>
      <trkpt lat="35.58591" lon="128.95345">
        <ele>240.4</ele>
      </trkpt>
      <trkpt lat="35.58613" lon="128.95345">
        <ele>240.0</ele>
      </trkpt>
      <trkpt lat="35.58651" lon="128.953409">
        <ele>239.2</ele>
      </trkpt>
      <trkpt lat="35.58719" lon="128.9533">
        <ele>237.4</ele>
      </trkpt>
      <trkpt lat="35.5872" lon="128.95389">
        <ele>236.4</ele>
      </trkpt>
      <trkpt lat="35.58723" lon="128.954129">
        <ele>236.0</ele>
      </trkpt>
      <trkpt lat="35.58733" lon="128.95459">
        <ele>233.9</ele>
      </trkpt>
      <trkpt lat="35.58744" lon="128.95513">
        <ele>231.5</ele>
      </trkpt>
      <trkpt lat="35.58755" lon="128.95566">
        <ele>230.6</ele>
      </trkpt>
      <trkpt lat="35.58768" lon="128.956358">
        <ele>229.4</ele>
      </trkpt>
      <trkpt lat="35.58784" lon="128.95714">
        <ele>228.2</ele>
      </trkpt>
      <trkpt lat="35.58799" lon="128.95792">
        <ele>230.3</ele>
      </trkpt>
      <trkpt lat="35.58815" lon="128.95871">
        <ele>233.2</ele>
      </trkpt>
      <trkpt lat="35.58808" lon="128.95942">
        <ele>235.8</ele>
      </trkpt>
      <trkpt lat="35.58781" lon="128.960467">
        <ele>239.1</ele>
      </trkpt>
      <trkpt lat="35.58762" lon="128.961289">
        <ele>241.9</ele>
      </trkpt>
      <trkpt lat="35.58748" lon="128.96184">
        <ele>243.6</ele>
      </trkpt>
      <trkpt lat="35.58734" lon="128.9624">
        <ele>245.1</ele>
      </trkpt>
      <trkpt lat="35.58728" lon="128.96261">
        <ele>246.5</ele>
      </trkpt>
      <trkpt lat="35.58716" lon="128.96297">
        <ele>249.8</ele>
      </trkpt>
      <trkpt lat="35.58683" lon="128.96346">
        <ele>253.5</ele>
      </trkpt>
      <trkpt lat="35.58651" lon="128.963957">
        <ele>259.9</ele>
      </trkpt>
      <trkpt lat="35.58618" lon="128.96449">
        <ele>263.8</ele>
      </trkpt>
      <trkpt lat="35.58585" lon="128.96503">
        <ele>263.1</ele>
      </trkpt>
      <trkpt lat="35.58546" lon="128.96589">
        <ele>268.7</ele>
      </trkpt>
      <trkpt lat="35.58524" lon="128.96617">
        <ele>270.1</ele>
      </trkpt>
      <trkpt lat="35.58513" lon="128.96628">
        <ele>270.6</ele>
      </trkpt>
      <trkpt lat="35.58458" lon="128.96672">
        <ele>270.4</ele>
      </trkpt>
      <trkpt lat="35.58423" lon="128.96703">
        <ele>268.8</ele>
      </trkpt>
      <trkpt lat="35.58416" lon="128.96715">
        <ele>269.2</ele>
      </trkpt>
      <trkpt lat="35.58411" lon="128.96733">
        <ele>271.5</ele>
      </trkpt>
      <trkpt lat="35.58408" lon="128.9676">
        <ele>274.8</ele>
      </trkpt>
      <trkpt lat="35.58403" lon="128.96829">
        <ele>279.0</ele>
      </trkpt>
      <trkpt lat="35.58397" lon="128.96877">
        <ele>280.8</ele>
      </trkpt>
      <trkpt lat="35.58391" lon="128.96913">
        <ele>282.1</ele>
      </trkpt>
      <trkpt lat="35.58381" lon="128.9694">
        <ele>283.1</ele>
      </trkpt>
      <trkpt lat="35.58349" lon="128.96999">
        <ele>284.2</ele>
      </trkpt>
      <trkpt lat="35.58321" lon="128.97048">
        <ele>287.7</ele>
      </trkpt>
      <trkpt lat="35.58306" lon="128.9709">
        <ele>289.5</ele>
      </trkpt>
      <trkpt lat="35.583" lon="128.97124">
        <ele>291.7</ele>
      </trkpt>
      <trkpt lat="35.58299" lon="128.97148">
        <ele>294.4</ele>
      </trkpt>
      <trkpt lat="35.58302" lon="128.971668">
        <ele>298.5</ele>
      </trkpt>
      <trkpt lat="35.58305" lon="128.972118">
        <ele>301.0</ele>
      </trkpt>
      <trkpt lat="35.58303" lon="128.972298">
        <ele>300.4</ele>
      </trkpt>
      <trkpt lat="35.58307" lon="128.97244">
        <ele>302.6</ele>
      </trkpt>
      <trkpt lat="35.58314" lon="128.97254">
        <ele>305.7</ele>
      </trkpt>
      <trkpt lat="35.58321" lon="128.97259">
        <ele>308.6</ele>
      </trkpt>
      <trkpt lat="35.58344" lon="128.97276">
        <ele>318.0</ele>
      </trkpt>
      <trkpt lat="35.58352" lon="128.97285">
        <ele>320.9</ele>
      </trkpt>
      <trkpt lat="35.5837" lon="128.97336">
        <ele>323.9</ele>
      </trkpt>
      <trkpt lat="35.58377" lon="128.9736">
        <ele>326.7</ele>
      </trkpt>
      <trkpt lat="35.58374" lon="128.973897">
        <ele>325.7</ele>
      </trkpt>
      <trkpt lat="35.58362" lon="128.97411">
        <ele>323.6</ele>
      </trkpt>
      <trkpt lat="35.58354" lon="128.97419">
        <ele>323.0</ele>
      </trkpt>
      <trkpt lat="35.58326" lon="128.97434">
        <ele>320.4</ele>
      </trkpt>
      <trkpt lat="35.58314" lon="128.97441">
        <ele>317.5</ele>
      </trkpt>
      <trkpt lat="35.58311" lon="128.974449">
        <ele>317.1</ele>
      </trkpt>
      <trkpt lat="35.58306" lon="128.97456">
        <ele>317.3</ele>
      </trkpt>
      <trkpt lat="35.58307" lon="128.97487">
        <ele>323.3</ele>
      </trkpt>
      <trkpt lat="35.58306" lon="128.97514">
        <ele>327.8</ele>
      </trkpt>
      <trkpt lat="35.58303" lon="128.97529">
        <ele>329.2</ele>
      </trkpt>
      <trkpt lat="35.58296" lon="128.9755">
        <ele>329.7</ele>
      </trkpt>
      <trkpt lat="35.5829" lon="128.97619">
        <ele>341.2</ele>
      </trkpt>
      <trkpt lat="35.58263" lon="128.97707">
        <ele>345.2</ele>
      </trkpt>
      <trkpt lat="35.58252" lon="128.977488">
        <ele>347.6</ele>
      </trkpt>
      <trkpt lat="35.58254" lon="128.97761">
        <ele>347.3</ele>
      </trkpt>
      <trkpt lat="35.58254" lon="128.97769">
        <ele>346.4</ele>
      </trkpt>
      <trkpt lat="35.58263" lon="128.97781">
        <ele>348.3</ele>
      </trkpt>
      <trkpt lat="35.58295" lon="128.978">
        <ele>356.8</ele>
      </trkpt>
      <trkpt lat="35.58317" lon="128.9781">
        <ele>362.4</ele>
      </trkpt>
      <trkpt lat="35.58327" lon="128.97817">
        <ele>364.3</ele>
      </trkpt>
      <trkpt lat="35.58339" lon="128.97819">
        <ele>367.7</ele>
      </trkpt>
      <trkpt lat="35.58398" lon="128.97841">
        <ele>382.7</ele>
      </trkpt>
      <trkpt lat="35.58407" lon="128.978569">
        <ele>384.1</ele>
      </trkpt>
      <trkpt lat="35.5841" lon="128.978648">
        <ele>384.2</ele>
      </trkpt>
      <trkpt lat="35.58411" lon="128.978749">
        <ele>383.6</ele>
      </trkpt>
      <trkpt lat="35.58407" lon="128.97904">
        <ele>380.3</ele>
      </trkpt>
      <trkpt lat="35.58403" lon="128.97917">
        <ele>378.6</ele>
      </trkpt>
      <trkpt lat="35.58392" lon="128.9794">
        <ele>381.7</ele>
      </trkpt>
      <trkpt lat="35.58384" lon="128.979469">
        <ele>381.8</ele>
      </trkpt>
      <trkpt lat="35.5836" lon="128.979559">
        <ele>379.6</ele>
      </trkpt>
      <trkpt lat="35.58337" lon="128.979627">
        <ele>377.2</ele>
      </trkpt>
      <trkpt lat="35.58328" lon="128.979717">
        <ele>377.4</ele>
      </trkpt>
      <trkpt lat="35.58321" lon="128.97984">
        <ele>378.4</ele>
      </trkpt>
      <trkpt lat="35.58317" lon="128.98014">
        <ele>381.5</ele>
      </trkpt>
      <trkpt lat="35.58317" lon="128.980539">
        <ele>383.1</ele>
      </trkpt>
      <trkpt lat="35.58322" lon="128.98084">
        <ele>385.6</ele>
      </trkpt>
      <trkpt lat="35.58328" lon="128.981">
        <ele>385.0</ele>
      </trkpt>
      <trkpt lat="35.58353" lon="128.98111">
        <ele>389.7</ele>
      </trkpt>
      <trkpt lat="35.58376" lon="128.98118">
        <ele>394.4</ele>
      </trkpt>
      <trkpt lat="35.58387" lon="128.9812">
        <ele>396.9</ele>
      </trkpt>
      <trkpt lat="35.58409" lon="128.981259">
        <ele>401.4</ele>
      </trkpt>
      <trkpt lat="35.58424" lon="128.98136">
        <ele>404.2</ele>
      </trkpt>
      <trkpt lat="35.58442" lon="128.98164">
        <ele>406.4</ele>
      </trkpt>
      <trkpt lat="35.58442" lon="128.98244">
        <ele>409.7</ele>
      </trkpt>
      <trkpt lat="35.58433" lon="128.98264">
        <ele>408.7</ele>
      </trkpt>
      <trkpt lat="35.58411" lon="128.98303">
        <ele>407.9</ele>
      </trkpt>
      <trkpt lat="35.58409" lon="128.98316">
        <ele>409.7</ele>
      </trkpt>
      <trkpt lat="35.58409" lon="128.98329">
        <ele>411.9</ele>
      </trkpt>
      <trkpt lat="35.58419" lon="128.98371">
        <ele>413.9</ele>
      </trkpt>
      <trkpt lat="35.58427" lon="128.9839">
        <ele>415.9</ele>
      </trkpt>
      <trkpt lat="35.58447" lon="128.98422">
        <ele>419.9</ele>
      </trkpt>
      <trkpt lat="35.58488" lon="128.98464">
        <ele>421.8</ele>
      </trkpt>
      <trkpt lat="35.58517" lon="128.984918">
        <ele>423.9</ele>
      </trkpt>
      <trkpt lat="35.5854" lon="128.9853">
        <ele>427.4</ele>
      </trkpt>
      <trkpt lat="35.58543" lon="128.9854">
        <ele>427.6</ele>
      </trkpt>
      <trkpt lat="35.58545" lon="128.985559">
        <ele>427.1</ele>
      </trkpt>
      <trkpt lat="35.58546" lon="128.98619">
        <ele>426.5</ele>
      </trkpt>
      <trkpt lat="35.58544" lon="128.98659">
        <ele>427.1</ele>
      </trkpt>
      <trkpt lat="35.58545" lon="128.98678">
        <ele>427.7</ele>
      </trkpt>
      <trkpt lat="35.58555" lon="128.987597">
        <ele>431.4</ele>
      </trkpt>
      <trkpt lat="35.58553" lon="128.98784">
        <ele>431.4</ele>
      </trkpt>
      <trkpt lat="35.58547" lon="128.9881">
        <ele>430.2</ele>
      </trkpt>
      <trkpt lat="35.58547" lon="128.9883">
        <ele>431.0</ele>
      </trkpt>
      <trkpt lat="35.58552" lon="128.98852">
        <ele>431.1</ele>
      </trkpt>
      <trkpt lat="35.58561" lon="128.988689">
        <ele>432.5</ele>
      </trkpt>
      <trkpt lat="35.58573" lon="128.98888">
        <ele>434.8</ele>
      </trkpt>
      <trkpt lat="35.58578" lon="128.98899">
        <ele>435.6</ele>
      </trkpt>
      <trkpt lat="35.5859" lon="128.98925">
        <ele>438.3</ele>
      </trkpt>
      <trkpt lat="35.58594" lon="128.98944">
        <ele>439.3</ele>
      </trkpt>
      <trkpt lat="35.58595" lon="128.98963">
        <ele>439.1</ele>
      </trkpt>
      <trkpt lat="35.58591" lon="128.98999">
        <ele>435.6</ele>
      </trkpt>
      <trkpt lat="35.58577" lon="128.990569">
        <ele>429.5</ele>
      </trkpt>
      <trkpt lat="35.58568" lon="128.99087">
        <ele>425.5</ele>
      </trkpt>
      <trkpt lat="35.58567" lon="128.99108">
        <ele>424.3</ele>
      </trkpt>
      <trkpt lat="35.58587" lon="128.99211">
        <ele>426.5</ele>
      </trkpt>
      <trkpt lat="35.58607" lon="128.99314">
        <ele>424.6</ele>
      </trkpt>
      <trkpt lat="35.58621" lon="128.99354">
        <ele>425.7</ele>
      </trkpt>
      <trkpt lat="35.58642" lon="128.99407">
        <ele>425.5</ele>
      </trkpt>
      <trkpt lat="35.58663" lon="128.99455">
        <ele>423.9</ele>
      </trkpt>
      <trkpt lat="35.58689" lon="128.99506">
        <ele>419.7</ele>
      </trkpt>
      <trkpt lat="35.58711" lon="128.995398">
        <ele>414.4</ele>
      </trkpt>
      <trkpt lat="35.58721" lon="128.995488">
        <ele>413.6</ele>
      </trkpt>
      <trkpt lat="35.58735" lon="128.99552">
        <ele>416.0</ele>
      </trkpt>
      <trkpt lat="35.58753" lon="128.99551">
        <ele>420.3</ele>
      </trkpt>
      <trkpt lat="35.58769" lon="128.99545">
        <ele>422.6</ele>
      </trkpt>
      <trkpt lat="35.58809" lon="128.99534">
        <ele>427.2</ele>
      </trkpt>
      <trkpt lat="35.58821" lon="128.99533">
        <ele>427.5</ele>
      </trkpt>
      <trkpt lat="35.58836" lon="128.99524">
        <ele>431.5</ele>
      </trkpt>
      <trkpt lat="35.58864" lon="128.99502">
        <ele>436.9</ele>
      </trkpt>
      <trkpt lat="35.58895" lon="128.99494">
        <ele>434.6</ele>
      </trkpt>
      <trkpt lat="35.58912" lon="128.99491">
        <ele>432.9</ele>
      </trkpt>
      <trkpt lat="35.58942" lon="128.99489">
        <ele>434.3</ele>
      </trkpt>
      <trkpt lat="35.58998" lon="128.99493">
        <ele>435.1</ele>
      </trkpt>
      <trkpt lat="35.59057" lon="128.99479">
        <ele>442.3</ele>
      </trkpt>
      <trkpt lat="35.59145" lon="128.994678">
        <ele>450.6</ele>
      </trkpt>
      <trkpt lat="35.59185" lon="128.99476">
        <ele>449.0</ele>
      </trkpt>
      <trkpt lat="35.59207" lon="128.99485">
        <ele>446.8</ele>
      </trkpt>
      <trkpt lat="35.5921" lon="128.99493">
        <ele>444.7</ele>
      </trkpt>
      <trkpt lat="35.59206" lon="128.99501">
        <ele>445.0</ele>
      </trkpt>
      <trkpt lat="35.59197" lon="128.995139">
        <ele>445.7</ele>
      </trkpt>
      <trkpt lat="35.59177" lon="128.99544">
        <ele>447.3</ele>
      </trkpt>
      <trkpt lat="35.59164" lon="128.995657">
        <ele>448.4</ele>
      </trkpt>
      <trkpt lat="35.59151" lon="128.995837">
        <ele>449.4</ele>
      </trkpt>
      <trkpt lat="35.59121" lon="128.99608">
        <ele>455.5</ele>
      </trkpt>
      <trkpt lat="35.59064" lon="128.996468">
        <ele>459.1</ele>
      </trkpt>
      <trkpt lat="35.59006" lon="128.99682">
        <ele>456.2</ele>
      </trkpt>
      <trkpt lat="35.58983" lon="128.99703">
        <ele>454.6</ele>
      </trkpt>
      <trkpt lat="35.58967" lon="128.99724">
        <ele>454.9</ele>
      </trkpt>
      <trkpt lat="35.58958" lon="128.997368">
        <ele>455.3</ele>
      </trkpt>
      <trkpt lat="35.58955" lon="128.99747">
        <ele>457.0</ele>
      </trkpt>
      <trkpt lat="35.58955" lon="128.997638">
        <ele>456.8</ele>
      </trkpt>
      <trkpt lat="35.58963" lon="128.997807">
        <ele>458.6</ele>
      </trkpt>
      <trkpt lat="35.58973" lon="128.99797">
        <ele>461.5</ele>
      </trkpt>
      <trkpt lat="35.58997" lon="128.99821">
        <ele>470.2</ele>
      </trkpt>
      <trkpt lat="35.59005" lon="128.99832">
        <ele>473.4</ele>
      </trkpt>
      <trkpt lat="35.5901" lon="128.99841">
        <ele>474.9</ele>
      </trkpt>
      <trkpt lat="35.59009" lon="128.99865">
        <ele>471.7</ele>
      </trkpt>
      <trkpt lat="35.59007" lon="128.99885">
        <ele>468.6</ele>
      </trkpt>
      <trkpt lat="35.59011" lon="128.999079">
        <ele>467.7</ele>
      </trkpt>
      <trkpt lat="35.59027" lon="128.99937">
        <ele>468.6</ele>
      </trkpt>
      <trkpt lat="35.59041" lon="128.99953">
        <ele>470.6</ele>
      </trkpt>
      <trkpt lat="35.59058" lon="128.99958">
        <ele>476.4</ele>
      </trkpt>
      <trkpt lat="35.59084" lon="128.99958">
        <ele>487.3</ele>
      </trkpt>
      <trkpt lat="35.59099" lon="128.99959">
        <ele>491.4</ele>
      </trkpt>
      <trkpt lat="35.59115" lon="128.99964">
        <ele>494.9</ele>
      </trkpt>
      <trkpt lat="35.59126" lon="128.999777">
        <ele>494.7</ele>
      </trkpt>
      <trkpt lat="35.59134" lon="128.99991">
        <ele>494.0</ele>
      </trkpt>
      <trkpt lat="35.59153" lon="129.000509">
        <ele>494.1</ele>
      </trkpt>
      <trkpt lat="35.59171" lon="129.00111">
        <ele>496.4</ele>
      </trkpt>
      <trkpt lat="35.59171" lon="129.00111">
        <ele>496.4</ele>
      </trkpt>
      <trkpt lat="35.59205" lon="129.00213">
        <ele>501.7</ele>
      </trkpt>
      <trkpt lat="35.59216" lon="129.002659">
        <ele>499.1</ele>
      </trkpt>
      <trkpt lat="35.59224" lon="129.00285">
        <ele>499.2</ele>
      </trkpt>
      <trkpt lat="35.59253" lon="129.003109">
        <ele>507.4</ele>
      </trkpt>
      <trkpt lat="35.59272" lon="129.00335">
        <ele>512.5</ele>
      </trkpt>
      <trkpt lat="35.5928" lon="129.00358">
        <ele>515.6</ele>
      </trkpt>
      <trkpt lat="35.59271" lon="129.00394">
        <ele>509.4</ele>
      </trkpt>
      <trkpt lat="35.59272" lon="129.004179">
        <ele>508.5</ele>
      </trkpt>
      <trkpt lat="35.5929" lon="129.00437">
        <ele>512.9</ele>
      </trkpt>
      <trkpt lat="35.59311" lon="129.00474">
        <ele>513.8</ele>
      </trkpt>
      <trkpt lat="35.59326" lon="129.005">
        <ele>513.8</ele>
      </trkpt>
      <trkpt lat="35.59356" lon="129.005237">
        <ele>519.2</ele>
      </trkpt>
      <trkpt lat="35.59397" lon="129.00559">
        <ele>527.0</ele>
      </trkpt>
      <trkpt lat="35.59407" lon="129.0058">
        <ele>526.7</ele>
      </trkpt>
      <trkpt lat="35.59416" lon="129.00645">
        <ele>524.5</ele>
      </trkpt>
      <trkpt lat="35.59425" lon="129.006689">
        <ele>527.6</ele>
      </trkpt>
      <trkpt lat="35.59448" lon="129.00707">
        <ele>534.5</ele>
      </trkpt>
      <trkpt lat="35.59462" lon="129.00754">
        <ele>532.8</ele>
      </trkpt>
      <trkpt lat="35.59488" lon="129.00788">
        <ele>536.2</ele>
      </trkpt>
      <trkpt lat="35.59509" lon="129.008209">
        <ele>535.5</ele>
      </trkpt>
      <trkpt lat="35.59531" lon="129.00835">
        <ele>538.2</ele>
      </trkpt>
      <trkpt lat="35.59562" lon="129.0084">
        <ele>546.2</ele>
      </trkpt>
      <trkpt lat="35.59576" lon="129.008479">
        <ele>547.9</ele>
      </trkpt>
      <trkpt lat="35.59583" lon="129.008558">
        <ele>547.3</ele>
      </trkpt>
      <trkpt lat="35.59593" lon="129.00864">
        <ele>546.3</ele>
      </trkpt>
      <trkpt lat="35.59617" lon="129.00867">
        <ele>549.3</ele>
      </trkpt>
      <trkpt lat="35.59649" lon="129.0086">
        <ele>556.8</ele>
      </trkpt>
      <trkpt lat="35.59674" lon="129.0086">
        <ele>562.0</ele>
      </trkpt>
      <trkpt lat="35.59689" lon="129.00871">
        <ele>563.4</ele>
      </trkpt>
      <trkpt lat="35.5971" lon="129.00894">
        <ele>563.6</ele>
      </trkpt>
      <trkpt lat="35.59747" lon="129.00938">
        <ele>564.9</ele>
      </trkpt>
      <trkpt lat="35.5976" lon="129.00958">
        <ele>565.9</ele>
      </trkpt>
      <trkpt lat="35.59777" lon="129.01004">
        <ele>562.5</ele>
      </trkpt>
      <trkpt lat="35.59804" lon="129.01051">
        <ele>561.4</ele>
      </trkpt>
      <trkpt lat="35.59842" lon="129.010809">
        <ele>568.7</ele>
      </trkpt>
      <trkpt lat="35.5988" lon="129.01111">
        <ele>571.0</ele>
      </trkpt>
      <trkpt lat="35.5992" lon="129.01127">
        <ele>579.4</ele>
      </trkpt>
      <trkpt lat="35.59942" lon="129.011519">
        <ele>577.8</ele>
      </trkpt>
      <trkpt lat="35.59958" lon="129.01173">
        <ele>575.7</ele>
      </trkpt>
      <trkpt lat="35.59978" lon="129.01193">
        <ele>575.2</ele>
      </trkpt>
      <trkpt lat="35.6" lon="129.01203">
        <ele>578.5</ele>
      </trkpt>
      <trkpt lat="35.60023" lon="129.01202">
        <ele>579.2</ele>
      </trkpt>
      <trkpt lat="35.60037" lon="129.01194">
        <ele>582.1</ele>
      </trkpt>
      <trkpt lat="35.60055" lon="129.01181">
        <ele>586.3</ele>
      </trkpt>
      <trkpt lat="35.60091" lon="129.011597">
        <ele>594.5</ele>
      </trkpt>
      <trkpt lat="35.60108" lon="129.01158">
        <ele>598.8</ele>
      </trkpt>
      <trkpt lat="35.60119" lon="129.01168">
        <ele>597.8</ele>
      </trkpt>
      <trkpt lat="35.60124" lon="129.011868">
        <ele>594.0</ele>
      </trkpt>
      <trkpt lat="35.60136" lon="129.0121">
        <ele>591.0</ele>
      </trkpt>
      <trkpt lat="35.60163" lon="129.01228">
        <ele>593.3</ele>
      </trkpt>
      <trkpt lat="35.60174" lon="129.01229">
        <ele>596.5</ele>
      </trkpt>
      <trkpt lat="35.6019" lon="129.01256">
        <ele>595.3</ele>
      </trkpt>
      <trkpt lat="35.60204" lon="129.01289">
        <ele>591.6</ele>
      </trkpt>
      <trkpt lat="35.60234" lon="129.013027">
        <ele>594.7</ele>
      </trkpt>
      <trkpt lat="35.60263" lon="129.013027">
        <ele>600.1</ele>
      </trkpt>
      <trkpt lat="35.60278" lon="129.013">
        <ele>603.2</ele>
      </trkpt>
      <trkpt lat="35.60298" lon="129.01293">
        <ele>608.2</ele>
      </trkpt>
      <trkpt lat="35.60319" lon="129.01291">
        <ele>611.7</ele>
      </trkpt>
      <trkpt lat="35.60336" lon="129.01299">
        <ele>612.4</ele>
      </trkpt>
      <trkpt lat="35.60344" lon="129.01311">
        <ele>612.1</ele>
      </trkpt>
      <trkpt lat="35.60353" lon="129.01355">
        <ele>608.1</ele>
      </trkpt>
      <trkpt lat="35.60364" lon="129.01399">
        <ele>608.0</ele>
      </trkpt>
      <trkpt lat="35.60374" lon="129.01425">
        <ele>607.7</ele>
      </trkpt>
      <trkpt lat="35.6039" lon="129.01455">
        <ele>605.7</ele>
      </trkpt>
      <trkpt lat="35.60422" lon="129.01499">
        <ele>605.1</ele>
      </trkpt>
      <trkpt lat="35.60427" lon="129.01502">
        <ele>605.1</ele>
      </trkpt>
      <trkpt lat="35.60437" lon="129.01503">
        <ele>606.5</ele>
      </trkpt>
      <trkpt lat="35.60452" lon="129.015008">
        <ele>609.3</ele>
      </trkpt>
      <trkpt lat="35.60462" lon="129.01495">
        <ele>612.7</ele>
      </trkpt>
      <trkpt lat="35.60483" lon="129.0148">
        <ele>621.4</ele>
      </trkpt>
      <trkpt lat="35.60496" lon="129.01471">
        <ele>627.0</ele>
      </trkpt>
      <trkpt lat="35.60506" lon="129.01467">
        <ele>630.8</ele>
      </trkpt>
      <trkpt lat="35.60513" lon="129.01467">
        <ele>632.6</ele>
      </trkpt>
      <trkpt lat="35.60522" lon="129.014738">
        <ele>632.8</ele>
      </trkpt>
      <trkpt lat="35.60525" lon="129.014817">
        <ele>631.4</ele>
      </trkpt>
      <trkpt lat="35.60532" lon="129.015549">
        <ele>618.2</ele>
      </trkpt>
      <trkpt lat="35.60545" lon="129.01575">
        <ele>618.8</ele>
      </trkpt>
      <trkpt lat="35.60581" lon="129.01603">
        <ele>625.0</ele>
      </trkpt>
      <trkpt lat="35.60601" lon="129.01633">
        <ele>625.3</ele>
      </trkpt>
      <trkpt lat="35.60623" lon="129.016697">
        <ele>622.8</ele>
      </trkpt>
      <trkpt lat="35.6064" lon="129.016809">
        <ele>625.4</ele>
      </trkpt>
      <trkpt lat="35.60651" lon="129.01682">
        <ele>628.2</ele>
      </trkpt>
      <trkpt lat="35.60676" lon="129.016798">
        <ele>634.0</ele>
      </trkpt>
      <trkpt lat="35.60693" lon="129.01675">
        <ele>637.0</ele>
      </trkpt>
      <trkpt lat="35.60725" lon="129.01666">
        <ele>641.8</ele>
      </trkpt>
      <trkpt lat="35.60755" lon="129.016629">
        <ele>646.4</ele>
      </trkpt>
      <trkpt lat="35.60762" lon="129.01664">
        <ele>647.8</ele>
      </trkpt>
      <trkpt lat="35.60769" lon="129.016719">
        <ele>648.7</ele>
      </trkpt>
      <trkpt lat="35.6077" lon="129.01686">
        <ele>648.7</ele>
      </trkpt>
      <trkpt lat="35.60756" lon="129.01718">
        <ele>643.1</ele>
      </trkpt>
      <trkpt lat="35.60749" lon="129.0174">
        <ele>639.3</ele>
      </trkpt>
      <trkpt lat="35.60748" lon="129.01754">
        <ele>638.0</ele>
      </trkpt>
      <trkpt lat="35.60751" lon="129.01768">
        <ele>637.2</ele>
      </trkpt>
      <trkpt lat="35.60755" lon="129.017789">
        <ele>637.4</ele>
      </trkpt>
      <trkpt lat="35.6078" lon="129.018059">
        <ele>642.7</ele>
      </trkpt>
      <trkpt lat="35.60803" lon="129.01828">
        <ele>646.5</ele>
      </trkpt>
      <trkpt lat="35.60839" lon="129.018689">
        <ele>652.0</ele>
      </trkpt>
      <trkpt lat="35.60874" lon="129.01909">
        <ele>653.1</ele>
      </trkpt>
      <trkpt lat="35.60898" lon="129.01938">
        <ele>658.2</ele>
      </trkpt>
      <trkpt lat="35.609" lon="129.0195">
        <ele>657.9</ele>
      </trkpt>
      <trkpt lat="35.60901" lon="129.01969">
        <ele>657.5</ele>
      </trkpt>
      <trkpt lat="35.60898" lon="129.020119">
        <ele>656.6</ele>
      </trkpt>
      <trkpt lat="35.60884" lon="129.02116">
        <ele>654.3</ele>
      </trkpt>
      <trkpt lat="35.6087" lon="129.0222">
        <ele>652.0</ele>
      </trkpt>
      <trkpt lat="35.60856" lon="129.023237">
        <ele>649.8</ele>
      </trkpt>
      <trkpt lat="35.60842" lon="129.02428">
        <ele>647.5</ele>
      </trkpt>
      <trkpt lat="35.60828" lon="129.02532">
        <ele>645.3</ele>
      </trkpt>
      <trkpt lat="35.60823" lon="129.02556">
        <ele>644.8</ele>
      </trkpt>
      <trkpt lat="35.60818" lon="129.02568">
        <ele>640.7</ele>
      </trkpt>
      <trkpt lat="35.60813" lon="129.02577">
        <ele>637.8</ele>
      </trkpt>
      <trkpt lat="35.60757" lon="129.0265">
        <ele>618.4</ele>
      </trkpt>
      <trkpt lat="35.60745" lon="129.02662">
        <ele>614.5</ele>
      </trkpt>
      <trkpt lat="35.60732" lon="129.02672">
        <ele>609.9</ele>
      </trkpt>
      <trkpt lat="35.60685" lon="129.0267">
        <ele>607.9</ele>
      </trkpt>
      <trkpt lat="35.60665" lon="129.02658">
        <ele>612.2</ele>
      </trkpt>
      <trkpt lat="35.60644" lon="129.026479">
        <ele>619.3</ele>
      </trkpt>
      <trkpt lat="35.60613" lon="129.02661">
        <ele>617.0</ele>
      </trkpt>
      <trkpt lat="35.6058" lon="129.02686">
        <ele>617.6</ele>
      </trkpt>
      <trkpt lat="35.60577" lon="129.0269">
        <ele>618.8</ele>
      </trkpt>
      <trkpt lat="35.60576" lon="129.02702">
        <ele>618.2</ele>
      </trkpt>
      <trkpt lat="35.60583" lon="129.02735">
        <ele>610.8</ele>
      </trkpt>
      <trkpt lat="35.60621" lon="129.02814">
        <ele>587.8</ele>
      </trkpt>
      <trkpt lat="35.6062" lon="129.02824">
        <ele>586.9</ele>
      </trkpt>
      <trkpt lat="35.60616" lon="129.0283">
        <ele>587.6</ele>
      </trkpt>
      <trkpt lat="35.60608" lon="129.02839">
        <ele>588.4</ele>
      </trkpt>
      <trkpt lat="35.60582" lon="129.02857">
        <ele>591.3</ele>
      </trkpt>
      <trkpt lat="35.60566" lon="129.02865">
        <ele>595.5</ele>
      </trkpt>
      <trkpt lat="35.60551" lon="129.02878">
        <ele>597.7</ele>
      </trkpt>
      <trkpt lat="35.60535" lon="129.02899">
        <ele>597.8</ele>
      </trkpt>
      <trkpt lat="35.60528" lon="129.02914">
        <ele>596.1</ele>
      </trkpt>
      <trkpt lat="35.6052" lon="129.030239">
        <ele>578.4</ele>
      </trkpt>
      <trkpt lat="35.60515" lon="129.03038">
        <ele>577.8</ele>
      </trkpt>
      <trkpt lat="35.60491" lon="129.030768">
        <ele>578.9</ele>
      </trkpt>
      <trkpt lat="35.60486" lon="129.03091">
        <ele>579.0</ele>
      </trkpt>
      <trkpt lat="35.60486" lon="129.03107">
        <ele>577.4</ele>
      </trkpt>
      <trkpt lat="35.60493" lon="129.03174">
        <ele>568.1</ele>
      </trkpt>
      <trkpt lat="35.60507" lon="129.03207">
        <ele>563.4</ele>
      </trkpt>
      <trkpt lat="35.60511" lon="129.032119">
        <ele>562.3</ele>
      </trkpt>
      <trkpt lat="35.60521" lon="129.03234">
        <ele>560.1</ele>
      </trkpt>
      <trkpt lat="35.60524" lon="129.0325">
        <ele>559.8</ele>
      </trkpt>
      <trkpt lat="35.60524" lon="129.03261">
        <ele>557.4</ele>
      </trkpt>
      <trkpt lat="35.6052" lon="129.032738">
        <ele>555.9</ele>
      </trkpt>
      <trkpt lat="35.60512" lon="129.03284">
        <ele>556.3</ele>
      </trkpt>
      <trkpt lat="35.60493" lon="129.03305">
        <ele>557.8</ele>
      </trkpt>
      <trkpt lat="35.60487" lon="129.03316">
        <ele>556.7</ele>
      </trkpt>
      <trkpt lat="35.60481" lon="129.03338">
        <ele>551.8</ele>
      </trkpt>
      <trkpt lat="35.60478" lon="129.03371">
        <ele>540.4</ele>
      </trkpt>
      <trkpt lat="35.60458" lon="129.03404">
        <ele>530.0</ele>
      </trkpt>
      <trkpt lat="35.60444" lon="129.0341">
        <ele>528.4</ele>
      </trkpt>
      <trkpt lat="35.60437" lon="129.0341">
        <ele>528.8</ele>
      </trkpt>
      <trkpt lat="35.60431" lon="129.03405">
        <ele>531.4</ele>
      </trkpt>
      <trkpt lat="35.60395" lon="129.033549">
        <ele>547.4</ele>
      </trkpt>
      <trkpt lat="35.60381" lon="129.03348">
        <ele>545.5</ele>
      </trkpt>
      <trkpt lat="35.6035" lon="129.033448">
        <ele>535.8</ele>
      </trkpt>
      <trkpt lat="35.60304" lon="129.032997">
        <ele>543.4</ele>
      </trkpt>
      <trkpt lat="35.60283" lon="129.03294">
        <ele>538.1</ele>
      </trkpt>
      <trkpt lat="35.60255" lon="129.032817">
        <ele>530.9</ele>
      </trkpt>
      <trkpt lat="35.60245" lon="129.03261">
        <ele>532.7</ele>
      </trkpt>
      <trkpt lat="35.60219" lon="129.03197">
        <ele>537.8</ele>
      </trkpt>
      <trkpt lat="35.60201" lon="129.03183">
        <ele>532.2</ele>
      </trkpt>
      <trkpt lat="35.60198" lon="129.03178">
        <ele>531.9</ele>
      </trkpt>
      <trkpt lat="35.60196" lon="129.03163">
        <ele>534.7</ele>
      </trkpt>
      <trkpt lat="35.60183" lon="129.031309">
        <ele>538.9</ele>
      </trkpt>
      <trkpt lat="35.60159" lon="129.03118">
        <ele>536.7</ele>
      </trkpt>
      <trkpt lat="35.60148" lon="129.03118">
        <ele>539.2</ele>
      </trkpt>
      <trkpt lat="35.60132" lon="129.03136">
        <ele>535.5</ele>
      </trkpt>
      <trkpt lat="35.60106" lon="129.03177">
        <ele>522.8</ele>
      </trkpt>
      <trkpt lat="35.6009" lon="129.03188">
        <ele>520.0</ele>
      </trkpt>
      <trkpt lat="35.6008" lon="129.0319">
        <ele>519.6</ele>
      </trkpt>
      <trkpt lat="35.60065" lon="129.03186">
        <ele>521.0</ele>
      </trkpt>
      <trkpt lat="35.60048" lon="129.03179">
        <ele>523.9</ele>
      </trkpt>
      <trkpt lat="35.60041" lon="129.0318">
        <ele>523.3</ele>
      </trkpt>
      <trkpt lat="35.60017" lon="129.03196">
        <ele>515.3</ele>
      </trkpt>
      <trkpt lat="35.60009" lon="129.03198">
        <ele>514.2</ele>
      </trkpt>
      <trkpt lat="35.59966" lon="129.03192">
        <ele>509.6</ele>
      </trkpt>
      <trkpt lat="35.59923" lon="129.03183">
        <ele>503.7</ele>
      </trkpt>
      <trkpt lat="35.59918" lon="129.03179">
        <ele>504.0</ele>
      </trkpt>
      <trkpt lat="35.59913" lon="129.031579">
        <ele>509.7</ele>
      </trkpt>
      <trkpt lat="35.59904" lon="129.031388">
        <ele>514.0</ele>
      </trkpt>
      <trkpt lat="35.59896" lon="129.03128">
        <ele>516.7</ele>
      </trkpt>
      <trkpt lat="35.59869" lon="129.03111">
        <ele>521.8</ele>
      </trkpt>
      <trkpt lat="35.59857" lon="129.03116">
        <ele>519.7</ele>
      </trkpt>
      <trkpt lat="35.59795" lon="129.03172">
        <ele>493.8</ele>
      </trkpt>
      <trkpt lat="35.59788" lon="129.031759">
        <ele>492.2</ele>
      </trkpt>
      <trkpt lat="35.59774" lon="129.03179">
        <ele>491.2</ele>
      </trkpt>
      <trkpt lat="35.59741" lon="129.0317">
        <ele>493.8</ele>
      </trkpt>
      <trkpt lat="35.59676" lon="129.03163">
        <ele>484.6</ele>
      </trkpt>
      <trkpt lat="35.5964" lon="129.03153">
        <ele>484.3</ele>
      </trkpt>
      <trkpt lat="35.59624" lon="129.031388">
        <ele>488.6</ele>
      </trkpt>
      <trkpt lat="35.59608" lon="129.03123">
        <ele>493.6</ele>
      </trkpt>
      <trkpt lat="35.596" lon="129.0312">
        <ele>493.7</ele>
      </trkpt>
      <trkpt lat="35.59566" lon="129.03134">
        <ele>485.0</ele>
      </trkpt>
      <trkpt lat="35.59546" lon="129.0315">
        <ele>476.8</ele>
      </trkpt>
      <trkpt lat="35.59556" lon="129.03164">
        <ele>470.3</ele>
      </trkpt>
      <trkpt lat="35.59565" lon="129.03168">
        <ele>469.2</ele>
      </trkpt>
      <trkpt lat="35.59597" lon="129.03172">
        <ele>470.9</ele>
      </trkpt>
      <trkpt lat="35.59633" lon="129.03207">
        <ele>462.4</ele>
      </trkpt>
      <trkpt lat="35.59651" lon="129.032119">
        <ele>462.2</ele>
      </trkpt>
      <trkpt lat="35.59667" lon="129.03219">
        <ele>460.9</ele>
      </trkpt>
      <trkpt lat="35.59678" lon="129.03219">
        <ele>462.6</ele>
      </trkpt>
      <trkpt lat="35.59694" lon="129.032198">
        <ele>464.7</ele>
      </trkpt>
      <trkpt lat="35.59708" lon="129.03224">
        <ele>465.2</ele>
      </trkpt>
      <trkpt lat="35.59736" lon="129.03242">
        <ele>461.6</ele>
      </trkpt>
      <trkpt lat="35.59762" lon="129.03261">
        <ele>457.1</ele>
      </trkpt>
      <trkpt lat="35.59775" lon="129.032637">
        <ele>456.8</ele>
      </trkpt>
      <trkpt lat="35.59799" lon="129.032637">
        <ele>458.1</ele>
      </trkpt>
      <trkpt lat="35.59821" lon="129.03266">
        <ele>458.7</ele>
      </trkpt>
      <trkpt lat="35.59825" lon="129.03269">
        <ele>458.1</ele>
      </trkpt>
      <trkpt lat="35.59835" lon="129.032828">
        <ele>454.7</ele>
      </trkpt>
      <trkpt lat="35.59848" lon="129.03305">
        <ele>449.9</ele>
      </trkpt>
      <trkpt lat="35.59862" lon="129.03332">
        <ele>442.8</ele>
      </trkpt>
      <trkpt lat="35.59873" lon="129.033369">
        <ele>442.5</ele>
      </trkpt>
      <trkpt lat="35.59902" lon="129.03339">
        <ele>444.3</ele>
      </trkpt>
      <trkpt lat="35.59925" lon="129.03343">
        <ele>445.4</ele>
      </trkpt>
      <trkpt lat="35.59935" lon="129.03349">
        <ele>444.9</ele>
      </trkpt>
      <trkpt lat="35.5994" lon="129.03351">
        <ele>445.0</ele>
      </trkpt>
      <trkpt lat="35.59945" lon="129.03357">
        <ele>443.9</ele>
      </trkpt>
      <trkpt lat="35.59953" lon="129.033729">
        <ele>440.3</ele>
      </trkpt>
      <trkpt lat="35.59959" lon="129.03403">
        <ele>432.4</ele>
      </trkpt>
      <trkpt lat="35.59968" lon="129.0342">
        <ele>428.4</ele>
      </trkpt>
      <trkpt lat="35.59975" lon="129.034269">
        <ele>427.2</ele>
      </trkpt>
      <trkpt lat="35.59983" lon="129.03431">
        <ele>426.9</ele>
      </trkpt>
      <trkpt lat="35.59998" lon="129.034359">
        <ele>426.9</ele>
      </trkpt>
      <trkpt lat="35.60005" lon="129.0344">
        <ele>427.2</ele>
      </trkpt>
      <trkpt lat="35.60013" lon="129.03451">
        <ele>426.2</ele>
      </trkpt>
      <trkpt lat="35.60018" lon="129.034607">
        <ele>424.8</ele>
      </trkpt>
      <trkpt lat="35.60021" lon="129.03475">
        <ele>422.0</ele>
      </trkpt>
      <trkpt lat="35.60027" lon="129.035249">
        <ele>411.1</ele>
      </trkpt>
      <trkpt lat="35.60035" lon="129.03564">
        <ele>403.3</ele>
      </trkpt>
      <trkpt lat="35.60039" lon="129.03575">
        <ele>401.5</ele>
      </trkpt>
      <trkpt lat="35.60047" lon="129.035879">
        <ele>400.5</ele>
      </trkpt>
      <trkpt lat="35.60052" lon="129.03593">
        <ele>400.9</ele>
      </trkpt>
      <trkpt lat="35.60065" lon="129.036">
        <ele>402.8</ele>
      </trkpt>
      <trkpt lat="35.60079" lon="129.036048">
        <ele>405.4</ele>
      </trkpt>
      <trkpt lat="35.60101" lon="129.03608">
        <ele>408.7</ele>
      </trkpt>
      <trkpt lat="35.60108" lon="129.03611">
        <ele>409.1</ele>
      </trkpt>
      <trkpt lat="35.60114" lon="129.036149">
        <ele>409.2</ele>
      </trkpt>
      <trkpt lat="35.60128" lon="129.03635">
        <ele>406.1</ele>
      </trkpt>
      <trkpt lat="35.60141" lon="129.03664">
        <ele>399.0</ele>
      </trkpt>
      <trkpt lat="35.6015" lon="129.036757">
        <ele>395.9</ele>
      </trkpt>
      <trkpt lat="35.6016" lon="129.03681">
        <ele>394.6</ele>
      </trkpt>
      <trkpt lat="35.60225" lon="129.03709">
        <ele>386.1</ele>
      </trkpt>
      <trkpt lat="35.60244" lon="129.03709">
        <ele>385.5</ele>
      </trkpt>
      <trkpt lat="35.60267" lon="129.037039">
        <ele>388.4</ele>
      </trkpt>
      <trkpt lat="35.60275" lon="129.03706">
        <ele>388.7</ele>
      </trkpt>
      <trkpt lat="35.60286" lon="129.037129">
        <ele>387.9</ele>
      </trkpt>
      <trkpt lat="35.60313" lon="129.03743">
        <ele>382.7</ele>
      </trkpt>
      <trkpt lat="35.60363" lon="129.03796">
        <ele>371.1</ele>
      </trkpt>
      <trkpt lat="35.60386" lon="129.038119">
        <ele>366.7</ele>
      </trkpt>
      <trkpt lat="35.60404" lon="129.038119">
        <ele>367.0</ele>
      </trkpt>
      <trkpt lat="35.60413" lon="129.03807">
        <ele>368.8</ele>
      </trkpt>
      <trkpt lat="35.60447" lon="129.03781">
        <ele>376.1</ele>
      </trkpt>
      <trkpt lat="35.60465" lon="129.03773">
        <ele>377.9</ele>
      </trkpt>
      <trkpt lat="35.60473" lon="129.03774">
        <ele>377.2</ele>
      </trkpt>
      <trkpt lat="35.60481" lon="129.03779">
        <ele>375.2</ele>
      </trkpt>
      <trkpt lat="35.60503" lon="129.03813">
        <ele>363.0</ele>
      </trkpt>
      <trkpt lat="35.60514" lon="129.038367">
        <ele>355.7</ele>
      </trkpt>
      <trkpt lat="35.60519" lon="129.0384">
        <ele>355.0</ele>
      </trkpt>
      <trkpt lat="35.60527" lon="129.03841">
        <ele>355.1</ele>
      </trkpt>
      <trkpt lat="35.6058" lon="129.03836">
        <ele>358.9</ele>
      </trkpt>
      <trkpt lat="35.60632" lon="129.038299">
        <ele>358.8</ele>
      </trkpt>
      <trkpt lat="35.60643" lon="129.03832">
        <ele>357.6</ele>
      </trkpt>
      <trkpt lat="35.6068" lon="129.038648">
        <ele>349.6</ele>
      </trkpt>
      <trkpt lat="35.60716" lon="129.038997">
        <ele>341.9</ele>
      </trkpt>
      <trkpt lat="35.60731" lon="129.039087">
        <ele>339.4</ele>
      </trkpt>
      <trkpt lat="35.60749" lon="129.03916">
        <ele>337.2</ele>
      </trkpt>
      <trkpt lat="35.60763" lon="129.039178">
        <ele>336.2</ele>
      </trkpt>
      <trkpt lat="35.60781" lon="129.03917">
        <ele>335.8</ele>
      </trkpt>
      <trkpt lat="35.60831" lon="129.039009">
        <ele>339.7</ele>
      </trkpt>
      <trkpt lat="35.60846" lon="129.03902">
        <ele>338.5</ele>
      </trkpt>
      <trkpt lat="35.60859" lon="129.03908">
        <ele>335.8</ele>
      </trkpt>
      <trkpt lat="35.60864" lon="129.03912">
        <ele>334.3</ele>
      </trkpt>
      <trkpt lat="35.60874" lon="129.03921">
        <ele>331.6</ele>
      </trkpt>
      <trkpt lat="35.60882" lon="129.03931">
        <ele>329.2</ele>
      </trkpt>
      <trkpt lat="35.60897" lon="129.039459">
        <ele>325.9</ele>
      </trkpt>
      <trkpt lat="35.60913" lon="129.0395">
        <ele>325.0</ele>
      </trkpt>
      <trkpt lat="35.60924" lon="129.03949">
        <ele>324.7</ele>
      </trkpt>
      <trkpt lat="35.60938" lon="129.03942">
        <ele>325.1</ele>
      </trkpt>
      <trkpt lat="35.60949" lon="129.03931">
        <ele>326.4</ele>
      </trkpt>
      <trkpt lat="35.60962" lon="129.03921">
        <ele>327.5</ele>
      </trkpt>
      <trkpt lat="35.60967" lon="129.039189">
        <ele>327.5</ele>
      </trkpt>
      <trkpt lat="35.60976" lon="129.03917">
        <ele>327.4</ele>
      </trkpt>
      <trkpt lat="35.60988" lon="129.039189">
        <ele>326.3</ele>
      </trkpt>
      <trkpt lat="35.61031" lon="129.039448">
        <ele>324.6</ele>
      </trkpt>
      <trkpt lat="35.61074" lon="129.03971">
        <ele>323.6</ele>
      </trkpt>
      <trkpt lat="35.61106" lon="129.03995">
        <ele>319.5</ele>
      </trkpt>
      <trkpt lat="35.61149" lon="129.04031">
        <ele>315.5</ele>
      </trkpt>
      <trkpt lat="35.61203" lon="129.04075">
        <ele>310.9</ele>
      </trkpt>
      <trkpt lat="35.61236" lon="129.04104">
        <ele>308.5</ele>
      </trkpt>
      <trkpt lat="35.61267" lon="129.04126">
        <ele>305.3</ele>
      </trkpt>
      <trkpt lat="35.61281" lon="129.041339">
        <ele>303.4</ele>
      </trkpt>
      <trkpt lat="35.61309" lon="129.041429">
        <ele>300.6</ele>
      </trkpt>
      <trkpt lat="35.61341" lon="129.041429">
        <ele>298.6</ele>
      </trkpt>
      <trkpt lat="35.61388" lon="129.04141">
        <ele>295.7</ele>
      </trkpt>
      <trkpt lat="35.61442" lon="129.0414">
        <ele>292.3</ele>
      </trkpt>
      <trkpt lat="35.61478" lon="129.0414">
        <ele>290.0</ele>
      </trkpt>
      <trkpt lat="35.61537" lon="129.04136">
        <ele>288.8</ele>
      </trkpt>
      <trkpt lat="35.61562" lon="129.041328">
        <ele>289.1</ele>
      </trkpt>
      <trkpt lat="35.61577" lon="129.04129">
        <ele>289.5</ele>
      </trkpt>
      <trkpt lat="35.61612" lon="129.04111">
        <ele>288.9</ele>
      </trkpt>
      <trkpt lat="35.61639" lon="129.04094">
        <ele>288.0</ele>
      </trkpt>
      <trkpt lat="35.61661" lon="129.04075">
        <ele>287.1</ele>
      </trkpt>
      <trkpt lat="35.6167" lon="129.04064">
        <ele>286.4</ele>
      </trkpt>
      <trkpt lat="35.6169" lon="129.040348">
        <ele>283.3</ele>
      </trkpt>
      <trkpt lat="35.61722" lon="129.039718">
        <ele>280.3</ele>
      </trkpt>
      <trkpt lat="35.61742" lon="129.039369">
        <ele>280.5</ele>
      </trkpt>
      <trkpt lat="35.61751" lon="129.03933">
        <ele>279.8</ele>
      </trkpt>
      <trkpt lat="35.61759" lon="129.03931">
        <ele>279.7</ele>
      </trkpt>
      <trkpt lat="35.61769" lon="129.03932">
        <ele>279.1</ele>
      </trkpt>
      <trkpt lat="35.61777" lon="129.03939">
        <ele>277.9</ele>
      </trkpt>
      <trkpt lat="35.61782" lon="129.03939">
        <ele>277.7</ele>
      </trkpt>
      <trkpt lat="35.61789" lon="129.03941">
        <ele>277.2</ele>
      </trkpt>
      <trkpt lat="35.61795" lon="129.03944">
        <ele>276.6</ele>
      </trkpt>
      <trkpt lat="35.61798" lon="129.0395">
        <ele>275.8</ele>
      </trkpt>
      <trkpt lat="35.618" lon="129.039909">
        <ele>270.9</ele>
      </trkpt>
      <trkpt lat="35.61786" lon="129.04055">
        <ele>267.4</ele>
      </trkpt>
      <trkpt lat="35.61774" lon="129.04092">
        <ele>265.6</ele>
      </trkpt>
      <trkpt lat="35.6175" lon="129.04165">
        <ele>260.1</ele>
      </trkpt>
      <trkpt lat="35.61726" lon="129.04237">
        <ele>260.5</ele>
      </trkpt>
      <trkpt lat="35.61702" lon="129.0431">
        <ele>254.5</ele>
      </trkpt>
      <trkpt lat="35.61692" lon="129.04352">
        <ele>250.3</ele>
      </trkpt>
      <trkpt lat="35.61677" lon="129.04436">
        <ele>244.5</ele>
      </trkpt>
      <trkpt lat="35.6166" lon="129.04543">
        <ele>241.4</ele>
      </trkpt>
      <trkpt lat="35.61643" lon="129.0465">
        <ele>237.7</ele>
      </trkpt>
      <trkpt lat="35.61642" lon="129.04664">
        <ele>237.0</ele>
      </trkpt>
      <trkpt lat="35.61637" lon="129.04667">
        <ele>237.1</ele>
      </trkpt>
      <trkpt lat="35.61635" lon="129.04674">
        <ele>236.8</ele>
      </trkpt>
      <trkpt lat="35.61635" lon="129.04677">
        <ele>236.7</ele>
      </trkpt>
      <trkpt lat="35.61636" lon="129.04681">
        <ele>236.5</ele>
      </trkpt>
      <trkpt lat="35.61638" lon="129.04683">
        <ele>236.3</ele>
      </trkpt>
      <trkpt lat="35.61641" lon="129.04685">
        <ele>236.1</ele>
      </trkpt>
      <trkpt lat="35.61644" lon="129.04685">
        <ele>236.0</ele>
      </trkpt>
      <trkpt lat="35.61647" lon="129.04685">
        <ele>235.9</ele>
      </trkpt>
      <trkpt lat="35.6165" lon="129.04683">
        <ele>235.9</ele>
      </trkpt>
      <trkpt lat="35.61652" lon="129.046799">
        <ele>236.0</ele>
      </trkpt>
      <trkpt lat="35.61653" lon="129.04676">
        <ele>236.1</ele>
      </trkpt>
      <trkpt lat="35.61672" lon="129.04693">
        <ele>235.5</ele>
      </trkpt>
      <trkpt lat="35.6168" lon="129.046979">
        <ele>235.3</ele>
      </trkpt>
      <trkpt lat="35.61693" lon="129.047148">
        <ele>234.8</ele>
      </trkpt>
      <trkpt lat="35.61709" lon="129.04745">
        <ele>234.2</ele>
      </trkpt>
      <trkpt lat="35.61706" lon="129.04749">
        <ele>234.0</ele>
      </trkpt>
      <trkpt lat="35.61706" lon="129.04755">
        <ele>233.8</ele>
      </trkpt>
      <trkpt lat="35.61707" lon="129.04759">
        <ele>233.7</ele>
      </trkpt>
      <trkpt lat="35.61711" lon="129.04764">
        <ele>233.7</ele>
      </trkpt>
      <trkpt lat="35.61715" lon="129.04764">
        <ele>233.9</ele>
      </trkpt>
      <trkpt lat="35.61719" lon="129.04763">
        <ele>234.0</ele>
      </trkpt>
      <trkpt lat="35.61722" lon="129.04758">
        <ele>234.2</ele>
      </trkpt>
      <trkpt lat="35.61723" lon="129.04756">
        <ele>234.2</ele>
      </trkpt>
      <trkpt lat="35.61754" lon="129.04764">
        <ele>235.0</ele>
      </trkpt>
      <trkpt lat="35.61814" lon="129.04793">
        <ele>236.4</ele>
      </trkpt>
      <trkpt lat="35.61853" lon="129.04809">
        <ele>238.1</ele>
      </trkpt>
      <trkpt lat="35.6188" lon="129.04839">
        <ele>239.9</ele>
      </trkpt>
      <trkpt lat="35.61881" lon="129.04844">
        <ele>240.0</ele>
      </trkpt>
      <trkpt lat="35.61883" lon="129.048487">
        <ele>240.1</ele>
      </trkpt>
      <trkpt lat="35.61886" lon="129.04852">
        <ele>240.4</ele>
      </trkpt>
      <trkpt lat="35.6189" lon="129.04854">
        <ele>240.7</ele>
      </trkpt>
      <trkpt lat="35.61894" lon="129.04853">
        <ele>241.0</ele>
      </trkpt>
      <trkpt lat="35.61899" lon="129.04851">
        <ele>241.4</ele>
      </trkpt>
      <trkpt lat="35.61912" lon="129.04847">
        <ele>242.5</ele>
      </trkpt>
      <trkpt lat="35.61919" lon="129.04847">
        <ele>243.1</ele>
      </trkpt>
      <trkpt lat="35.6193" lon="129.048498">
        <ele>244.2</ele>
      </trkpt>
      <trkpt lat="35.61964" lon="129.04864">
        <ele>247.3</ele>
      </trkpt>
      <trkpt lat="35.62026" lon="129.048859">
        <ele>252.3</ele>
      </trkpt>
      <trkpt lat="35.62065" lon="129.04902">
        <ele>254.6</ele>
      </trkpt>
      <trkpt lat="35.6212" lon="129.04926">
        <ele>256.8</ele>
      </trkpt>
      <trkpt lat="35.62176" lon="129.049489">
        <ele>259.6</ele>
      </trkpt>
      <trkpt lat="35.62251" lon="129.04986">
        <ele>263.9</ele>
      </trkpt>
      <trkpt lat="35.62326" lon="129.05022">
        <ele>267.7</ele>
      </trkpt>
      <trkpt lat="35.62331" lon="129.050277">
        <ele>268.1</ele>
      </trkpt>
      <trkpt lat="35.6234" lon="129.05048">
        <ele>269.5</ele>
      </trkpt>
      <trkpt lat="35.62344" lon="129.05063">
        <ele>270.5</ele>
      </trkpt>
      <trkpt lat="35.6235" lon="129.05124">
        <ele>272.3</ele>
      </trkpt>
      <trkpt lat="35.62352" lon="129.051279">
        <ele>272.6</ele>
      </trkpt>
      <trkpt lat="35.6236" lon="129.05138">
        <ele>273.6</ele>
      </trkpt>
      <trkpt lat="35.62404" lon="129.0517">
        <ele>277.3</ele>
      </trkpt>
      <trkpt lat="35.62418" lon="129.05176">
        <ele>277.4</ele>
      </trkpt>
      <trkpt lat="35.62427" lon="129.05177">
        <ele>276.7</ele>
      </trkpt>
      <trkpt lat="35.62439" lon="129.051718">
        <ele>276.8</ele>
      </trkpt>
      <trkpt lat="35.62464" lon="129.05153">
        <ele>278.1</ele>
      </trkpt>
      <trkpt lat="35.62483" lon="129.05129">
        <ele>281.6</ele>
      </trkpt>
      <trkpt lat="35.62506" lon="129.05095">
        <ele>288.1</ele>
      </trkpt>
      <trkpt lat="35.62535" lon="129.05063">
        <ele>289.3</ele>
      </trkpt>
      <trkpt lat="35.62591" lon="129.05013">
        <ele>296.6</ele>
      </trkpt>
      <trkpt lat="35.62624" lon="129.04989">
        <ele>300.4</ele>
      </trkpt>
      <trkpt lat="35.6266" lon="129.04969">
        <ele>304.3</ele>
      </trkpt>
      <trkpt lat="35.62667" lon="129.049658">
        <ele>305.2</ele>
      </trkpt>
      <trkpt lat="35.6268" lon="129.04965">
        <ele>306.7</ele>
      </trkpt>
      <trkpt lat="35.62692" lon="129.0497">
        <ele>307.3</ele>
      </trkpt>
      <trkpt lat="35.62712" lon="129.0499">
        <ele>306.9</ele>
      </trkpt>
      <trkpt lat="35.62727" lon="129.050187">
        <ele>306.7</ele>
      </trkpt>
      <trkpt lat="35.62739" lon="129.050817">
        <ele>306.3</ele>
      </trkpt>
      <trkpt lat="35.62741" lon="129.05089">
        <ele>306.4</ele>
      </trkpt>
      <trkpt lat="35.62745" lon="129.05095">
        <ele>306.9</ele>
      </trkpt>
      <trkpt lat="35.6277" lon="129.05102">
        <ele>308.5</ele>
      </trkpt>
      <trkpt lat="35.62788" lon="129.050998">
        <ele>309.3</ele>
      </trkpt>
      <trkpt lat="35.62803" lon="129.050919">
        <ele>310.7</ele>
      </trkpt>
      <trkpt lat="35.62814" lon="129.050727">
        <ele>312.6</ele>
      </trkpt>
      <trkpt lat="35.62826" lon="129.05022">
        <ele>316.1</ele>
      </trkpt>
      <trkpt lat="35.62842" lon="129.04986">
        <ele>320.2</ele>
      </trkpt>
      <trkpt lat="35.62851" lon="129.04951">
        <ele>324.5</ele>
      </trkpt>
      <trkpt lat="35.62863" lon="129.04925">
        <ele>327.9</ele>
      </trkpt>
      <trkpt lat="35.62875" lon="129.0492">
        <ele>329.2</ele>
      </trkpt>
      <trkpt lat="35.62893" lon="129.04925">
        <ele>329.8</ele>
      </trkpt>
      <trkpt lat="35.62913" lon="129.049478">
        <ele>329.1</ele>
      </trkpt>
      <trkpt lat="35.62924" lon="129.04965">
        <ele>328.7</ele>
      </trkpt>
      <trkpt lat="35.62941" lon="129.049838">
        <ele>328.5</ele>
      </trkpt>
      <trkpt lat="35.62955" lon="129.04996">
        <ele>328.2</ele>
      </trkpt>
      <trkpt lat="35.62962" lon="129.04996">
        <ele>328.8</ele>
      </trkpt>
      <trkpt lat="35.62971" lon="129.04995">
        <ele>329.6</ele>
      </trkpt>
      <trkpt lat="35.62988" lon="129.049849">
        <ele>332.5</ele>
      </trkpt>
      <trkpt lat="35.63005" lon="129.04965">
        <ele>336.7</ele>
      </trkpt>
      <trkpt lat="35.63021" lon="129.04942">
        <ele>339.8</ele>
      </trkpt>
      <trkpt lat="35.63034" lon="129.04909">
        <ele>344.6</ele>
      </trkpt>
      <trkpt lat="35.63042" lon="129.0488">
        <ele>348.9</ele>
      </trkpt>
      <trkpt lat="35.63052" lon="129.04865">
        <ele>350.9</ele>
      </trkpt>
      <trkpt lat="35.63062" lon="129.048589">
        <ele>351.5</ele>
      </trkpt>
      <trkpt lat="35.63077" lon="129.04854">
        <ele>351.8</ele>
      </trkpt>
      <trkpt lat="35.63086" lon="129.04854">
        <ele>351.9</ele>
      </trkpt>
      <trkpt lat="35.63098" lon="129.04856">
        <ele>353.4</ele>
      </trkpt>
      <trkpt lat="35.63116" lon="129.04871">
        <ele>353.9</ele>
      </trkpt>
      <trkpt lat="35.63137" lon="129.04899">
        <ele>353.2</ele>
      </trkpt>
      <trkpt lat="35.63155" lon="129.04925">
        <ele>352.1</ele>
      </trkpt>
      <trkpt lat="35.63166" lon="129.04928">
        <ele>353.3</ele>
      </trkpt>
      <trkpt lat="35.63179" lon="129.04929">
        <ele>353.9</ele>
      </trkpt>
      <trkpt lat="35.63189" lon="129.04923">
        <ele>355.8</ele>
      </trkpt>
      <trkpt lat="35.63202" lon="129.0491">
        <ele>359.3</ele>
      </trkpt>
      <trkpt lat="35.6321" lon="129.04906">
        <ele>360.7</ele>
      </trkpt>
      <trkpt lat="35.63222" lon="129.04905">
        <ele>361.8</ele>
      </trkpt>
      <trkpt lat="35.63233" lon="129.049129">
        <ele>360.8</ele>
      </trkpt>
      <trkpt lat="35.63251" lon="129.049298">
        <ele>357.4</ele>
      </trkpt>
      <trkpt lat="35.63258" lon="129.04935">
        <ele>355.8</ele>
      </trkpt>
      <trkpt lat="35.63266" lon="129.04935">
        <ele>355.5</ele>
      </trkpt>
      <trkpt lat="35.63277" lon="129.04932">
        <ele>355.8</ele>
      </trkpt>
      <trkpt lat="35.63281" lon="129.04927">
        <ele>356.8</ele>
      </trkpt>
      <trkpt lat="35.63285" lon="129.049208">
        <ele>357.9</ele>
      </trkpt>
      <trkpt lat="35.63299" lon="129.04892">
        <ele>362.7</ele>
      </trkpt>
      <trkpt lat="35.63304" lon="129.04884">
        <ele>363.7</ele>
      </trkpt>
      <trkpt lat="35.6331" lon="129.04878">
        <ele>364.1</ele>
      </trkpt>
      <trkpt lat="35.63317" lon="129.04875">
        <ele>363.9</ele>
      </trkpt>
      <trkpt lat="35.63361" lon="129.04881">
        <ele>363.5</ele>
      </trkpt>
      <trkpt lat="35.63406" lon="129.04893">
        <ele>364.6</ele>
      </trkpt>
      <trkpt lat="35.63456" lon="129.04901">
        <ele>366.8</ele>
      </trkpt>
      <trkpt lat="35.63475" lon="129.049">
        <ele>368.7</ele>
      </trkpt>
      <trkpt lat="35.63501" lon="129.048847">
        <ele>375.2</ele>
      </trkpt>
      <trkpt lat="35.635045" lon="129.048814">
        <ele>376.5</ele>
      </trkpt>
      <trkpt lat="35.63504" lon="129.04881">
        <ele>376.6</ele>
      </trkpt>
      <trkpt lat="35.63548" lon="129.04839">
        <ele>389.9</ele>
      </trkpt>
      <trkpt lat="35.63566" lon="129.04834">
        <ele>391.4</ele>
      </trkpt>
      <trkpt lat="35.6358" lon="129.04837">
        <ele>391.2</ele>
      </trkpt>
      <trkpt lat="35.63593" lon="129.04843">
        <ele>391.9</ele>
      </trkpt>
      <trkpt lat="35.63603" lon="129.048498">
        <ele>392.2</ele>
      </trkpt>
      <trkpt lat="35.63613" lon="129.04861">
        <ele>391.8</ele>
      </trkpt>
      <trkpt lat="35.63652" lon="129.04897">
        <ele>390.8</ele>
      </trkpt>
      <trkpt lat="35.63671" lon="129.04906">
        <ele>391.6</ele>
      </trkpt>
      <trkpt lat="35.63686" lon="129.04908">
        <ele>392.4</ele>
      </trkpt>
      <trkpt lat="35.63699" lon="129.04908">
        <ele>393.6</ele>
      </trkpt>
      <trkpt lat="35.63751" lon="129.049028">
        <ele>399.3</ele>
      </trkpt>
      <trkpt lat="35.63783" lon="129.04898">
        <ele>407.2</ele>
      </trkpt>
      <trkpt lat="35.63806" lon="129.048938">
        <ele>412.7</ele>
      </trkpt>
      <trkpt lat="35.63831" lon="129.04893">
        <ele>417.9</ele>
      </trkpt>
      <trkpt lat="35.63854" lon="129.04928">
        <ele>421.4</ele>
      </trkpt>
      <trkpt lat="35.63862" lon="129.04951">
        <ele>421.4</ele>
      </trkpt>
      <trkpt lat="35.63869" lon="129.04963">
        <ele>421.6</ele>
      </trkpt>
      <trkpt lat="35.63878" lon="129.0497">
        <ele>422.6</ele>
      </trkpt>
      <trkpt lat="35.63891" lon="129.04973">
        <ele>424.8</ele>
      </trkpt>
      <trkpt lat="35.63966" lon="129.04955">
        <ele>441.8</ele>
      </trkpt>
      <trkpt lat="35.63973" lon="129.04952">
        <ele>443.7</ele>
      </trkpt>
      <trkpt lat="35.6398" lon="129.04944">
        <ele>447.2</ele>
      </trkpt>
      <trkpt lat="35.63978" lon="129.04933">
        <ele>450.3</ele>
      </trkpt>
      <trkpt lat="35.63971" lon="129.049298">
        <ele>450.1</ele>
      </trkpt>
      <trkpt lat="35.63942" lon="129.04926">
        <ele>446.6</ele>
      </trkpt>
      <trkpt lat="35.63928" lon="129.04923">
        <ele>445.2</ele>
      </trkpt>
      <trkpt lat="35.63917" lon="129.049129">
        <ele>445.7</ele>
      </trkpt>
      <trkpt lat="35.63915" lon="129.04901">
        <ele>447.0</ele>
      </trkpt>
      <trkpt lat="35.63916" lon="129.048938">
        <ele>448.6</ele>
      </trkpt>
      <trkpt lat="35.63921" lon="129.04889">
        <ele>450.6</ele>
      </trkpt>
      <trkpt lat="35.63974" lon="129.04892">
        <ele>461.0</ele>
      </trkpt>
      <trkpt lat="35.63989" lon="129.04889">
        <ele>465.0</ele>
      </trkpt>
      <trkpt lat="35.64006" lon="129.04881">
        <ele>470.4</ele>
      </trkpt>
      <trkpt lat="35.64042" lon="129.04846">
        <ele>484.1</ele>
      </trkpt>
      <trkpt lat="35.64071" lon="129.04865">
        <ele>482.1</ele>
      </trkpt>
      <trkpt lat="35.64079" lon="129.04866">
        <ele>482.7</ele>
      </trkpt>
      <trkpt lat="35.64089" lon="129.048589">
        <ele>485.9</ele>
      </trkpt>
      <trkpt lat="35.64111" lon="129.048408">
        <ele>494.7</ele>
      </trkpt>
      <trkpt lat="35.64132" lon="129.048307">
        <ele>501.6</ele>
      </trkpt>
      <trkpt lat="35.64171" lon="129.04824">
        <ele>512.2</ele>
      </trkpt>
      <trkpt lat="35.64178" lon="129.04812">
        <ele>518.0</ele>
      </trkpt>
      <trkpt lat="35.64173" lon="129.04799">
        <ele>520.3</ele>
      </trkpt>
      <trkpt lat="35.64162" lon="129.04794">
        <ele>518.8</ele>
      </trkpt>
      <trkpt lat="35.64117" lon="129.04792">
        <ele>510.3</ele>
      </trkpt>
      <trkpt lat="35.64103" lon="129.04793">
        <ele>507.1</ele>
      </trkpt>
      <trkpt lat="35.64096" lon="129.047868">
        <ele>507.5</ele>
      </trkpt>
      <trkpt lat="35.64092" lon="129.04777">
        <ele>509.7</ele>
      </trkpt>
      <trkpt lat="35.64094" lon="129.04732">
        <ele>523.8</ele>
      </trkpt>
      <trkpt lat="35.64085" lon="129.04711">
        <ele>528.1</ele>
      </trkpt>
      <trkpt lat="35.64067" lon="129.046968">
        <ele>526.7</ele>
      </trkpt>
      <trkpt lat="35.64053" lon="129.04686">
        <ele>524.8</ele>
      </trkpt>
      <trkpt lat="35.64046" lon="129.04678">
        <ele>524.2</ele>
      </trkpt>
      <trkpt lat="35.64049" lon="129.046619">
        <ele>529.1</ele>
      </trkpt>
      <trkpt lat="35.64064" lon="129.04658">
        <ele>535.8</ele>
      </trkpt>
      <trkpt lat="35.64078" lon="129.046709">
        <ele>537.7</ele>
      </trkpt>
      <trkpt lat="35.64117" lon="129.04709">
        <ele>537.2</ele>
      </trkpt>
      <trkpt lat="35.64136" lon="129.047238">
        <ele>536.5</ele>
      </trkpt>
      <trkpt lat="35.64144" lon="129.047249">
        <ele>538.1</ele>
      </trkpt>
      <trkpt lat="35.64154" lon="129.04718">
        <ele>543.3</ele>
      </trkpt>
      <trkpt lat="35.64149" lon="129.047058">
        <ele>546.8</ele>
      </trkpt>
      <trkpt lat="35.64135" lon="129.046968">
        <ele>546.4</ele>
      </trkpt>
      <trkpt lat="35.64118" lon="129.046799">
        <ele>547.6</ele>
      </trkpt>
      <trkpt lat="35.64111" lon="129.046709">
        <ele>548.5</ele>
      </trkpt>
      <trkpt lat="35.64097" lon="129.0464">
        <ele>552.7</ele>
      </trkpt>
      <trkpt lat="35.64093" lon="129.046157">
        <ele>557.5</ele>
      </trkpt>
      <trkpt lat="35.64094" lon="129.045718">
        <ele>571.1</ele>
      </trkpt>
      <trkpt lat="35.64084" lon="129.04543">
        <ele>577.3</ele>
      </trkpt>
      <trkpt lat="35.64047" lon="129.04498">
        <ele>584.1</ele>
      </trkpt>
      <trkpt lat="35.64028" lon="129.04475">
        <ele>589.5</ele>
      </trkpt>
      <trkpt lat="35.64014" lon="129.04467">
        <ele>588.7</ele>
      </trkpt>
      <trkpt lat="35.63964" lon="129.04467">
        <ele>577.8</ele>
      </trkpt>
      <trkpt lat="35.63955" lon="129.04458">
        <ele>579.5</ele>
      </trkpt>
      <trkpt lat="35.63951" lon="129.04442">
        <ele>584.4</ele>
      </trkpt>
      <trkpt lat="35.63949" lon="129.04415">
        <ele>593.7</ele>
      </trkpt>
      <trkpt lat="35.63945" lon="129.04399">
        <ele>599.7</ele>
      </trkpt>
      <trkpt lat="35.63936" lon="129.04389">
        <ele>601.3</ele>
      </trkpt>
      <trkpt lat="35.63916" lon="129.04383">
        <ele>597.5</ele>
      </trkpt>
      <trkpt lat="35.63901" lon="129.04381">
        <ele>594.2</ele>
      </trkpt>
      <trkpt lat="35.63888" lon="129.043759">
        <ele>592.5</ele>
      </trkpt>
      <trkpt lat="35.63871" lon="129.04345">
        <ele>599.0</ele>
      </trkpt>
      <trkpt lat="35.63866" lon="129.04327">
        <ele>604.5</ele>
      </trkpt>
      <trkpt lat="35.63861" lon="129.04318">
        <ele>606.9</ele>
      </trkpt>
      <trkpt lat="35.63849" lon="129.04301">
        <ele>610.3</ele>
      </trkpt>
      <trkpt lat="35.63833" lon="129.04288">
        <ele>609.9</ele>
      </trkpt>
      <trkpt lat="35.63817" lon="129.04281">
        <ele>607.3</ele>
      </trkpt>
      <trkpt lat="35.63805" lon="129.04273">
        <ele>606.3</ele>
      </trkpt>
      <trkpt lat="35.63778" lon="129.04226">
        <ele>615.8</ele>
      </trkpt>
      <trkpt lat="35.63735" lon="129.04181">
        <ele>623.7</ele>
      </trkpt>
      <trkpt lat="35.63676" lon="129.04149">
        <ele>623.6</ele>
      </trkpt>
      <trkpt lat="35.63644" lon="129.041339">
        <ele>618.6</ele>
      </trkpt>
      <trkpt lat="35.63636" lon="129.04119">
        <ele>620.0</ele>
      </trkpt>
      <trkpt lat="35.63628" lon="129.040709">
        <ele>628.1</ele>
      </trkpt>
      <trkpt lat="35.63625" lon="129.040609">
        <ele>628.3</ele>
      </trkpt>
      <trkpt lat="35.6362" lon="129.04045">
        <ele>629.0</ele>
      </trkpt>
      <trkpt lat="35.6362" lon="129.04045">
        <ele>629.0</ele>
      </trkpt>
      <trkpt lat="35.63618" lon="129.04037">
        <ele>629.6</ele>
      </trkpt>
      <trkpt lat="35.63616" lon="129.04019">
        <ele>631.8</ele>
      </trkpt>
      <trkpt lat="35.63616" lon="129.039898">
        <ele>634.4</ele>
      </trkpt>
      <trkpt lat="35.63617" lon="129.03949">
        <ele>634.3</ele>
      </trkpt>
      <trkpt lat="35.6362" lon="129.039279">
        <ele>633.6</ele>
      </trkpt>
      <trkpt lat="35.63622" lon="129.03925">
        <ele>633.0</ele>
      </trkpt>
      <trkpt lat="35.6363" lon="129.03925">
        <ele>631.0</ele>
      </trkpt>
      <trkpt lat="35.63635" lon="129.03932">
        <ele>630.1</ele>
      </trkpt>
      <trkpt lat="35.63654" lon="129.03969">
        <ele>630.7</ele>
      </trkpt>
      <trkpt lat="35.63679" lon="129.03988">
        <ele>630.5</ele>
      </trkpt>
      <trkpt lat="35.63708" lon="129.03995">
        <ele>626.8</ele>
      </trkpt>
      <trkpt lat="35.63728" lon="129.03994">
        <ele>623.0</ele>
      </trkpt>
      <trkpt lat="35.63734" lon="129.03987">
        <ele>619.8</ele>
      </trkpt>
      <trkpt lat="35.63737" lon="129.039819">
        <ele>617.8</ele>
      </trkpt>
      <trkpt lat="35.63724" lon="129.03967">
        <ele>616.2</ele>
      </trkpt>
      <trkpt lat="35.63711" lon="129.0396">
        <ele>617.3</ele>
      </trkpt>
      <trkpt lat="35.63701" lon="129.03947">
        <ele>616.6</ele>
      </trkpt>
      <trkpt lat="35.6369" lon="129.0392">
        <ele>613.5</ele>
      </trkpt>
      <trkpt lat="35.63675" lon="129.0386">
        <ele>609.4</ele>
      </trkpt>
      <trkpt lat="35.63668" lon="129.03827">
        <ele>607.0</ele>
      </trkpt>
      <trkpt lat="35.63671" lon="129.038187">
        <ele>607.0</ele>
      </trkpt>
      <trkpt lat="35.63679" lon="129.03816">
        <ele>606.4</ele>
      </trkpt>
      <trkpt lat="35.63692" lon="129.03817">
        <ele>605.0</ele>
      </trkpt>
      <trkpt lat="35.63702" lon="129.03823">
        <ele>603.1</ele>
      </trkpt>
      <trkpt lat="35.63712" lon="129.03832">
        <ele>600.2</ele>
      </trkpt>
      <trkpt lat="35.63724" lon="129.0385">
        <ele>598.9</ele>
      </trkpt>
      <trkpt lat="35.63741" lon="129.03881">
        <ele>596.2</ele>
      </trkpt>
      <trkpt lat="35.63755" lon="129.03903">
        <ele>593.4</ele>
      </trkpt>
      <trkpt lat="35.63773" lon="129.03914">
        <ele>591.1</ele>
      </trkpt>
      <trkpt lat="35.63793" lon="129.03923">
        <ele>590.5</ele>
      </trkpt>
      <trkpt lat="35.63871" lon="129.039189">
        <ele>580.6</ele>
      </trkpt>
      <trkpt lat="35.63944" lon="129.039178">
        <ele>574.2</ele>
      </trkpt>
      <trkpt lat="35.63958" lon="129.03916">
        <ele>572.6</ele>
      </trkpt>
      <trkpt lat="35.63969" lon="129.03913">
        <ele>571.7</ele>
      </trkpt>
      <trkpt lat="35.64021" lon="129.03875">
        <ele>567.9</ele>
      </trkpt>
      <trkpt lat="35.64062" lon="129.0387">
        <ele>565.8</ele>
      </trkpt>
      <trkpt lat="35.64084" lon="129.03868">
        <ele>564.4</ele>
      </trkpt>
      <trkpt lat="35.64112" lon="129.03863">
        <ele>561.2</ele>
      </trkpt>
      <trkpt lat="35.64138" lon="129.03851">
        <ele>555.7</ele>
      </trkpt>
      <trkpt lat="35.64166" lon="129.03836">
        <ele>548.0</ele>
      </trkpt>
      <trkpt lat="35.64195" lon="129.03827">
        <ele>545.5</ele>
      </trkpt>
      <trkpt lat="35.64233" lon="129.038198">
        <ele>542.6</ele>
      </trkpt>
      <trkpt lat="35.64249" lon="129.03814">
        <ele>540.9</ele>
      </trkpt>
      <trkpt lat="35.64268" lon="129.038">
        <ele>541.9</ele>
      </trkpt>
      <trkpt lat="35.64319" lon="129.037489">
        <ele>532.9</ele>
      </trkpt>
      <trkpt lat="35.6437" lon="129.03698">
        <ele>537.8</ele>
      </trkpt>
      <trkpt lat="35.64409" lon="129.03653">
        <ele>530.3</ele>
      </trkpt>
      <trkpt lat="35.64449" lon="129.03609">
        <ele>525.9</ele>
      </trkpt>
      <trkpt lat="35.64493" lon="129.03557">
        <ele>514.6</ele>
      </trkpt>
      <trkpt lat="35.64531" lon="129.03505">
        <ele>508.7</ele>
      </trkpt>
      <trkpt lat="35.64545" lon="129.0349">
        <ele>508.8</ele>
      </trkpt>
      <trkpt lat="35.64573" lon="129.03472">
        <ele>507.7</ele>
      </trkpt>
      <trkpt lat="35.64599" lon="129.034618">
        <ele>508.0</ele>
      </trkpt>
      <trkpt lat="35.64639" lon="129.03439">
        <ele>506.2</ele>
      </trkpt>
      <trkpt lat="35.64683" lon="129.033988">
        <ele>499.7</ele>
      </trkpt>
      <trkpt lat="35.64736" lon="129.033549">
        <ele>493.0</ele>
      </trkpt>
      <trkpt lat="35.64777" lon="129.03326">
        <ele>488.3</ele>
      </trkpt>
      <trkpt lat="35.64788" lon="129.03313">
        <ele>488.0</ele>
      </trkpt>
      <trkpt lat="35.64795" lon="129.03297">
        <ele>486.4</ele>
      </trkpt>
      <trkpt lat="35.64807" lon="129.03278">
        <ele>484.5</ele>
      </trkpt>
      <trkpt lat="35.64828" lon="129.03262">
        <ele>483.1</ele>
      </trkpt>
      <trkpt lat="35.64838" lon="129.032558">
        <ele>483.7</ele>
      </trkpt>
      <trkpt lat="35.64842" lon="129.03249">
        <ele>483.7</ele>
      </trkpt>
      <trkpt lat="35.64846" lon="129.032378">
        <ele>483.3</ele>
      </trkpt>
      <trkpt lat="35.64849" lon="129.03214">
        <ele>480.6</ele>
      </trkpt>
      <trkpt lat="35.64854" lon="129.0319">
        <ele>478.2</ele>
      </trkpt>
      <trkpt lat="35.6486" lon="129.03172">
        <ele>476.7</ele>
      </trkpt>
      <trkpt lat="35.64888" lon="129.03119">
        <ele>474.1</ele>
      </trkpt>
      <trkpt lat="35.64896" lon="129.03114">
        <ele>473.7</ele>
      </trkpt>
      <trkpt lat="35.6492" lon="129.03091">
        <ele>469.6</ele>
      </trkpt>
      <trkpt lat="35.64975" lon="129.030408">
        <ele>470.0</ele>
      </trkpt>
      <trkpt lat="35.649751" lon="129.030417">
        <ele>470.1</ele>
      </trkpt>
      <trkpt lat="35.64977" lon="129.030397">
        <ele>470.0</ele>
      </trkpt>
      <trkpt lat="35.64997" lon="129.03011">
        <ele>464.7</ele>
      </trkpt>
      <trkpt lat="35.65013" lon="129.029688">
        <ele>461.7</ele>
      </trkpt>
      <trkpt lat="35.65023" lon="129.02913">
        <ele>455.7</ele>
      </trkpt>
      <trkpt lat="35.65045" lon="129.028078">
        <ele>452.8</ele>
      </trkpt>
      <trkpt lat="35.65071" lon="129.02752">
        <ele>445.4</ele>
      </trkpt>
      <trkpt lat="35.65096" lon="129.02696">
        <ele>448.8</ele>
      </trkpt>
      <trkpt lat="35.65134" lon="129.02632">
        <ele>446.8</ele>
      </trkpt>
      <trkpt lat="35.65167" lon="129.02596">
        <ele>440.4</ele>
      </trkpt>
      <trkpt lat="35.65219" lon="129.0255">
        <ele>437.4</ele>
      </trkpt>
      <trkpt lat="35.65275" lon="129.02497">
        <ele>434.3</ele>
      </trkpt>
      <trkpt lat="35.65289" lon="129.02481">
        <ele>434.0</ele>
      </trkpt>
      <trkpt lat="35.65299" lon="129.02463">
        <ele>433.3</ele>
      </trkpt>
      <trkpt lat="35.65305" lon="129.02443">
        <ele>432.4</ele>
      </trkpt>
      <trkpt lat="35.653" lon="129.0238">
        <ele>432.2</ele>
      </trkpt>
      <trkpt lat="35.65295" lon="129.02318">
        <ele>431.4</ele>
      </trkpt>
      <trkpt lat="35.65294" lon="129.02251">
        <ele>428.4</ele>
      </trkpt>
      <trkpt lat="35.65292" lon="129.02184">
        <ele>425.0</ele>
      </trkpt>
      <trkpt lat="35.65296" lon="129.02139">
        <ele>423.2</ele>
      </trkpt>
      <trkpt lat="35.65313" lon="129.02093">
        <ele>418.9</ele>
      </trkpt>
      <trkpt lat="35.65341" lon="129.02008">
        <ele>416.6</ele>
      </trkpt>
      <trkpt lat="35.65377" lon="129.01934">
        <ele>415.0</ele>
      </trkpt>
      <trkpt lat="35.65416" lon="129.018577">
        <ele>406.2</ele>
      </trkpt>
      <trkpt lat="35.65452" lon="129.01811">
        <ele>409.1</ele>
      </trkpt>
      <trkpt lat="35.65489" lon="129.01765">
        <ele>402.8</ele>
      </trkpt>
      <trkpt lat="35.65519" lon="129.01709">
        <ele>404.7</ele>
      </trkpt>
      <trkpt lat="35.65554" lon="129.0163">
        <ele>405.1</ele>
      </trkpt>
      <trkpt lat="35.65588" lon="129.01551">
        <ele>393.4</ele>
      </trkpt>
      <trkpt lat="35.6561" lon="129.014749">
        <ele>392.1</ele>
      </trkpt>
      <trkpt lat="35.65619" lon="129.0146">
        <ele>392.3</ele>
      </trkpt>
      <trkpt lat="35.65634" lon="129.01446">
        <ele>390.3</ele>
      </trkpt>
      <trkpt lat="35.6568" lon="129.01417">
        <ele>380.7</ele>
      </trkpt>
      <trkpt lat="35.65725" lon="129.01387">
        <ele>386.0</ele>
      </trkpt>
      <trkpt lat="35.65758" lon="129.0135">
        <ele>378.8</ele>
      </trkpt>
      <trkpt lat="35.65802" lon="129.01288">
        <ele>381.8</ele>
      </trkpt>
      <trkpt lat="35.65819" lon="129.012599">
        <ele>378.1</ele>
      </trkpt>
      <trkpt lat="35.65827" lon="129.01243">
        <ele>375.7</ele>
      </trkpt>
      <trkpt lat="35.65827" lon="129.01227">
        <ele>375.9</ele>
      </trkpt>
      <trkpt lat="35.65807" lon="129.01128">
        <ele>372.9</ele>
      </trkpt>
      <trkpt lat="35.658" lon="129.01065">
        <ele>364.9</ele>
      </trkpt>
      <trkpt lat="35.65802" lon="129.01042">
        <ele>360.9</ele>
      </trkpt>
      <trkpt lat="35.65809" lon="129.01021">
        <ele>355.7</ele>
      </trkpt>
      <trkpt lat="35.65844" lon="129.00968">
        <ele>344.7</ele>
      </trkpt>
      <trkpt lat="35.65879" lon="129.00915">
        <ele>342.3</ele>
      </trkpt>
      <trkpt lat="35.65908" lon="129.00858">
        <ele>333.6</ele>
      </trkpt>
      <trkpt lat="35.65914" lon="129.0084">
        <ele>329.0</ele>
      </trkpt>
      <trkpt lat="35.65926" lon="129.007759">
        <ele>324.2</ele>
      </trkpt>
      <trkpt lat="35.65946" lon="129.007049">
        <ele>321.7</ele>
      </trkpt>
      <trkpt lat="35.65966" lon="129.006509">
        <ele>318.7</ele>
      </trkpt>
      <trkpt lat="35.65989" lon="129.00598">
        <ele>314.2</ele>
      </trkpt>
      <trkpt lat="35.66025" lon="129.00554">
        <ele>314.5</ele>
      </trkpt>
      <trkpt lat="35.66058" lon="129.00526">
        <ele>310.8</ele>
      </trkpt>
      <trkpt lat="35.66071" lon="129.0052">
        <ele>308.1</ele>
      </trkpt>
      <trkpt lat="35.66104" lon="129.0051">
        <ele>308.2</ele>
      </trkpt>
      <trkpt lat="35.66135" lon="129.004989">
        <ele>310.6</ele>
      </trkpt>
      <trkpt lat="35.66152" lon="129.00488">
        <ele>312.0</ele>
      </trkpt>
      <trkpt lat="35.66165" lon="129.00475">
        <ele>310.6</ele>
      </trkpt>
      <trkpt lat="35.66174" lon="129.0046">
        <ele>309.2</ele>
      </trkpt>
      <trkpt lat="35.66183" lon="129.0042">
        <ele>299.6</ele>
      </trkpt>
      <trkpt lat="35.66191" lon="129.00401">
        <ele>299.1</ele>
      </trkpt>
      <trkpt lat="35.66209" lon="129.003807">
        <ele>299.4</ele>
      </trkpt>
      <trkpt lat="35.66255" lon="129.00343">
        <ele>291.7</ele>
      </trkpt>
      <trkpt lat="35.66284" lon="129.00326">
        <ele>288.5</ele>
      </trkpt>
      <trkpt lat="35.6634" lon="129.00317">
        <ele>288.5</ele>
      </trkpt>
      <trkpt lat="35.66399" lon="129.003008">
        <ele>284.9</ele>
      </trkpt>
      <trkpt lat="35.66455" lon="129.002839">
        <ele>280.8</ele>
      </trkpt>
      <trkpt lat="35.66479" lon="129.0028">
        <ele>279.8</ele>
      </trkpt>
      <trkpt lat="35.66509" lon="129.00279">
        <ele>279.7</ele>
      </trkpt>
      <trkpt lat="35.66542" lon="129.00285">
        <ele>281.6</ele>
      </trkpt>
      <trkpt lat="35.66584" lon="129.00285">
        <ele>281.8</ele>
      </trkpt>
      <trkpt lat="35.66663" lon="129.00271">
        <ele>270.1</ele>
      </trkpt>
      <trkpt lat="35.66748" lon="129.00245">
        <ele>266.4</ele>
      </trkpt>
      <trkpt lat="35.66766" lon="129.00241">
        <ele>265.6</ele>
      </trkpt>
      <trkpt lat="35.66781" lon="129.0024">
        <ele>264.9</ele>
      </trkpt>
      <trkpt lat="35.66835" lon="129.00232">
        <ele>262.7</ele>
      </trkpt>
      <trkpt lat="35.66878" lon="129.00178">
        <ele>258.1</ele>
      </trkpt>
      <trkpt lat="35.66908" lon="129.0015">
        <ele>260.9</ele>
      </trkpt>
      <trkpt lat="35.66912" lon="129.001477">
        <ele>261.2</ele>
      </trkpt>
      <trkpt lat="35.66924" lon="129.00141">
        <ele>262.2</ele>
      </trkpt>
      <trkpt lat="35.66928" lon="129.001387">
        <ele>262.6</ele>
      </trkpt>
      <trkpt lat="35.66952" lon="129.00132">
        <ele>264.5</ele>
      </trkpt>
      <trkpt lat="35.66975" lon="129.001308">
        <ele>265.0</ele>
      </trkpt>
      <trkpt lat="35.67051" lon="129.00133">
        <ele>264.5</ele>
      </trkpt>
      <trkpt lat="35.67115" lon="129.00133">
        <ele>263.3</ele>
      </trkpt>
      <trkpt lat="35.67145" lon="129.001308">
        <ele>262.9</ele>
      </trkpt>
      <trkpt lat="35.67208" lon="129.001218">
        <ele>259.3</ele>
      </trkpt>
      <trkpt lat="35.67225" lon="129.00118">
        <ele>257.9</ele>
      </trkpt>
      <trkpt lat="35.67253" lon="129.00097">
        <ele>257.8</ele>
      </trkpt>
      <trkpt lat="35.6727" lon="129.000768">
        <ele>257.4</ele>
      </trkpt>
      <trkpt lat="35.67287" lon="129.00045">
        <ele>257.1</ele>
      </trkpt>
      <trkpt lat="35.67292" lon="129.00027">
        <ele>257.5</ele>
      </trkpt>
      <trkpt lat="35.67298" lon="128.99994">
        <ele>257.6</ele>
      </trkpt>
      <trkpt lat="35.67298" lon="128.99981">
        <ele>256.7</ele>
      </trkpt>
      <trkpt lat="35.67291" lon="128.99941">
        <ele>256.5</ele>
      </trkpt>
      <trkpt lat="35.67273" lon="128.99887">
        <ele>256.2</ele>
      </trkpt>
      <trkpt lat="35.6726" lon="128.9984">
        <ele>249.8</ele>
      </trkpt>
      <trkpt lat="35.67251" lon="128.99795">
        <ele>246.8</ele>
      </trkpt>
      <trkpt lat="35.67237" lon="128.997177">
        <ele>247.0</ele>
      </trkpt>
      <trkpt lat="35.67228" lon="128.99643">
        <ele>247.1</ele>
      </trkpt>
      <trkpt lat="35.67218" lon="128.99568">
        <ele>252.0</ele>
      </trkpt>
      <trkpt lat="35.67216" lon="128.99536">
        <ele>253.6</ele>
      </trkpt>
      <trkpt lat="35.67217" lon="128.99502">
        <ele>254.0</ele>
      </trkpt>
      <trkpt lat="35.67231" lon="128.99463">
        <ele>248.2</ele>
      </trkpt>
      <trkpt lat="35.67255" lon="128.99416">
        <ele>240.6</ele>
      </trkpt>
      <trkpt lat="35.67283" lon="128.993338">
        <ele>241.7</ele>
      </trkpt>
      <trkpt lat="35.67314" lon="128.99255">
        <ele>238.2</ele>
      </trkpt>
      <trkpt lat="35.67339" lon="128.99194">
        <ele>234.4</ele>
      </trkpt>
      <trkpt lat="35.67365" lon="128.99132">
        <ele>234.6</ele>
      </trkpt>
      <trkpt lat="35.67378" lon="128.99095">
        <ele>232.6</ele>
      </trkpt>
      <trkpt lat="35.67386" lon="128.99041">
        <ele>230.7</ele>
      </trkpt>
      <trkpt lat="35.67385" lon="128.98968">
        <ele>230.3</ele>
      </trkpt>
      <trkpt lat="35.67381" lon="128.98933">
        <ele>231.0</ele>
      </trkpt>
      <trkpt lat="35.67377" lon="128.98888">
        <ele>230.7</ele>
      </trkpt>
      <trkpt lat="35.67361" lon="128.98783">
        <ele>228.5</ele>
      </trkpt>
      <trkpt lat="35.67358" lon="128.987518">
        <ele>227.8</ele>
      </trkpt>
      <trkpt lat="35.67357" lon="128.98731">
        <ele>227.4</ele>
      </trkpt>
      <trkpt lat="35.67364" lon="128.98692">
        <ele>226.4</ele>
      </trkpt>
      <trkpt lat="35.67379" lon="128.98637">
        <ele>229.7</ele>
      </trkpt>
      <trkpt lat="35.67381" lon="128.98631">
        <ele>230.5</ele>
      </trkpt>
      <trkpt lat="35.6739" lon="128.986179">
        <ele>231.4</ele>
      </trkpt>
      <trkpt lat="35.67399" lon="128.9861">
        <ele>231.4</ele>
      </trkpt>
      <trkpt lat="35.67416" lon="128.985987">
        <ele>230.2</ele>
      </trkpt>
      <trkpt lat="35.67446" lon="128.98585">
        <ele>226.3</ele>
      </trkpt>
      <trkpt lat="35.67459" lon="128.98577">
        <ele>225.3</ele>
      </trkpt>
      <trkpt lat="35.6748" lon="128.985537">
        <ele>225.2</ele>
      </trkpt>
      <trkpt lat="35.67504" lon="128.985289">
        <ele>223.5</ele>
      </trkpt>
      <trkpt lat="35.67563" lon="128.984839">
        <ele>219.7</ele>
      </trkpt>
      <trkpt lat="35.67634" lon="128.98428">
        <ele>219.1</ele>
      </trkpt>
      <trkpt lat="35.67699" lon="128.98379">
        <ele>216.0</ele>
      </trkpt>
      <trkpt lat="35.67718" lon="128.983668">
        <ele>215.7</ele>
      </trkpt>
      <trkpt lat="35.67733" lon="128.983589">
        <ele>215.4</ele>
      </trkpt>
      <trkpt lat="35.67755" lon="128.983499">
        <ele>215.2</ele>
      </trkpt>
      <trkpt lat="35.67772" lon="128.98347">
        <ele>215.4</ele>
      </trkpt>
      <trkpt lat="35.67787" lon="128.983477">
        <ele>215.4</ele>
      </trkpt>
      <trkpt lat="35.67822" lon="128.98342">
        <ele>216.1</ele>
      </trkpt>
      <trkpt lat="35.67834" lon="128.98334">
        <ele>216.9</ele>
      </trkpt>
      <trkpt lat="35.6785" lon="128.98321">
        <ele>217.9</ele>
      </trkpt>
      <trkpt lat="35.67894" lon="128.98256">
        <ele>218.7</ele>
      </trkpt>
      <trkpt lat="35.67931" lon="128.98217">
        <ele>215.0</ele>
      </trkpt>
      <trkpt lat="35.67968" lon="128.98172">
        <ele>214.0</ele>
      </trkpt>
      <trkpt lat="35.68003" lon="128.98147">
        <ele>211.2</ele>
      </trkpt>
      <trkpt lat="35.68057" lon="128.98096">
        <ele>208.4</ele>
      </trkpt>
      <trkpt lat="35.68072" lon="128.98073">
        <ele>206.8</ele>
      </trkpt>
      <trkpt lat="35.68086" lon="128.98031">
        <ele>206.2</ele>
      </trkpt>
      <trkpt lat="35.68108" lon="128.97942">
        <ele>205.5</ele>
      </trkpt>
      <trkpt lat="35.68131" lon="128.97854">
        <ele>204.7</ele>
      </trkpt>
      <trkpt lat="35.68155" lon="128.97764">
        <ele>204.0</ele>
      </trkpt>
      <trkpt lat="35.68169" lon="128.97717">
        <ele>203.1</ele>
      </trkpt>
      <trkpt lat="35.68183" lon="128.976599">
        <ele>204.2</ele>
      </trkpt>
      <trkpt lat="35.68198" lon="128.97602">
        <ele>204.4</ele>
      </trkpt>
      <trkpt lat="35.68202" lon="128.975788">
        <ele>204.5</ele>
      </trkpt>
      <trkpt lat="35.68209" lon="128.975248">
        <ele>204.6</ele>
      </trkpt>
      <trkpt lat="35.68209" lon="128.97439">
        <ele>201.6</ele>
      </trkpt>
      <trkpt lat="35.68209" lon="128.97354">
        <ele>199.3</ele>
      </trkpt>
      <trkpt lat="35.68209" lon="128.97268">
        <ele>200.1</ele>
      </trkpt>
      <trkpt lat="35.6821" lon="128.97173">
        <ele>201.5</ele>
      </trkpt>
      <trkpt lat="35.68209" lon="128.97072">
        <ele>198.9</ele>
      </trkpt>
      <trkpt lat="35.68207" lon="128.97035">
        <ele>197.7</ele>
      </trkpt>
      <trkpt lat="35.68204" lon="128.97003">
        <ele>197.0</ele>
      </trkpt>
      <trkpt lat="35.68193" lon="128.969608">
        <ele>197.8</ele>
      </trkpt>
      <trkpt lat="35.68174" lon="128.96904">
        <ele>197.7</ele>
      </trkpt>
      <trkpt lat="35.68167" lon="128.96874">
        <ele>196.9</ele>
      </trkpt>
      <trkpt lat="35.68161" lon="128.96837">
        <ele>196.8</ele>
      </trkpt>
      <trkpt lat="35.68158" lon="128.96797">
        <ele>196.1</ele>
      </trkpt>
      <trkpt lat="35.68163" lon="128.9674">
        <ele>193.0</ele>
      </trkpt>
      <trkpt lat="35.6817" lon="128.96694">
        <ele>194.1</ele>
      </trkpt>
      <trkpt lat="35.68181" lon="128.96633">
        <ele>197.7</ele>
      </trkpt>
      <trkpt lat="35.68189" lon="128.96607">
        <ele>198.4</ele>
      </trkpt>
      <trkpt lat="35.68198" lon="128.96581">
        <ele>198.3</ele>
      </trkpt>
      <trkpt lat="35.68235" lon="128.96493">
        <ele>191.8</ele>
      </trkpt>
      <trkpt lat="35.68267" lon="128.96437">
        <ele>187.6</ele>
      </trkpt>
      <trkpt lat="35.68297" lon="128.9636">
        <ele>189.0</ele>
      </trkpt>
      <trkpt lat="35.6831" lon="128.963169">
        <ele>188.6</ele>
      </trkpt>
      <trkpt lat="35.68315" lon="128.962978">
        <ele>187.7</ele>
      </trkpt>
      <trkpt lat="35.68318" lon="128.96279">
        <ele>187.2</ele>
      </trkpt>
      <trkpt lat="35.6832" lon="128.9626">
        <ele>186.8</ele>
      </trkpt>
      <trkpt lat="35.68324" lon="128.962347">
        <ele>186.0</ele>
      </trkpt>
      <trkpt lat="35.6833" lon="128.96212">
        <ele>185.0</ele>
      </trkpt>
      <trkpt lat="35.68336" lon="128.96193">
        <ele>184.5</ele>
      </trkpt>
      <trkpt lat="35.68349" lon="128.961638">
        <ele>184.4</ele>
      </trkpt>
      <trkpt lat="35.68358" lon="128.96148">
        <ele>183.6</ele>
      </trkpt>
      <trkpt lat="35.68384" lon="128.961379">
        <ele>182.6</ele>
      </trkpt>
      <trkpt lat="35.68414" lon="128.96121">
        <ele>181.5</ele>
      </trkpt>
      <trkpt lat="35.68458" lon="128.96091">
        <ele>180.6</ele>
      </trkpt>
      <trkpt lat="35.68502" lon="128.9606">
        <ele>180.2</ele>
      </trkpt>
      <trkpt lat="35.68532" lon="128.9604">
        <ele>179.9</ele>
      </trkpt>
      <trkpt lat="35.68544" lon="128.96034">
        <ele>179.8</ele>
      </trkpt>
      <trkpt lat="35.68551" lon="128.96033">
        <ele>179.8</ele>
      </trkpt>
      <trkpt lat="35.68557" lon="128.96034">
        <ele>179.7</ele>
      </trkpt>
      <trkpt lat="35.68571" lon="128.96042">
        <ele>179.6</ele>
      </trkpt>
      <trkpt lat="35.68616" lon="128.960839">
        <ele>178.2</ele>
      </trkpt>
      <trkpt lat="35.68643" lon="128.96106">
        <ele>177.3</ele>
      </trkpt>
      <trkpt lat="35.68655" lon="128.96114">
        <ele>177.1</ele>
      </trkpt>
      <trkpt lat="35.68664" lon="128.96118">
        <ele>177.0</ele>
      </trkpt>
      <trkpt lat="35.68682" lon="128.96126">
        <ele>176.6</ele>
      </trkpt>
      <trkpt lat="35.68726" lon="128.96133">
        <ele>175.6</ele>
      </trkpt>
      <trkpt lat="35.68757" lon="128.96143">
        <ele>174.8</ele>
      </trkpt>
      <trkpt lat="35.68773" lon="128.9615">
        <ele>174.4</ele>
      </trkpt>
      <trkpt lat="35.68791" lon="128.96166">
        <ele>174.0</ele>
      </trkpt>
      <trkpt lat="35.68809" lon="128.96189">
        <ele>174.7</ele>
      </trkpt>
      <trkpt lat="35.6882" lon="128.962099">
        <ele>174.9</ele>
      </trkpt>
      <trkpt lat="35.68827" lon="128.96225">
        <ele>175.1</ele>
      </trkpt>
      <trkpt lat="35.68852" lon="128.96283">
        <ele>175.7</ele>
      </trkpt>
      <trkpt lat="35.68863" lon="128.96306">
        <ele>176.0</ele>
      </trkpt>
      <trkpt lat="35.68888" lon="128.963698">
        <ele>175.1</ele>
      </trkpt>
      <trkpt lat="35.68892" lon="128.96378">
        <ele>174.8</ele>
      </trkpt>
      <trkpt lat="35.68896" lon="128.964">
        <ele>174.8</ele>
      </trkpt>
      <trkpt lat="35.68896" lon="128.964497">
        <ele>174.7</ele>
      </trkpt>
      <trkpt lat="35.68892" lon="128.965229">
        <ele>173.7</ele>
      </trkpt>
      <trkpt lat="35.68887" lon="128.96596">
        <ele>171.9</ele>
      </trkpt>
      <trkpt lat="35.68886" lon="128.96652">
        <ele>171.3</ele>
      </trkpt>
      <trkpt lat="35.68886" lon="128.96706">
        <ele>170.7</ele>
      </trkpt>
      <trkpt lat="35.68887" lon="128.967368">
        <ele>170.3</ele>
      </trkpt>
      <trkpt lat="35.68896" lon="128.96798">
        <ele>168.6</ele>
      </trkpt>
      <trkpt lat="35.68899" lon="128.96815">
        <ele>168.2</ele>
      </trkpt>
      <trkpt lat="35.6891" lon="128.968449">
        <ele>167.6</ele>
      </trkpt>
      <trkpt lat="35.68939" lon="128.969079">
        <ele>168.3</ele>
      </trkpt>
      <trkpt lat="35.68958" lon="128.96946">
        <ele>167.8</ele>
      </trkpt>
      <trkpt lat="35.68976" lon="128.96974">
        <ele>167.1</ele>
      </trkpt>
      <trkpt lat="35.68996" lon="128.96999">
        <ele>166.2</ele>
      </trkpt>
      <trkpt lat="35.69032" lon="128.970317">
        <ele>166.9</ele>
      </trkpt>
      <trkpt lat="35.69071" lon="128.97071">
        <ele>166.5</ele>
      </trkpt>
      <trkpt lat="35.69131" lon="128.97128">
        <ele>166.2</ele>
      </trkpt>
      <trkpt lat="35.69158" lon="128.97144">
        <ele>165.5</ele>
      </trkpt>
      <trkpt lat="35.69171" lon="128.97148">
        <ele>165.3</ele>
      </trkpt>
      <trkpt lat="35.69185" lon="128.97147">
        <ele>166.1</ele>
      </trkpt>
      <trkpt lat="35.69202" lon="128.97145">
        <ele>167.0</ele>
      </trkpt>
      <trkpt lat="35.69267" lon="128.97128">
        <ele>170.9</ele>
      </trkpt>
      <trkpt lat="35.69305" lon="128.97125">
        <ele>173.1</ele>
      </trkpt>
      <trkpt lat="35.69345" lon="128.97127">
        <ele>174.8</ele>
      </trkpt>
      <trkpt lat="35.69423" lon="128.97136">
        <ele>172.1</ele>
      </trkpt>
      <trkpt lat="35.69502" lon="128.97145">
        <ele>168.4</ele>
      </trkpt>
      <trkpt lat="35.69548" lon="128.97148">
        <ele>168.2</ele>
      </trkpt>
      <trkpt lat="35.69595" lon="128.97151">
        <ele>167.3</ele>
      </trkpt>
      <trkpt lat="35.69649" lon="128.97151">
        <ele>165.3</ele>
      </trkpt>
      <trkpt lat="35.69725" lon="128.97147">
        <ele>162.6</ele>
      </trkpt>
      <trkpt lat="35.69775" lon="128.97139">
        <ele>161.7</ele>
      </trkpt>
      <trkpt lat="35.69794" lon="128.97134">
        <ele>161.7</ele>
      </trkpt>
      <trkpt lat="35.69844" lon="128.97111">
        <ele>161.4</ele>
      </trkpt>
      <trkpt lat="35.6987" lon="128.97097">
        <ele>160.5</ele>
      </trkpt>
      <trkpt lat="35.69901" lon="128.97076">
        <ele>159.9</ele>
      </trkpt>
      <trkpt lat="35.69931" lon="128.97052">
        <ele>159.9</ele>
      </trkpt>
      <trkpt lat="35.69966" lon="128.97026">
        <ele>158.9</ele>
      </trkpt>
      <trkpt lat="35.69992" lon="128.97004">
        <ele>157.7</ele>
      </trkpt>
      <trkpt lat="35.70028" lon="128.96977">
        <ele>157.7</ele>
      </trkpt>
      <trkpt lat="35.70074" lon="128.9694">
        <ele>157.6</ele>
      </trkpt>
      <trkpt lat="35.70124" lon="128.96904">
        <ele>157.8</ele>
      </trkpt>
      <trkpt lat="35.70171" lon="128.96866">
        <ele>157.0</ele>
      </trkpt>
      <trkpt lat="35.70204" lon="128.96829">
        <ele>156.3</ele>
      </trkpt>
      <trkpt lat="35.70216" lon="128.9681">
        <ele>157.9</ele>
      </trkpt>
      <trkpt lat="35.70242" lon="128.96758">
        <ele>161.9</ele>
      </trkpt>
      <trkpt lat="35.70268" lon="128.96714">
        <ele>168.8</ele>
      </trkpt>
      <trkpt lat="35.70308" lon="128.966749">
        <ele>172.1</ele>
      </trkpt>
      <trkpt lat="35.70346" lon="128.96649">
        <ele>173.3</ele>
      </trkpt>
      <trkpt lat="35.7039" lon="128.96613">
        <ele>174.1</ele>
      </trkpt>
      <trkpt lat="35.70442" lon="128.9656">
        <ele>176.2</ele>
      </trkpt>
      <trkpt lat="35.70487" lon="128.96512">
        <ele>188.0</ele>
      </trkpt>
      <trkpt lat="35.7054" lon="128.964779">
        <ele>192.5</ele>
      </trkpt>
      <trkpt lat="35.70574" lon="128.964497">
        <ele>193.4</ele>
      </trkpt>
      <trkpt lat="35.70589" lon="128.9643">
        <ele>194.0</ele>
      </trkpt>
      <trkpt lat="35.70616" lon="128.96382">
        <ele>189.0</ele>
      </trkpt>
      <trkpt lat="35.70633" lon="128.96336">
        <ele>186.8</ele>
      </trkpt>
      <trkpt lat="35.70637" lon="128.96302">
        <ele>186.3</ele>
      </trkpt>
      <trkpt lat="35.7064" lon="128.96258">
        <ele>186.4</ele>
      </trkpt>
      <trkpt lat="35.70649" lon="128.9617">
        <ele>183.0</ele>
      </trkpt>
      <trkpt lat="35.70665" lon="128.96097">
        <ele>178.2</ele>
      </trkpt>
      <trkpt lat="35.70679" lon="128.96037">
        <ele>173.0</ele>
      </trkpt>
      <trkpt lat="35.70693" lon="128.959758">
        <ele>168.4</ele>
      </trkpt>
      <trkpt lat="35.70713" lon="128.959">
        <ele>164.4</ele>
      </trkpt>
      <trkpt lat="35.70739" lon="128.95834">
        <ele>160.8</ele>
      </trkpt>
      <trkpt lat="35.70759" lon="128.957968">
        <ele>158.9</ele>
      </trkpt>
      <trkpt lat="35.70796" lon="128.957338">
        <ele>157.4</ele>
      </trkpt>
      <trkpt lat="35.70808" lon="128.957079">
        <ele>157.2</ele>
      </trkpt>
      <trkpt lat="35.70816" lon="128.95675">
        <ele>157.4</ele>
      </trkpt>
      <trkpt lat="35.70819" lon="128.95649">
        <ele>157.1</ele>
      </trkpt>
      <trkpt lat="35.70814" lon="128.95598">
        <ele>157.9</ele>
      </trkpt>
      <trkpt lat="35.70801" lon="128.95534">
        <ele>160.9</ele>
      </trkpt>
      <trkpt lat="35.70788" lon="128.9547">
        <ele>160.2</ele>
      </trkpt>
      <trkpt lat="35.70777" lon="128.95408">
        <ele>153.3</ele>
      </trkpt>
      <trkpt lat="35.70779" lon="128.953668">
        <ele>152.7</ele>
      </trkpt>
      <trkpt lat="35.70784" lon="128.95353">
        <ele>152.5</ele>
      </trkpt>
      <trkpt lat="35.70788" lon="128.95339">
        <ele>152.4</ele>
      </trkpt>
      <trkpt lat="35.7081" lon="128.95318">
        <ele>153.4</ele>
      </trkpt>
      <trkpt lat="35.70826" lon="128.95306">
        <ele>154.2</ele>
      </trkpt>
      <trkpt lat="35.70901" lon="128.952959">
        <ele>154.3</ele>
      </trkpt>
      <trkpt lat="35.70976" lon="128.952857">
        <ele>156.3</ele>
      </trkpt>
      <trkpt lat="35.71058" lon="128.95281">
        <ele>159.8</ele>
      </trkpt>
      <trkpt lat="35.7109" lon="128.95276">
        <ele>162.5</ele>
      </trkpt>
      <trkpt lat="35.71102" lon="128.952778">
        <ele>163.9</ele>
      </trkpt>
      <trkpt lat="35.71116" lon="128.95281">
        <ele>165.4</ele>
      </trkpt>
      <trkpt lat="35.71132" lon="128.95289">
        <ele>166.3</ele>
      </trkpt>
      <trkpt lat="35.71148" lon="128.953">
        <ele>166.2</ele>
      </trkpt>
      <trkpt lat="35.71176" lon="128.953218">
        <ele>164.3</ele>
      </trkpt>
      <trkpt lat="35.71205" lon="128.95343">
        <ele>161.7</ele>
      </trkpt>
      <trkpt lat="35.71219" lon="128.953488">
        <ele>161.2</ele>
      </trkpt>
      <trkpt lat="35.71237" lon="128.95351">
        <ele>161.7</ele>
      </trkpt>
      <trkpt lat="35.71266" lon="128.953499">
        <ele>160.2</ele>
      </trkpt>
      <trkpt lat="35.71282" lon="128.95346">
        <ele>158.7</ele>
      </trkpt>
      <trkpt lat="35.71317" lon="128.95324">
        <ele>158.5</ele>
      </trkpt>
      <trkpt lat="35.71344" lon="128.95293">
        <ele>161.9</ele>
      </trkpt>
      <trkpt lat="35.71374" lon="128.9524">
        <ele>167.2</ele>
      </trkpt>
      <trkpt lat="35.71388" lon="128.95226">
        <ele>166.8</ele>
      </trkpt>
      <trkpt lat="35.71401" lon="128.95217">
        <ele>165.7</ele>
      </trkpt>
      <trkpt lat="35.71428" lon="128.95208">
        <ele>163.3</ele>
      </trkpt>
      <trkpt lat="35.7146" lon="128.95209">
        <ele>160.7</ele>
      </trkpt>
      <trkpt lat="35.71474" lon="128.95211">
        <ele>159.0</ele>
      </trkpt>
      <trkpt lat="35.715" lon="128.952">
        <ele>160.8</ele>
      </trkpt>
      <trkpt lat="35.71538" lon="128.95175">
        <ele>164.1</ele>
      </trkpt>
      <trkpt lat="35.71583" lon="128.95157">
        <ele>165.0</ele>
      </trkpt>
      <trkpt lat="35.7164" lon="128.951439">
        <ele>164.8</ele>
      </trkpt>
      <trkpt lat="35.71697" lon="128.9513">
        <ele>165.2</ele>
      </trkpt>
      <trkpt lat="35.71738" lon="128.95112">
        <ele>168.6</ele>
      </trkpt>
      <trkpt lat="35.71779" lon="128.95086">
        <ele>169.4</ele>
      </trkpt>
      <trkpt lat="35.71818" lon="128.950538">
        <ele>169.3</ele>
      </trkpt>
      <trkpt lat="35.71831" lon="128.95041">
        <ele>169.5</ele>
      </trkpt>
      <trkpt lat="35.71849" lon="128.95011">
        <ele>172.0</ele>
      </trkpt>
      <trkpt lat="35.71856" lon="128.94996">
        <ele>172.2</ele>
      </trkpt>
      <trkpt lat="35.71861" lon="128.949559">
        <ele>173.4</ele>
      </trkpt>
      <trkpt lat="35.71868" lon="128.94917">
        <ele>173.7</ele>
      </trkpt>
      <trkpt lat="35.71876" lon="128.94899">
        <ele>172.3</ele>
      </trkpt>
      <trkpt lat="35.7191" lon="128.94846">
        <ele>164.8</ele>
      </trkpt>
      <trkpt lat="35.71947" lon="128.947949">
        <ele>162.1</ele>
      </trkpt>
      <trkpt lat="35.71983" lon="128.94744">
        <ele>161.2</ele>
      </trkpt>
      <trkpt lat="35.72012" lon="128.94697">
        <ele>160.9</ele>
      </trkpt>
      <trkpt lat="35.72031" lon="128.94655">
        <ele>162.9</ele>
      </trkpt>
      <trkpt lat="35.72069" lon="128.94559">
        <ele>166.3</ele>
      </trkpt>
      <trkpt lat="35.72106" lon="128.944617">
        <ele>166.1</ele>
      </trkpt>
      <trkpt lat="35.72141" lon="128.943739">
        <ele>165.8</ele>
      </trkpt>
      <trkpt lat="35.72176" lon="128.94286">
        <ele>170.3</ele>
      </trkpt>
      <trkpt lat="35.72193" lon="128.942658">
        <ele>170.3</ele>
      </trkpt>
      <trkpt lat="35.72226" lon="128.94238">
        <ele>168.9</ele>
      </trkpt>
      <trkpt lat="35.72299" lon="128.94187">
        <ele>162.9</ele>
      </trkpt>
      <trkpt lat="35.72359" lon="128.94151">
        <ele>159.1</ele>
      </trkpt>
      <trkpt lat="35.72407" lon="128.94115">
        <ele>158.7</ele>
      </trkpt>
      <trkpt lat="35.72449" lon="128.94074">
        <ele>158.5</ele>
      </trkpt>
      <trkpt lat="35.72491" lon="128.93991">
        <ele>160.1</ele>
      </trkpt>
      <trkpt lat="35.72529" lon="128.939067">
        <ele>162.7</ele>
      </trkpt>
      <trkpt lat="35.72543" lon="128.9386">
        <ele>164.9</ele>
      </trkpt>
      <trkpt lat="35.72549" lon="128.93829">
        <ele>166.4</ele>
      </trkpt>
      <trkpt lat="35.72552" lon="128.93768">
        <ele>166.2</ele>
      </trkpt>
      <trkpt lat="35.72547" lon="128.93687">
        <ele>166.4</ele>
      </trkpt>
      <trkpt lat="35.72542" lon="128.93583">
        <ele>169.4</ele>
      </trkpt>
      <trkpt lat="35.72536" lon="128.934778">
        <ele>164.8</ele>
      </trkpt>
      <trkpt lat="35.72527" lon="128.9342">
        <ele>162.8</ele>
      </trkpt>
      <trkpt lat="35.72518" lon="128.933878">
        <ele>163.5</ele>
      </trkpt>
      <trkpt lat="35.725" lon="128.93331">
        <ele>164.8</ele>
      </trkpt>
      <trkpt lat="35.72471" lon="128.93278">
        <ele>166.8</ele>
      </trkpt>
      <trkpt lat="35.72442" lon="128.93232">
        <ele>164.0</ele>
      </trkpt>
      <trkpt lat="35.72428" lon="128.93215">
        <ele>162.8</ele>
      </trkpt>
      <trkpt lat="35.72387" lon="128.931818">
        <ele>159.6</ele>
      </trkpt>
      <trkpt lat="35.72333" lon="128.93142">
        <ele>157.1</ele>
      </trkpt>
      <trkpt lat="35.72279" lon="128.931018">
        <ele>159.0</ele>
      </trkpt>
      <trkpt lat="35.72242" lon="128.93068">
        <ele>162.0</ele>
      </trkpt>
      <trkpt lat="35.72226" lon="128.93047">
        <ele>162.8</ele>
      </trkpt>
      <trkpt lat="35.72192" lon="128.92989">
        <ele>164.0</ele>
      </trkpt>
      <trkpt lat="35.72155" lon="128.929217">
        <ele>165.5</ele>
      </trkpt>
      <trkpt lat="35.72118" lon="128.92854">
        <ele>162.5</ele>
      </trkpt>
      <trkpt lat="35.72097" lon="128.92802">
        <ele>161.9</ele>
      </trkpt>
      <trkpt lat="35.72089" lon="128.92793">
        <ele>162.5</ele>
      </trkpt>
      <trkpt lat="35.72075" lon="128.92772">
        <ele>163.6</ele>
      </trkpt>
      <trkpt lat="35.72057" lon="128.92751">
        <ele>164.9</ele>
      </trkpt>
      <trkpt lat="35.71999" lon="128.92713">
        <ele>170.7</ele>
      </trkpt>
      <trkpt lat="35.71941" lon="128.92674">
        <ele>171.1</ele>
      </trkpt>
      <trkpt lat="35.71925" lon="128.926628">
        <ele>169.3</ele>
      </trkpt>
      <trkpt lat="35.71911" lon="128.9265">
        <ele>167.8</ele>
      </trkpt>
      <trkpt lat="35.71902" lon="128.92635">
        <ele>166.6</ele>
      </trkpt>
      <trkpt lat="35.71894" lon="128.92615">
        <ele>163.8</ele>
      </trkpt>
      <trkpt lat="35.71891" lon="128.92595">
        <ele>159.9</ele>
      </trkpt>
      <trkpt lat="35.71894" lon="128.92569">
        <ele>155.3</ele>
      </trkpt>
      <trkpt lat="35.71895" lon="128.92561">
        <ele>154.3</ele>
      </trkpt>
      <trkpt lat="35.718909" lon="128.925601">
        <ele>154.7</ele>
      </trkpt>
      <trkpt lat="35.719525" lon="128.922088">
        <ele>126.1</ele>
      </trkpt>
      <trkpt lat="35.717718" lon="128.916534">
        <ele>118.6</ele>
      </trkpt>
      <trkpt lat="35.71718" lon="128.915602">
        <ele>120.1</ele>
      </trkpt>
      <trkpt lat="35.720306" lon="128.915602">
        <ele>152.8</ele>
      </trkpt>
      <trkpt lat="35.721141" lon="128.916001">
        <ele>151.4</ele>
      </trkpt>
      <trkpt lat="35.724644" lon="128.914173">
        <ele>154.9</ele>
      </trkpt>
      <trkpt lat="35.725237" lon="128.912177">
        <ele>178.8</ele>
      </trkpt>
      <trkpt lat="35.726127" lon="128.911442">
        <ele>177.6</ele>
      </trkpt>
      <trkpt lat="35.727366" lon="128.911611">
        <ele>172.7</ele>
      </trkpt>
      <trkpt lat="35.732082" lon="128.914605">
        <ele>162.5</ele>
      </trkpt>
      <trkpt lat="35.732784" lon="128.91567">
        <ele>158.7</ele>
      </trkpt>
      <trkpt lat="35.734509" lon="128.917198">
        <ele>171.9</ele>
      </trkpt>
      <trkpt lat="35.734967" lon="128.918363">
        <ele>177.9</ele>
      </trkpt>
      <trkpt lat="35.734994" lon="128.916534">
        <ele>195.2</ele>
      </trkpt>
      <trkpt lat="35.732623" lon="128.912776">
        <ele>227.0</ele>
      </trkpt>
      <trkpt lat="35.731814" lon="128.912376">
        <ele>228.9</ele>
      </trkpt>
      <trkpt lat="35.731113" lon="128.912275">
        <ele>222.1</ele>
      </trkpt>
      <trkpt lat="35.730627" lon="128.911313">
        <ele>236.4</ele>
      </trkpt>
      <trkpt lat="35.729953" lon="128.910879">
        <ele>240.3</ele>
      </trkpt>
      <trkpt lat="35.728769" lon="128.910744">
        <ele>236.4</ele>
      </trkpt>
      <trkpt lat="35.728742" lon="128.909948">
        <ele>249.2</ele>
      </trkpt>
      <trkpt lat="35.7306" lon="128.909916">
        <ele>230.0</ele>
      </trkpt>
      <trkpt lat="35.731678" lon="128.91071">
        <ele>234.4</ele>
      </trkpt>
      <trkpt lat="35.732784" lon="128.910548">
        <ele>228.8</ele>
      </trkpt>
      <trkpt lat="35.735289" lon="128.909116">
        <ele>217.5</ele>
      </trkpt>
      <trkpt lat="35.735128" lon="128.908087">
        <ele>198.4</ele>
      </trkpt>
      <trkpt lat="35.737446" lon="128.905359">
        <ele>174.4</ele>
      </trkpt>
      <trkpt lat="35.738551" lon="128.904495">
        <ele>176.1</ele>
      </trkpt>
      <trkpt lat="35.742304" lon="128.903022">
        <ele>168.3</ele>
      </trkpt>
      <trkpt lat="35.7423" lon="128.90302">
        <ele>168.3</ele>
      </trkpt>
      <trkpt lat="35.74275" lon="128.90286">
        <ele>169.5</ele>
      </trkpt>
      <trkpt lat="35.74305" lon="128.902729">
        <ele>170.7</ele>
      </trkpt>
      <trkpt lat="35.74316" lon="128.902628">
        <ele>171.2</ele>
      </trkpt>
      <trkpt lat="35.74335" lon="128.9032">
        <ele>171.5</ele>
      </trkpt>
      <trkpt lat="35.74351" lon="128.9036">
        <ele>173.6</ele>
      </trkpt>
      <trkpt lat="35.74385" lon="128.904339">
        <ele>173.6</ele>
      </trkpt>
      <trkpt lat="35.74409" lon="128.90508">
        <ele>171.6</ele>
      </trkpt>
      <trkpt lat="35.74436" lon="128.905668">
        <ele>172.3</ele>
      </trkpt>
      <trkpt lat="35.74449" lon="128.90588">
        <ele>171.3</ele>
      </trkpt>
      <trkpt lat="35.74457" lon="128.90596">
        <ele>171.3</ele>
      </trkpt>
      <trkpt lat="35.74476" lon="128.90606">
        <ele>171.4</ele>
      </trkpt>
      <trkpt lat="35.74497" lon="128.90651">
        <ele>171.2</ele>
      </trkpt>
      <trkpt lat="35.74505" lon="128.90661">
        <ele>171.7</ele>
      </trkpt>
      <trkpt lat="35.74511" lon="128.906658">
        <ele>172.3</ele>
      </trkpt>
      <trkpt lat="35.74529" lon="128.90669">
        <ele>174.4</ele>
      </trkpt>
      <trkpt lat="35.74567" lon="128.90709">
        <ele>175.5</ele>
      </trkpt>
      <trkpt lat="35.74623" lon="128.9075">
        <ele>175.3</ele>
      </trkpt>
      <trkpt lat="35.74648" lon="128.90759">
        <ele>177.1</ele>
      </trkpt>
      <trkpt lat="35.74668" lon="128.907738">
        <ele>177.6</ele>
      </trkpt>
      <trkpt lat="35.74684" lon="128.90785">
        <ele>177.7</ele>
      </trkpt>
      <trkpt lat="35.74722" lon="128.90824">
        <ele>175.6</ele>
      </trkpt>
      <trkpt lat="35.74733" lon="128.90823">
        <ele>175.9</ele>
      </trkpt>
      <trkpt lat="35.74749" lon="128.90808">
        <ele>178.0</ele>
      </trkpt>
      <trkpt lat="35.74755" lon="128.90803">
        <ele>178.5</ele>
      </trkpt>
      <trkpt lat="35.74792" lon="128.90812">
        <ele>177.3</ele>
      </trkpt>
      <trkpt lat="35.74801" lon="128.90811">
        <ele>177.3</ele>
      </trkpt>
      <trkpt lat="35.74806" lon="128.90808">
        <ele>177.3</ele>
      </trkpt>
      <trkpt lat="35.74811" lon="128.90799">
        <ele>177.6</ele>
      </trkpt>
      <trkpt lat="35.7482" lon="128.90759">
        <ele>178.1</ele>
      </trkpt>
      <trkpt lat="35.74826" lon="128.90744">
        <ele>177.7</ele>
      </trkpt>
      <trkpt lat="35.74834" lon="128.9074">
        <ele>177.0</ele>
      </trkpt>
      <trkpt lat="35.74849" lon="128.907368">
        <ele>178.0</ele>
      </trkpt>
      <trkpt lat="35.74928" lon="128.90736">
        <ele>183.6</ele>
      </trkpt>
      <trkpt lat="35.74975" lon="128.90727">
        <ele>188.4</ele>
      </trkpt>
      <trkpt lat="35.7502" lon="128.90717">
        <ele>192.9</ele>
      </trkpt>
      <trkpt lat="35.75085" lon="128.90705">
        <ele>197.9</ele>
      </trkpt>
      <trkpt lat="35.75096" lon="128.90706">
        <ele>197.6</ele>
      </trkpt>
      <trkpt lat="35.75113" lon="128.90716">
        <ele>197.9</ele>
      </trkpt>
      <trkpt lat="35.75152" lon="128.907458">
        <ele>201.7</ele>
      </trkpt>
      <trkpt lat="35.75168" lon="128.90763">
        <ele>204.7</ele>
      </trkpt>
      <trkpt lat="35.7521" lon="128.90821">
        <ele>208.7</ele>
      </trkpt>
      <trkpt lat="35.75237" lon="128.90841">
        <ele>210.4</ele>
      </trkpt>
      <trkpt lat="35.75254" lon="128.90849">
        <ele>211.8</ele>
      </trkpt>
      <trkpt lat="35.75288" lon="128.90843">
        <ele>205.6</ele>
      </trkpt>
      <trkpt lat="35.75314" lon="128.90824">
        <ele>198.3</ele>
      </trkpt>
      <trkpt lat="35.75344" lon="128.90797">
        <ele>194.1</ele>
      </trkpt>
      <trkpt lat="35.75369" lon="128.90777">
        <ele>192.8</ele>
      </trkpt>
      <trkpt lat="35.75398" lon="128.907278">
        <ele>190.1</ele>
      </trkpt>
      <trkpt lat="35.7542" lon="128.906939">
        <ele>189.8</ele>
      </trkpt>
      <trkpt lat="35.7544" lon="128.90674">
        <ele>189.9</ele>
      </trkpt>
      <trkpt lat="35.75471" lon="128.9065">
        <ele>190.6</ele>
      </trkpt>
      <trkpt lat="35.75487" lon="128.9062">
        <ele>190.1</ele>
      </trkpt>
      <trkpt lat="35.755" lon="128.906039">
        <ele>188.7</ele>
      </trkpt>
      <trkpt lat="35.75542" lon="128.90574">
        <ele>193.3</ele>
      </trkpt>
      <trkpt lat="35.75583" lon="128.90544">
        <ele>195.7</ele>
      </trkpt>
      <trkpt lat="35.7561" lon="128.90518">
        <ele>199.0</ele>
      </trkpt>
      <trkpt lat="35.7564" lon="128.90462">
        <ele>199.3</ele>
      </trkpt>
      <trkpt lat="35.75647" lon="128.90432">
        <ele>197.9</ele>
      </trkpt>
      <trkpt lat="35.75656" lon="128.9041">
        <ele>197.3</ele>
      </trkpt>
      <trkpt lat="35.75671" lon="128.90384">
        <ele>197.1</ele>
      </trkpt>
      <trkpt lat="35.75685" lon="128.90369">
        <ele>197.2</ele>
      </trkpt>
      <trkpt lat="35.75766" lon="128.90329">
        <ele>198.5</ele>
      </trkpt>
      <trkpt lat="35.75828" lon="128.903168">
        <ele>200.0</ele>
      </trkpt>
      <trkpt lat="35.75846" lon="128.903179">
        <ele>199.3</ele>
      </trkpt>
      <trkpt lat="35.75875" lon="128.90329">
        <ele>198.1</ele>
      </trkpt>
      <trkpt lat="35.75893" lon="128.90339">
        <ele>197.4</ele>
      </trkpt>
      <trkpt lat="35.75941" lon="128.90399">
        <ele>196.2</ele>
      </trkpt>
      <trkpt lat="35.7598" lon="128.90444">
        <ele>196.7</ele>
      </trkpt>
      <trkpt lat="35.75995" lon="128.90475">
        <ele>196.8</ele>
      </trkpt>
      <trkpt lat="35.76008" lon="128.9049">
        <ele>197.0</ele>
      </trkpt>
      <trkpt lat="35.76038" lon="128.90499">
        <ele>197.4</ele>
      </trkpt>
      <trkpt lat="35.7609" lon="128.90503">
        <ele>198.0</ele>
      </trkpt>
      <trkpt lat="35.76104" lon="128.905138">
        <ele>197.8</ele>
      </trkpt>
      <trkpt lat="35.76142" lon="128.90562">
        <ele>197.3</ele>
      </trkpt>
      <trkpt lat="35.76159" lon="128.905678">
        <ele>197.2</ele>
      </trkpt>
      <trkpt lat="35.7618" lon="128.9058">
        <ele>197.0</ele>
      </trkpt>
      <trkpt lat="35.76201" lon="128.905949">
        <ele>197.3</ele>
      </trkpt>
      <trkpt lat="35.76215" lon="128.90609">
        <ele>197.7</ele>
      </trkpt>
      <trkpt lat="35.76251" lon="128.90662">
        <ele>200.0</ele>
      </trkpt>
      <trkpt lat="35.76259" lon="128.906669">
        <ele>201.3</ele>
      </trkpt>
      <trkpt lat="35.76267" lon="128.90669">
        <ele>202.6</ele>
      </trkpt>
      <trkpt lat="35.76291" lon="128.90663">
        <ele>205.6</ele>
      </trkpt>
      <trkpt lat="35.76306" lon="128.90654">
        <ele>206.8</ele>
      </trkpt>
      <trkpt lat="35.76319" lon="128.90619">
        <ele>204.4</ele>
      </trkpt>
      <trkpt lat="35.7632" lon="128.90602">
        <ele>202.5</ele>
      </trkpt>
      <trkpt lat="35.76324" lon="128.90583">
        <ele>200.6</ele>
      </trkpt>
      <trkpt lat="35.76338" lon="128.90534">
        <ele>201.5</ele>
      </trkpt>
      <trkpt lat="35.76346" lon="128.90517">
        <ele>201.9</ele>
      </trkpt>
      <trkpt lat="35.76351" lon="128.90511">
        <ele>202.0</ele>
      </trkpt>
      <trkpt lat="35.76362" lon="128.90499">
        <ele>202.4</ele>
      </trkpt>
      <trkpt lat="35.76373" lon="128.90489">
        <ele>203.3</ele>
      </trkpt>
      <trkpt lat="35.76396" lon="128.904879">
        <ele>203.7</ele>
      </trkpt>
      <trkpt lat="35.76422" lon="128.90489">
        <ele>203.9</ele>
      </trkpt>
      <trkpt lat="35.76489" lon="128.904868">
        <ele>203.5</ele>
      </trkpt>
      <trkpt lat="35.76523" lon="128.9048">
        <ele>203.4</ele>
      </trkpt>
      <trkpt lat="35.76532" lon="128.90476">
        <ele>203.5</ele>
      </trkpt>
      <trkpt lat="35.76546" lon="128.90468">
        <ele>203.9</ele>
      </trkpt>
      <trkpt lat="35.76567" lon="128.90458">
        <ele>204.5</ele>
      </trkpt>
      <trkpt lat="35.76593" lon="128.9045">
        <ele>205.4</ele>
      </trkpt>
      <trkpt lat="35.76656" lon="128.9044">
        <ele>207.4</ele>
      </trkpt>
      <trkpt lat="35.76719" lon="128.9043">
        <ele>206.5</ele>
      </trkpt>
      <trkpt lat="35.76733" lon="128.90426">
        <ele>206.2</ele>
      </trkpt>
      <trkpt lat="35.76776" lon="128.90412">
        <ele>206.0</ele>
      </trkpt>
      <trkpt lat="35.76828" lon="128.90409">
        <ele>205.4</ele>
      </trkpt>
      <trkpt lat="35.76881" lon="128.904058">
        <ele>208.0</ele>
      </trkpt>
      <trkpt lat="35.76933" lon="128.90404">
        <ele>210.9</ele>
      </trkpt>
      <trkpt lat="35.76944" lon="128.904">
        <ele>211.8</ele>
      </trkpt>
      <trkpt lat="35.7695" lon="128.90395">
        <ele>212.5</ele>
      </trkpt>
      <trkpt lat="35.76955" lon="128.9039">
        <ele>213.2</ele>
      </trkpt>
      <trkpt lat="35.76958" lon="128.903788">
        <ele>214.4</ele>
      </trkpt>
      <trkpt lat="35.76964" lon="128.90319">
        <ele>219.6</ele>
      </trkpt>
      <trkpt lat="35.76974" lon="128.90223">
        <ele>225.3</ele>
      </trkpt>
      <trkpt lat="35.76983" lon="128.90127">
        <ele>226.7</ele>
      </trkpt>
      <trkpt lat="35.76992" lon="128.900309">
        <ele>225.2</ele>
      </trkpt>
      <trkpt lat="35.77011" lon="128.89945">
        <ele>226.4</ele>
      </trkpt>
      <trkpt lat="35.77028" lon="128.89876">
        <ele>228.1</ele>
      </trkpt>
      <trkpt lat="35.77029" lon="128.89865">
        <ele>227.9</ele>
      </trkpt>
      <trkpt lat="35.77029" lon="128.898519">
        <ele>227.6</ele>
      </trkpt>
      <trkpt lat="35.77026" lon="128.89839">
        <ele>227.0</ele>
      </trkpt>
      <trkpt lat="35.7702" lon="128.89827">
        <ele>226.8</ele>
      </trkpt>
      <trkpt lat="35.76997" lon="128.89791">
        <ele>227.6</ele>
      </trkpt>
      <trkpt lat="35.76994" lon="128.89783">
        <ele>228.1</ele>
      </trkpt>
      <trkpt lat="35.76993" lon="128.89774">
        <ele>228.7</ele>
      </trkpt>
      <trkpt lat="35.76991" lon="128.89755">
        <ele>230.0</ele>
      </trkpt>
      <trkpt lat="35.76984" lon="128.89648">
        <ele>232.4</ele>
      </trkpt>
      <trkpt lat="35.76982" lon="128.89638">
        <ele>230.8</ele>
      </trkpt>
      <trkpt lat="35.76978" lon="128.89631">
        <ele>229.7</ele>
      </trkpt>
      <trkpt lat="35.76973" lon="128.89624">
        <ele>228.6</ele>
      </trkpt>
      <trkpt lat="35.76944" lon="128.89606">
        <ele>226.3</ele>
      </trkpt>
      <trkpt lat="35.76911" lon="128.89585">
        <ele>224.6</ele>
      </trkpt>
      <trkpt lat="35.76894" lon="128.89577">
        <ele>226.0</ele>
      </trkpt>
      <trkpt lat="35.76865" lon="128.8957">
        <ele>230.2</ele>
      </trkpt>
      <trkpt lat="35.76858" lon="128.89567">
        <ele>230.8</ele>
      </trkpt>
      <trkpt lat="35.76849" lon="128.895558">
        <ele>229.0</ele>
      </trkpt>
      <trkpt lat="35.76838" lon="128.8954">
        <ele>225.9</ele>
      </trkpt>
      <trkpt lat="35.76815" lon="128.89524">
        <ele>224.5</ele>
      </trkpt>
      <trkpt lat="35.76807" lon="128.895209">
        <ele>224.9</ele>
      </trkpt>
      <trkpt lat="35.76782" lon="128.89516">
        <ele>227.6</ele>
      </trkpt>
      <trkpt lat="35.76731" lon="128.8951">
        <ele>235.2</ele>
      </trkpt>
      <trkpt lat="35.76712" lon="128.89506">
        <ele>237.8</ele>
      </trkpt>
      <trkpt lat="35.76692" lon="128.894939">
        <ele>240.5</ele>
      </trkpt>
      <trkpt lat="35.76684" lon="128.89487">
        <ele>242.7</ele>
      </trkpt>
      <trkpt lat="35.76682" lon="128.89481">
        <ele>243.7</ele>
      </trkpt>
      <trkpt lat="35.76682" lon="128.894748">
        <ele>244.3</ele>
      </trkpt>
      <trkpt lat="35.76683" lon="128.8947">
        <ele>244.6</ele>
      </trkpt>
      <trkpt lat="35.76685" lon="128.89465">
        <ele>244.8</ele>
      </trkpt>
      <trkpt lat="35.7669" lon="128.89462">
        <ele>244.2</ele>
      </trkpt>
      <trkpt lat="35.76703" lon="128.894568">
        <ele>242.5</ele>
      </trkpt>
      <trkpt lat="35.76728" lon="128.894579">
        <ele>238.2</ele>
      </trkpt>
      <trkpt lat="35.76798" lon="128.89452">
        <ele>226.2</ele>
      </trkpt>
      <trkpt lat="35.76816" lon="128.89452">
        <ele>222.7</ele>
      </trkpt>
      <trkpt lat="35.76828" lon="128.89454">
        <ele>220.1</ele>
      </trkpt>
      <trkpt lat="35.76883" lon="128.89468">
        <ele>210.4</ele>
      </trkpt>
      <trkpt lat="35.76898" lon="128.89473">
        <ele>206.9</ele>
      </trkpt>
      <trkpt lat="35.76916" lon="128.89474">
        <ele>203.8</ele>
      </trkpt>
      <trkpt lat="35.76936" lon="128.89473">
        <ele>201.9</ele>
      </trkpt>
      <trkpt lat="35.76985" lon="128.89468">
        <ele>197.3</ele>
      </trkpt>
      <trkpt lat="35.77034" lon="128.89463">
        <ele>193.6</ele>
      </trkpt>
      <trkpt lat="35.77047" lon="128.89461">
        <ele>192.6</ele>
      </trkpt>
      <trkpt lat="35.7708" lon="128.894489">
        <ele>188.9</ele>
      </trkpt>
      <trkpt lat="35.77158" lon="128.89414">
        <ele>171.3</ele>
      </trkpt>
      <trkpt lat="35.77236" lon="128.89379">
        <ele>164.9</ele>
      </trkpt>
      <trkpt lat="35.77314" lon="128.89344">
        <ele>158.5</ele>
      </trkpt>
      <trkpt lat="35.77325" lon="128.89335">
        <ele>155.8</ele>
      </trkpt>
      <trkpt lat="35.77335" lon="128.89321">
        <ele>154.4</ele>
      </trkpt>
      <trkpt lat="35.77396" lon="128.89249">
        <ele>147.0</ele>
      </trkpt>
      <trkpt lat="35.77458" lon="128.89176">
        <ele>143.8</ele>
      </trkpt>
      <trkpt lat="35.77519" lon="128.89103">
        <ele>140.5</ele>
      </trkpt>
      <trkpt lat="35.77536" lon="128.8908">
        <ele>141.4</ele>
      </trkpt>
      <trkpt lat="35.77539" lon="128.890718">
        <ele>141.2</ele>
      </trkpt>
      <trkpt lat="35.77539" lon="128.890718">
        <ele>141.2</ele>
      </trkpt>
      <trkpt lat="35.77542" lon="128.89066">
        <ele>141.1</ele>
      </trkpt>
      <trkpt lat="35.77573" lon="128.88967">
        <ele>132.4</ele>
      </trkpt>
      <trkpt lat="35.77605" lon="128.88869">
        <ele>125.1</ele>
      </trkpt>
      <trkpt lat="35.77637" lon="128.88771">
        <ele>122.1</ele>
      </trkpt>
      <trkpt lat="35.77646" lon="128.887498">
        <ele>121.5</ele>
      </trkpt>
      <trkpt lat="35.77695" lon="128.88703">
        <ele>122.0</ele>
      </trkpt>
      <trkpt lat="35.77702" lon="128.88699">
        <ele>121.9</ele>
      </trkpt>
      <trkpt lat="35.77709" lon="128.886958">
        <ele>121.9</ele>
      </trkpt>
      <trkpt lat="35.77724" lon="128.886958">
        <ele>122.5</ele>
      </trkpt>
      <trkpt lat="35.77732" lon="128.88699">
        <ele>123.2</ele>
      </trkpt>
      <trkpt lat="35.77756" lon="128.88711">
        <ele>125.6</ele>
      </trkpt>
      <trkpt lat="35.7781" lon="128.88736">
        <ele>124.7</ele>
      </trkpt>
      <trkpt lat="35.77864" lon="128.88762">
        <ele>124.8</ele>
      </trkpt>
      <trkpt lat="35.77897" lon="128.88772">
        <ele>126.1</ele>
      </trkpt>
      <trkpt lat="35.77912" lon="128.88774">
        <ele>126.5</ele>
      </trkpt>
      <trkpt lat="35.77929" lon="128.88775">
        <ele>127.1</ele>
      </trkpt>
      <trkpt lat="35.77951" lon="128.88775">
        <ele>127.9</ele>
      </trkpt>
      <trkpt lat="35.78008" lon="128.88772">
        <ele>128.8</ele>
      </trkpt>
      <trkpt lat="35.78028" lon="128.887689">
        <ele>126.9</ele>
      </trkpt>
      <trkpt lat="35.78037" lon="128.88766">
        <ele>125.8</ele>
      </trkpt>
      <trkpt lat="35.78045" lon="128.88763">
        <ele>124.8</ele>
      </trkpt>
      <trkpt lat="35.78064" lon="128.887509">
        <ele>121.8</ele>
      </trkpt>
      <trkpt lat="35.78123" lon="128.88684">
        <ele>120.6</ele>
      </trkpt>
      <trkpt lat="35.78144" lon="128.88663">
        <ele>117.6</ele>
      </trkpt>
      <trkpt lat="35.78184" lon="128.88638">
        <ele>113.6</ele>
      </trkpt>
      <trkpt lat="35.78197" lon="128.88629">
        <ele>112.8</ele>
      </trkpt>
      <trkpt lat="35.78206" lon="128.88621">
        <ele>112.0</ele>
      </trkpt>
      <trkpt lat="35.78214" lon="128.88611">
        <ele>111.1</ele>
      </trkpt>
      <trkpt lat="35.78222" lon="128.885989">
        <ele>109.8</ele>
      </trkpt>
      <trkpt lat="35.78248" lon="128.88552">
        <ele>105.1</ele>
      </trkpt>
      <trkpt lat="35.78275" lon="128.88505">
        <ele>103.3</ele>
      </trkpt>
      <trkpt lat="35.78284" lon="128.88496">
        <ele>102.9</ele>
      </trkpt>
      <trkpt lat="35.78295" lon="128.88488">
        <ele>102.5</ele>
      </trkpt>
      <trkpt lat="35.78312" lon="128.88479">
        <ele>102.0</ele>
      </trkpt>
      <trkpt lat="35.78323" lon="128.88469">
        <ele>101.3</ele>
      </trkpt>
      <trkpt lat="35.78334" lon="128.884549">
        <ele>100.4</ele>
      </trkpt>
      <trkpt lat="35.78363" lon="128.884008">
        <ele>102.2</ele>
      </trkpt>
      <trkpt lat="35.7838" lon="128.88378">
        <ele>104.1</ele>
      </trkpt>
      <trkpt lat="35.78434" lon="128.88313">
        <ele>105.5</ele>
      </trkpt>
      <trkpt lat="35.78488" lon="128.88247">
        <ele>104.5</ele>
      </trkpt>
      <trkpt lat="35.78505" lon="128.88233">
        <ele>104.2</ele>
      </trkpt>
      <trkpt lat="35.78567" lon="128.881959">
        <ele>97.8</ele>
      </trkpt>
      <trkpt lat="35.78584" lon="128.88189">
        <ele>96.1</ele>
      </trkpt>
      <trkpt lat="35.78591" lon="128.88188">
        <ele>96.0</ele>
      </trkpt>
      <trkpt lat="35.78601" lon="128.88188">
        <ele>96.0</ele>
      </trkpt>
      <trkpt lat="35.78677" lon="128.88202">
        <ele>95.9</ele>
      </trkpt>
      <trkpt lat="35.78752" lon="128.88217">
        <ele>95.2</ele>
      </trkpt>
      <trkpt lat="35.78827" lon="128.88232">
        <ele>95.4</ele>
      </trkpt>
      <trkpt lat="35.78902" lon="128.88246">
        <ele>94.2</ele>
      </trkpt>
      <trkpt lat="35.78977" lon="128.88261">
        <ele>93.3</ele>
      </trkpt>
      <trkpt lat="35.79052" lon="128.882759">
        <ele>94.1</ele>
      </trkpt>
      <trkpt lat="35.7906" lon="128.882748">
        <ele>94.2</ele>
      </trkpt>
      <trkpt lat="35.79065" lon="128.88272">
        <ele>94.1</ele>
      </trkpt>
      <trkpt lat="35.79078" lon="128.88283">
        <ele>94.4</ele>
      </trkpt>
      <trkpt lat="35.79166" lon="128.883">
        <ele>93.0</ele>
      </trkpt>
      <trkpt lat="35.79251" lon="128.88314">
        <ele>92.7</ele>
      </trkpt>
      <trkpt lat="35.79335" lon="128.88328">
        <ele>89.8</ele>
      </trkpt>
      <trkpt lat="35.79341" lon="128.88328">
        <ele>89.6</ele>
      </trkpt>
      <trkpt lat="35.79388" lon="128.88325">
        <ele>88.1</ele>
      </trkpt>
      <trkpt lat="35.7943" lon="128.88322">
        <ele>86.7</ele>
      </trkpt>
      <trkpt lat="35.79485" lon="128.88298">
        <ele>88.3</ele>
      </trkpt>
      <trkpt lat="35.79517" lon="128.88272">
        <ele>88.4</ele>
      </trkpt>
      <trkpt lat="35.7953" lon="128.88265">
        <ele>88.5</ele>
      </trkpt>
      <trkpt lat="35.79542" lon="128.88262">
        <ele>88.6</ele>
      </trkpt>
      <trkpt lat="35.79558" lon="128.8826">
        <ele>88.7</ele>
      </trkpt>
      <trkpt lat="35.79561" lon="128.88279">
        <ele>88.8</ele>
      </trkpt>
      <trkpt lat="35.79563" lon="128.8829">
        <ele>88.9</ele>
      </trkpt>
      <trkpt lat="35.79569" lon="128.883029">
        <ele>88.9</ele>
      </trkpt>
      <trkpt lat="35.79608" lon="128.88367">
        <ele>89.3</ele>
      </trkpt>
      <trkpt lat="35.79647" lon="128.88431">
        <ele>89.6</ele>
      </trkpt>
      <trkpt lat="35.796484" lon="128.884295">
        <ele>89.6</ele>
      </trkpt>
      <trkpt lat="35.796763" lon="128.884771">
        <ele>89.4</ele>
      </trkpt>
      <trkpt lat="35.797787" lon="128.888128">
        <ele>94.8</ele>
      </trkpt>
      <trkpt lat="35.798002" lon="128.890659">
        <ele>96.4</ele>
      </trkpt>
      <trkpt lat="35.798272" lon="128.891922">
        <ele>97.0</ele>
      </trkpt>
      <trkpt lat="35.799053" lon="128.893684">
        <ele>99.8</ele>
      </trkpt>
      <trkpt lat="35.799241" lon="128.897477">
        <ele>99.7</ele>
      </trkpt>
      <trkpt lat="35.798837" lon="128.902763">
        <ele>109.7</ele>
      </trkpt>
      <trkpt lat="35.799107" lon="128.904992">
        <ele>110.9</ele>
      </trkpt>
      <trkpt lat="35.800889" lon="128.907356">
        <ele>116.3</ele>
      </trkpt>
      <trkpt lat="35.80091" lon="128.90733">
        <ele>116.1</ele>
      </trkpt>
      <trkpt lat="35.80103" lon="128.907457">
        <ele>115.9</ele>
      </trkpt>
      <trkpt lat="35.80141" lon="128.90776">
        <ele>118.3</ele>
      </trkpt>
      <trkpt lat="35.80164" lon="128.907919">
        <ele>118.3</ele>
      </trkpt>
      <trkpt lat="35.80189" lon="128.90814">
        <ele>119.1</ele>
      </trkpt>
      <trkpt lat="35.80199" lon="128.90825">
        <ele>119.5</ele>
      </trkpt>
      <trkpt lat="35.80233" lon="128.90853">
        <ele>120.7</ele>
      </trkpt>
      <trkpt lat="35.80268" lon="128.90876">
        <ele>122.9</ele>
      </trkpt>
      <trkpt lat="35.80287" lon="128.908819">
        <ele>124.9</ele>
      </trkpt>
      <trkpt lat="35.80309" lon="128.90888">
        <ele>127.2</ele>
      </trkpt>
      <trkpt lat="35.80357" lon="128.90901">
        <ele>132.4</ele>
      </trkpt>
      <trkpt lat="35.80376" lon="128.90905">
        <ele>135.5</ele>
      </trkpt>
      <trkpt lat="35.80408" lon="128.90907">
        <ele>140.1</ele>
      </trkpt>
      <trkpt lat="35.80426" lon="128.90903">
        <ele>142.1</ele>
      </trkpt>
      <trkpt lat="35.80448" lon="128.90897">
        <ele>145.1</ele>
      </trkpt>
      <trkpt lat="35.80494" lon="128.90893">
        <ele>153.8</ele>
      </trkpt>
      <trkpt lat="35.805295" lon="128.908797">
        <ele>154.9</ele>
      </trkpt>
      <trkpt lat="35.8054" lon="128.90876">
        <ele>155.1</ele>
      </trkpt>
      <trkpt lat="35.80558" lon="128.90875">
        <ele>157.4</ele>
      </trkpt>
      <trkpt lat="35.80565" lon="128.908808">
        <ele>160.5</ele>
      </trkpt>
      <trkpt lat="35.80547" lon="128.908909">
        <ele>161.4</ele>
      </trkpt>
      <trkpt lat="35.80527" lon="128.908988">
        <ele>161.1</ele>
      </trkpt>
      <trkpt lat="35.80485" lon="128.90919">
        <ele>161.0</ele>
      </trkpt>
      <trkpt lat="35.80445" lon="128.90947">
        <ele>166.2</ele>
      </trkpt>
      <trkpt lat="35.80419" lon="128.90958">
        <ele>164.1</ele>
      </trkpt>
      <trkpt lat="35.8038" lon="128.909697">
        <ele>159.7</ele>
      </trkpt>
      <trkpt lat="35.80368" lon="128.90978">
        <ele>159.7</ele>
      </trkpt>
      <trkpt lat="35.80364" lon="128.90992">
        <ele>163.7</ele>
      </trkpt>
      <trkpt lat="35.80364" lon="128.90992">
        <ele>163.7</ele>
      </trkpt>
      <trkpt lat="35.80363" lon="128.91001">
        <ele>166.4</ele>
      </trkpt>
      <trkpt lat="35.80367" lon="128.91044">
        <ele>173.2</ele>
      </trkpt>
      <trkpt lat="35.80367" lon="128.91074">
        <ele>177.1</ele>
      </trkpt>
      <trkpt lat="35.80368" lon="128.910958">
        <ele>178.0</ele>
      </trkpt>
      <trkpt lat="35.80376" lon="128.91121">
        <ele>179.7</ele>
      </trkpt>
      <trkpt lat="35.80381" lon="128.91135">
        <ele>180.7</ele>
      </trkpt>
      <trkpt lat="35.8039" lon="128.911498">
        <ele>182.9</ele>
      </trkpt>
      <trkpt lat="35.80395" lon="128.911678">
        <ele>183.2</ele>
      </trkpt>
      <trkpt lat="35.80394" lon="128.91179">
        <ele>183.0</ele>
      </trkpt>
      <trkpt lat="35.80387" lon="128.91214">
        <ele>181.1</ele>
      </trkpt>
      <trkpt lat="35.8039" lon="128.91225">
        <ele>182.3</ele>
      </trkpt>
      <trkpt lat="35.80394" lon="128.91234">
        <ele>183.9</ele>
      </trkpt>
      <trkpt lat="35.80399" lon="128.912568">
        <ele>187.6</ele>
      </trkpt>
      <trkpt lat="35.80393" lon="128.912748">
        <ele>189.7</ele>
      </trkpt>
      <trkpt lat="35.80383" lon="128.91283">
        <ele>187.4</ele>
      </trkpt>
      <trkpt lat="35.80355" lon="128.913018">
        <ele>178.6</ele>
      </trkpt>
      <trkpt lat="35.80348" lon="128.913097">
        <ele>176.5</ele>
      </trkpt>
      <trkpt lat="35.8034" lon="128.91322">
        <ele>174.1</ele>
      </trkpt>
      <trkpt lat="35.80336" lon="128.9136">
        <ele>176.7</ele>
      </trkpt>
      <trkpt lat="35.80327" lon="128.91423">
        <ele>180.4</ele>
      </trkpt>
      <trkpt lat="35.80319" lon="128.91486">
        <ele>181.4</ele>
      </trkpt>
      <trkpt lat="35.80318" lon="128.91545">
        <ele>183.3</ele>
      </trkpt>
      <trkpt lat="35.80308" lon="128.915877">
        <ele>179.4</ele>
      </trkpt>
      <trkpt lat="35.80307" lon="128.91611">
        <ele>176.5</ele>
      </trkpt>
      <trkpt lat="35.80313" lon="128.9163">
        <ele>176.9</ele>
      </trkpt>
      <trkpt lat="35.80322" lon="128.91653">
        <ele>177.3</ele>
      </trkpt>
      <trkpt lat="35.80329" lon="128.91673">
        <ele>177.2</ele>
      </trkpt>
      <trkpt lat="35.80332" lon="128.916958">
        <ele>176.5</ele>
      </trkpt>
      <trkpt lat="35.80335" lon="128.91791">
        <ele>171.6</ele>
      </trkpt>
      <trkpt lat="35.803351" lon="128.917909">
        <ele>171.6</ele>
      </trkpt>
      <trkpt lat="35.80335" lon="128.91791">
        <ele>171.6</ele>
      </trkpt>
      <trkpt lat="35.80336" lon="128.91832">
        <ele>169.7</ele>
      </trkpt>
      <trkpt lat="35.80338" lon="128.91859">
        <ele>168.9</ele>
      </trkpt>
      <trkpt lat="35.80343" lon="128.91879">
        <ele>170.3</ele>
      </trkpt>
      <trkpt lat="35.80358" lon="128.919119">
        <ele>175.8</ele>
      </trkpt>
      <trkpt lat="35.80388" lon="128.91963">
        <ele>180.9</ele>
      </trkpt>
      <trkpt lat="35.80403" lon="128.91985">
        <ele>179.7</ele>
      </trkpt>
      <trkpt lat="35.80425" lon="128.92005">
        <ele>183.6</ele>
      </trkpt>
      <trkpt lat="35.80467" lon="128.92026">
        <ele>203.8</ele>
      </trkpt>
      <trkpt lat="35.80516" lon="128.92042">
        <ele>206.7</ele>
      </trkpt>
      <trkpt lat="35.80566" lon="128.92042">
        <ele>195.6</ele>
      </trkpt>
      <trkpt lat="35.80591" lon="128.92043">
        <ele>189.8</ele>
      </trkpt>
      <trkpt lat="35.80631" lon="128.92044">
        <ele>182.1</ele>
      </trkpt>
      <trkpt lat="35.80711" lon="128.92051">
        <ele>178.3</ele>
      </trkpt>
      <trkpt lat="35.80736" lon="128.920628">
        <ele>175.9</ele>
      </trkpt>
      <trkpt lat="35.80773" lon="128.92087">
        <ele>173.6</ele>
      </trkpt>
      <trkpt lat="35.80801" lon="128.92102">
        <ele>178.3</ele>
      </trkpt>
      <trkpt lat="35.80814" lon="128.92114">
        <ele>178.8</ele>
      </trkpt>
      <trkpt lat="35.80822" lon="128.921258">
        <ele>177.8</ele>
      </trkpt>
      <trkpt lat="35.80833" lon="128.92154">
        <ele>172.9</ele>
      </trkpt>
      <trkpt lat="35.80842" lon="128.92174">
        <ele>172.0</ele>
      </trkpt>
      <trkpt lat="35.8087" lon="128.9222">
        <ele>176.4</ele>
      </trkpt>
      <trkpt lat="35.80897" lon="128.92266">
        <ele>180.4</ele>
      </trkpt>
      <trkpt lat="35.80928" lon="128.923308">
        <ele>176.7</ele>
      </trkpt>
      <trkpt lat="35.80959" lon="128.92396">
        <ele>182.4</ele>
      </trkpt>
      <trkpt lat="35.80969" lon="128.92417">
        <ele>183.5</ele>
      </trkpt>
      <trkpt lat="35.80972" lon="128.92432">
        <ele>185.0</ele>
      </trkpt>
      <trkpt lat="35.80974" lon="128.9245">
        <ele>186.0</ele>
      </trkpt>
      <trkpt lat="35.80972" lon="128.9248">
        <ele>186.1</ele>
      </trkpt>
      <trkpt lat="35.80965" lon="128.925468">
        <ele>187.4</ele>
      </trkpt>
      <trkpt lat="35.80957" lon="128.92614">
        <ele>190.6</ele>
      </trkpt>
      <trkpt lat="35.80957" lon="128.926639">
        <ele>194.1</ele>
      </trkpt>
      <trkpt lat="35.80961" lon="128.927068">
        <ele>196.0</ele>
      </trkpt>
      <trkpt lat="35.8097" lon="128.92739">
        <ele>197.2</ele>
      </trkpt>
      <trkpt lat="35.80983" lon="128.92764">
        <ele>197.0</ele>
      </trkpt>
      <trkpt lat="35.80997" lon="128.92787">
        <ele>194.4</ele>
      </trkpt>
      <trkpt lat="35.81004" lon="128.928058">
        <ele>194.2</ele>
      </trkpt>
      <trkpt lat="35.81008" lon="128.928238">
        <ele>194.5</ele>
      </trkpt>
      <trkpt lat="35.81017" lon="128.92903">
        <ele>195.9</ele>
      </trkpt>
      <trkpt lat="35.81026" lon="128.92946">
        <ele>200.5</ele>
      </trkpt>
      <trkpt lat="35.81036" lon="128.929848">
        <ele>205.4</ele>
      </trkpt>
      <trkpt lat="35.8104" lon="128.93005">
        <ele>207.0</ele>
      </trkpt>
      <trkpt lat="35.81036" lon="128.9306">
        <ele>206.1</ele>
      </trkpt>
      <trkpt lat="35.81031" lon="128.930928">
        <ele>205.1</ele>
      </trkpt>
      <trkpt lat="35.8103" lon="128.93112">
        <ele>204.4</ele>
      </trkpt>
      <trkpt lat="35.8103" lon="128.93131">
        <ele>203.8</ele>
      </trkpt>
      <trkpt lat="35.81036" lon="128.931458">
        <ele>203.7</ele>
      </trkpt>
      <trkpt lat="35.81045" lon="128.93159">
        <ele>203.5</ele>
      </trkpt>
      <trkpt lat="35.81076" lon="128.93193">
        <ele>202.0</ele>
      </trkpt>
      <trkpt lat="35.81081" lon="128.93207">
        <ele>200.4</ele>
      </trkpt>
      <trkpt lat="35.81082" lon="128.93222">
        <ele>198.9</ele>
      </trkpt>
      <trkpt lat="35.81076" lon="128.93283">
        <ele>197.8</ele>
      </trkpt>
      <trkpt lat="35.81071" lon="128.933439">
        <ele>199.4</ele>
      </trkpt>
      <trkpt lat="35.8106" lon="128.933799">
        <ele>202.8</ele>
      </trkpt>
      <trkpt lat="35.81046" lon="128.93408">
        <ele>205.5</ele>
      </trkpt>
      <trkpt lat="35.81036" lon="128.93439">
        <ele>207.8</ele>
      </trkpt>
      <trkpt lat="35.8103" lon="128.93476">
        <ele>210.0</ele>
      </trkpt>
      <trkpt lat="35.81033" lon="128.934958">
        <ele>209.6</ele>
      </trkpt>
      <trkpt lat="35.81043" lon="128.93533">
        <ele>212.3</ele>
      </trkpt>
      <trkpt lat="35.8105" lon="128.93545">
        <ele>212.0</ele>
      </trkpt>
      <trkpt lat="35.81063" lon="128.93564">
        <ele>210.5</ele>
      </trkpt>
      <trkpt lat="35.81088" lon="128.93593">
        <ele>208.5</ele>
      </trkpt>
      <trkpt lat="35.81107" lon="128.9362">
        <ele>213.3</ele>
      </trkpt>
      <trkpt lat="35.81117" lon="128.93678">
        <ele>218.0</ele>
      </trkpt>
      <trkpt lat="35.81126" lon="128.93733">
        <ele>220.6</ele>
      </trkpt>
      <trkpt lat="35.81145" lon="128.93823">
        <ele>214.8</ele>
      </trkpt>
      <trkpt lat="35.81148" lon="128.93861">
        <ele>214.9</ele>
      </trkpt>
      <trkpt lat="35.81145" lon="128.938898">
        <ele>217.3</ele>
      </trkpt>
      <trkpt lat="35.8114" lon="128.939078">
        <ele>219.2</ele>
      </trkpt>
      <trkpt lat="35.81104" lon="128.939709">
        <ele>224.6</ele>
      </trkpt>
      <trkpt lat="35.81068" lon="128.940339">
        <ele>224.7</ele>
      </trkpt>
      <trkpt lat="35.81059" lon="128.94054">
        <ele>227.3</ele>
      </trkpt>
      <trkpt lat="35.81051" lon="128.940868">
        <ele>228.7</ele>
      </trkpt>
      <trkpt lat="35.81048" lon="128.94136">
        <ele>233.4</ele>
      </trkpt>
      <trkpt lat="35.81056" lon="128.941769">
        <ele>234.2</ele>
      </trkpt>
      <trkpt lat="35.81064" lon="128.94202">
        <ele>233.5</ele>
      </trkpt>
      <trkpt lat="35.81084" lon="128.94246">
        <ele>228.9</ele>
      </trkpt>
      <trkpt lat="35.81111" lon="128.94291">
        <ele>235.9</ele>
      </trkpt>
      <trkpt lat="35.81111" lon="128.94291">
        <ele>235.9</ele>
      </trkpt>
      <trkpt lat="35.81136" lon="128.94321">
        <ele>234.2</ele>
      </trkpt>
      <trkpt lat="35.81143" lon="128.9433">
        <ele>232.5</ele>
      </trkpt>
      <trkpt lat="35.8115" lon="128.94348">
        <ele>231.2</ele>
      </trkpt>
      <trkpt lat="35.81173" lon="128.944189">
        <ele>231.8</ele>
      </trkpt>
      <trkpt lat="35.81177" lon="128.944268">
        <ele>234.8</ele>
      </trkpt>
      <trkpt lat="35.81183" lon="128.94432">
        <ele>236.9</ele>
      </trkpt>
      <trkpt lat="35.8122" lon="128.94466">
        <ele>243.6</ele>
      </trkpt>
      <trkpt lat="35.8127" lon="128.94503">
        <ele>240.7</ele>
      </trkpt>
      <trkpt lat="35.81317" lon="128.945169">
        <ele>243.5</ele>
      </trkpt>
      <trkpt lat="35.81376" lon="128.94537">
        <ele>244.8</ele>
      </trkpt>
      <trkpt lat="35.81435" lon="128.94557">
        <ele>245.3</ele>
      </trkpt>
      <trkpt lat="35.81448" lon="128.94565">
        <ele>246.1</ele>
      </trkpt>
      <trkpt lat="35.81461" lon="128.94578">
        <ele>246.4</ele>
      </trkpt>
      <trkpt lat="35.815" lon="128.946238">
        <ele>253.3</ele>
      </trkpt>
      <trkpt lat="35.81532" lon="128.94656">
        <ele>260.1</ele>
      </trkpt>
      <trkpt lat="35.81589" lon="128.94715">
        <ele>261.5</ele>
      </trkpt>
      <trkpt lat="35.81623" lon="128.94755">
        <ele>268.3</ele>
      </trkpt>
      <trkpt lat="35.81642" lon="128.9477">
        <ele>270.9</ele>
      </trkpt>
      <trkpt lat="35.81674" lon="128.94788">
        <ele>273.3</ele>
      </trkpt>
      <trkpt lat="35.81688" lon="128.948">
        <ele>276.5</ele>
      </trkpt>
      <trkpt lat="35.81703" lon="128.94819">
        <ele>277.3</ele>
      </trkpt>
      <trkpt lat="35.81711" lon="128.94834">
        <ele>275.8</ele>
      </trkpt>
      <trkpt lat="35.81718" lon="128.948489">
        <ele>277.6</ele>
      </trkpt>
      <trkpt lat="35.81735" lon="128.94907">
        <ele>276.8</ele>
      </trkpt>
      <trkpt lat="35.81752" lon="128.94944">
        <ele>274.3</ele>
      </trkpt>
      <trkpt lat="35.81786" lon="128.95008">
        <ele>277.9</ele>
      </trkpt>
      <trkpt lat="35.818" lon="128.95029">
        <ele>279.6</ele>
      </trkpt>
      <trkpt lat="35.81833" lon="128.95057">
        <ele>277.3</ele>
      </trkpt>
      <trkpt lat="35.81866" lon="128.950718">
        <ele>277.5</ele>
      </trkpt>
      <trkpt lat="35.81938" lon="128.950978">
        <ele>280.3</ele>
      </trkpt>
      <trkpt lat="35.81962" lon="128.95106">
        <ele>282.0</ele>
      </trkpt>
      <trkpt lat="35.81976" lon="128.951068">
        <ele>282.8</ele>
      </trkpt>
      <trkpt lat="35.8199" lon="128.95106">
        <ele>283.5</ele>
      </trkpt>
      <trkpt lat="35.8203" lon="128.95101">
        <ele>288.3</ele>
      </trkpt>
      <trkpt lat="35.82043" lon="128.95101">
        <ele>290.1</ele>
      </trkpt>
      <trkpt lat="35.82054" lon="128.95106">
        <ele>291.1</ele>
      </trkpt>
      <trkpt lat="35.82082" lon="128.95121">
        <ele>292.1</ele>
      </trkpt>
      <trkpt lat="35.82095" lon="128.951259">
        <ele>292.0</ele>
      </trkpt>
      <trkpt lat="35.82107" lon="128.9513">
        <ele>291.9</ele>
      </trkpt>
      <trkpt lat="35.82117" lon="128.9513">
        <ele>292.5</ele>
      </trkpt>
      <trkpt lat="35.8216" lon="128.95112">
        <ele>297.5</ele>
      </trkpt>
      <trkpt lat="35.82203" lon="128.95094">
        <ele>302.0</ele>
      </trkpt>
      <trkpt lat="35.82216" lon="128.95091">
        <ele>303.1</ele>
      </trkpt>
      <trkpt lat="35.82229" lon="128.95091">
        <ele>303.7</ele>
      </trkpt>
      <trkpt lat="35.82295" lon="128.95096">
        <ele>303.6</ele>
      </trkpt>
      <trkpt lat="35.82314" lon="128.95094">
        <ele>303.7</ele>
      </trkpt>
      <trkpt lat="35.82329" lon="128.95091">
        <ele>303.8</ele>
      </trkpt>
      <trkpt lat="35.82405" lon="128.950628">
        <ele>307.1</ele>
      </trkpt>
      <trkpt lat="35.82466" lon="128.950268">
        <ele>314.0</ele>
      </trkpt>
      <trkpt lat="35.82495" lon="128.950178">
        <ele>312.9</ele>
      </trkpt>
      <trkpt lat="35.82514" lon="128.95014">
        <ele>312.7</ele>
      </trkpt>
      <trkpt lat="35.82525" lon="128.95014">
        <ele>312.6</ele>
      </trkpt>
      <trkpt lat="35.82531" lon="128.95017">
        <ele>312.4</ele>
      </trkpt>
      <trkpt lat="35.82535" lon="128.95022">
        <ele>312.3</ele>
      </trkpt>
      <trkpt lat="35.8254" lon="128.95031">
        <ele>312.3</ele>
      </trkpt>
      <trkpt lat="35.82541" lon="128.9504">
        <ele>312.2</ele>
      </trkpt>
      <trkpt lat="35.82539" lon="128.95048">
        <ele>312.1</ele>
      </trkpt>
      <trkpt lat="35.82535" lon="128.95052">
        <ele>311.8</ele>
      </trkpt>
      <trkpt lat="35.82511" lon="128.95065">
        <ele>309.5</ele>
      </trkpt>
      <trkpt lat="35.82504" lon="128.9507">
        <ele>308.5</ele>
      </trkpt>
      <trkpt lat="35.82493" lon="128.950798">
        <ele>306.7</ele>
      </trkpt>
      <trkpt lat="35.82464" lon="128.95119">
        <ele>315.3</ele>
      </trkpt>
      <trkpt lat="35.82458" lon="128.951248">
        <ele>316.2</ele>
      </trkpt>
      <trkpt lat="35.8241" lon="128.95158">
        <ele>315.7</ele>
      </trkpt>
      <trkpt lat="35.82392" lon="128.95173">
        <ele>316.0</ele>
      </trkpt>
      <trkpt lat="35.8238" lon="128.95194">
        <ele>320.8</ele>
      </trkpt>
      <trkpt lat="35.82375" lon="128.95205">
        <ele>323.3</ele>
      </trkpt>
      <trkpt lat="35.8237" lon="128.95213">
        <ele>324.8</ele>
      </trkpt>
      <trkpt lat="35.82362" lon="128.9522">
        <ele>325.0</ele>
      </trkpt>
      <trkpt lat="35.82349" lon="128.95228">
        <ele>323.9</ele>
      </trkpt>
      <trkpt lat="35.82324" lon="128.9524">
        <ele>321.5</ele>
      </trkpt>
      <trkpt lat="35.82316" lon="128.95246">
        <ele>321.9</ele>
      </trkpt>
      <trkpt lat="35.8231" lon="128.95253">
        <ele>323.0</ele>
      </trkpt>
      <trkpt lat="35.82306" lon="128.95263">
        <ele>325.2</ele>
      </trkpt>
      <trkpt lat="35.82304" lon="128.95272">
        <ele>327.5</ele>
      </trkpt>
      <trkpt lat="35.82304" lon="128.95283">
        <ele>330.7</ele>
      </trkpt>
      <trkpt lat="35.82308" lon="128.952959">
        <ele>335.3</ele>
      </trkpt>
      <trkpt lat="35.82325" lon="128.95343">
        <ele>350.8</ele>
      </trkpt>
      <trkpt lat="35.82329" lon="128.953668">
        <ele>353.3</ele>
      </trkpt>
      <trkpt lat="35.82335" lon="128.95436">
        <ele>360.1</ele>
      </trkpt>
      <trkpt lat="35.82336" lon="128.954738">
        <ele>365.1</ele>
      </trkpt>
      <trkpt lat="35.82334" lon="128.95485">
        <ele>365.5</ele>
      </trkpt>
      <trkpt lat="35.82329" lon="128.95495">
        <ele>366.7</ele>
      </trkpt>
      <trkpt lat="35.82324" lon="128.955019">
        <ele>368.3</ele>
      </trkpt>
      <trkpt lat="35.82315" lon="128.955098">
        <ele>371.1</ele>
      </trkpt>
      <trkpt lat="35.82309" lon="128.955109">
        <ele>372.0</ele>
      </trkpt>
      <trkpt lat="35.82296" lon="128.95513">
        <ele>373.9</ele>
      </trkpt>
      <trkpt lat="35.8225" lon="128.954918">
        <ele>371.8</ele>
      </trkpt>
      <trkpt lat="35.82204" lon="128.95472">
        <ele>385.8</ele>
      </trkpt>
      <trkpt lat="35.8218" lon="128.954568">
        <ele>391.0</ele>
      </trkpt>
      <trkpt lat="35.8216" lon="128.95441">
        <ele>392.8</ele>
      </trkpt>
      <trkpt lat="35.82126" lon="128.95399">
        <ele>387.6</ele>
      </trkpt>
      <trkpt lat="35.82117" lon="128.95393">
        <ele>387.4</ele>
      </trkpt>
      <trkpt lat="35.82109" lon="128.95389">
        <ele>387.6</ele>
      </trkpt>
      <trkpt lat="35.82091" lon="128.9539">
        <ele>391.6</ele>
      </trkpt>
      <trkpt lat="35.82071" lon="128.95397">
        <ele>394.5</ele>
      </trkpt>
      <trkpt lat="35.82059" lon="128.95418">
        <ele>400.0</ele>
      </trkpt>
      <trkpt lat="35.82056" lon="128.954298">
        <ele>401.2</ele>
      </trkpt>
      <trkpt lat="35.82053" lon="128.9545">
        <ele>403.5</ele>
      </trkpt>
      <trkpt lat="35.8205" lon="128.95485">
        <ele>407.6</ele>
      </trkpt>
      <trkpt lat="35.82051" lon="128.95499">
        <ele>410.1</ele>
      </trkpt>
      <trkpt lat="35.82053" lon="128.95514">
        <ele>412.4</ele>
      </trkpt>
      <trkpt lat="35.82072" lon="128.955649">
        <ele>425.9</ele>
      </trkpt>
      <trkpt lat="35.82075" lon="128.95581">
        <ele>428.8</ele>
      </trkpt>
      <trkpt lat="35.82077" lon="128.95595">
        <ele>432.4</ele>
      </trkpt>
      <trkpt lat="35.82076" lon="128.95604">
        <ele>433.7</ele>
      </trkpt>
      <trkpt lat="35.82073" lon="128.95621">
        <ele>435.8</ele>
      </trkpt>
      <trkpt lat="35.82066" lon="128.956358">
        <ele>435.7</ele>
      </trkpt>
      <trkpt lat="35.82057" lon="128.95648">
        <ele>434.0</ele>
      </trkpt>
      <trkpt lat="35.82043" lon="128.95661">
        <ele>430.4</ele>
      </trkpt>
      <trkpt lat="35.82031" lon="128.95675">
        <ele>427.4</ele>
      </trkpt>
      <trkpt lat="35.82025" lon="128.95688">
        <ele>426.5</ele>
      </trkpt>
      <trkpt lat="35.8202" lon="128.957">
        <ele>425.8</ele>
      </trkpt>
      <trkpt lat="35.82019" lon="128.95715">
        <ele>427.4</ele>
      </trkpt>
      <trkpt lat="35.82022" lon="128.95739">
        <ele>432.3</ele>
      </trkpt>
      <trkpt lat="35.82023" lon="128.95773">
        <ele>439.5</ele>
      </trkpt>
      <trkpt lat="35.82021" lon="128.95782">
        <ele>440.4</ele>
      </trkpt>
      <trkpt lat="35.82016" lon="128.95792">
        <ele>439.8</ele>
      </trkpt>
      <trkpt lat="35.82009" lon="128.95804">
        <ele>438.6</ele>
      </trkpt>
      <trkpt lat="35.81998" lon="128.95812">
        <ele>434.9</ele>
      </trkpt>
      <trkpt lat="35.81984" lon="128.95817">
        <ele>432.5</ele>
      </trkpt>
      <trkpt lat="35.81897" lon="128.95818">
        <ele>414.5</ele>
      </trkpt>
      <trkpt lat="35.81811" lon="128.95818">
        <ele>408.4</ele>
      </trkpt>
      <trkpt lat="35.81757" lon="128.958148">
        <ele>404.9</ele>
      </trkpt>
      <trkpt lat="35.81748" lon="128.95812">
        <ele>404.5</ele>
      </trkpt>
      <trkpt lat="35.81738" lon="128.95804">
        <ele>404.2</ele>
      </trkpt>
      <trkpt lat="35.81687" lon="128.95754">
        <ele>417.6</ele>
      </trkpt>
      <trkpt lat="35.8168" lon="128.95751">
        <ele>419.7</ele>
      </trkpt>
      <trkpt lat="35.81671" lon="128.9575">
        <ele>421.4</ele>
      </trkpt>
      <trkpt lat="35.81656" lon="128.957529">
        <ele>420.7</ele>
      </trkpt>
      <trkpt lat="35.81646" lon="128.9576">
        <ele>417.4</ele>
      </trkpt>
      <trkpt lat="35.8163" lon="128.95777">
        <ele>408.9</ele>
      </trkpt>
      <trkpt lat="35.81622" lon="128.95783">
        <ele>405.8</ele>
      </trkpt>
      <trkpt lat="35.81613" lon="128.957878">
        <ele>403.1</ele>
      </trkpt>
      <trkpt lat="35.81603" lon="128.957889">
        <ele>402.4</ele>
      </trkpt>
      <trkpt lat="35.81546" lon="128.95777">
        <ele>403.0</ele>
      </trkpt>
      <trkpt lat="35.8153" lon="128.95767">
        <ele>406.1</ele>
      </trkpt>
      <trkpt lat="35.81519" lon="128.95763">
        <ele>406.7</ele>
      </trkpt>
      <trkpt lat="35.81505" lon="128.9576">
        <ele>406.3</ele>
      </trkpt>
      <trkpt lat="35.81497" lon="128.957619">
        <ele>404.4</ele>
      </trkpt>
      <trkpt lat="35.81429" lon="128.957889">
        <ele>387.7</ele>
      </trkpt>
      <trkpt lat="35.81414" lon="128.958">
        <ele>381.6</ele>
      </trkpt>
      <trkpt lat="35.81395" lon="128.9581">
        <ele>375.6</ele>
      </trkpt>
      <trkpt lat="35.81385" lon="128.958159">
        <ele>372.1</ele>
      </trkpt>
      <trkpt lat="35.81377" lon="128.95819">
        <ele>370.1</ele>
      </trkpt>
      <trkpt lat="35.81366" lon="128.95818">
        <ele>370.1</ele>
      </trkpt>
      <trkpt lat="35.8133" lon="128.95821">
        <ele>367.7</ele>
      </trkpt>
      <trkpt lat="35.81322" lon="128.958238">
        <ele>368.3</ele>
      </trkpt>
      <trkpt lat="35.81314" lon="128.95827">
        <ele>368.8</ele>
      </trkpt>
      <trkpt lat="35.81305" lon="128.95836">
        <ele>367.0</ele>
      </trkpt>
      <trkpt lat="35.8129" lon="128.95855">
        <ele>361.3</ele>
      </trkpt>
      <trkpt lat="35.81241" lon="128.95912">
        <ele>333.3</ele>
      </trkpt>
      <trkpt lat="35.81229" lon="128.95919">
        <ele>331.6</ele>
      </trkpt>
      <trkpt lat="35.81197" lon="128.95934">
        <ele>332.6</ele>
      </trkpt>
      <trkpt lat="35.81187" lon="128.959488">
        <ele>330.4</ele>
      </trkpt>
      <trkpt lat="35.81162" lon="128.95998">
        <ele>323.2</ele>
      </trkpt>
      <trkpt lat="35.81124" lon="128.96067">
        <ele>311.7</ele>
      </trkpt>
      <trkpt lat="35.81065" lon="128.96143">
        <ele>296.9</ele>
      </trkpt>
      <trkpt lat="35.81048" lon="128.961559">
        <ele>293.4</ele>
      </trkpt>
      <trkpt lat="35.81003" lon="128.96169">
        <ele>288.6</ele>
      </trkpt>
      <trkpt lat="35.80959" lon="128.961829">
        <ele>291.0</ele>
      </trkpt>
      <trkpt lat="35.80946" lon="128.96189">
        <ele>291.3</ele>
      </trkpt>
      <trkpt lat="35.80935" lon="128.96198">
        <ele>290.7</ele>
      </trkpt>
      <trkpt lat="35.80916" lon="128.96223">
        <ele>287.3</ele>
      </trkpt>
      <trkpt lat="35.80868" lon="128.96305">
        <ele>278.4</ele>
      </trkpt>
      <trkpt lat="35.80821" lon="128.96386">
        <ele>268.7</ele>
      </trkpt>
      <trkpt lat="35.80817" lon="128.963968">
        <ele>267.1</ele>
      </trkpt>
      <trkpt lat="35.80813" lon="128.96416">
        <ele>263.8</ele>
      </trkpt>
      <trkpt lat="35.80814" lon="128.96425">
        <ele>262.4</ele>
      </trkpt>
      <trkpt lat="35.80816" lon="128.96435">
        <ele>260.8</ele>
      </trkpt>
      <trkpt lat="35.80819" lon="128.96445">
        <ele>259.1</ele>
      </trkpt>
      <trkpt lat="35.80824" lon="128.96453">
        <ele>257.5</ele>
      </trkpt>
      <trkpt lat="35.8083" lon="128.964588">
        <ele>256.2</ele>
      </trkpt>
      <trkpt lat="35.80837" lon="128.96464">
        <ele>255.0</ele>
      </trkpt>
      <trkpt lat="35.80903" lon="128.96485">
        <ele>249.0</ele>
      </trkpt>
      <trkpt lat="35.80969" lon="128.965049">
        <ele>244.4</ele>
      </trkpt>
      <trkpt lat="35.81036" lon="128.96526">
        <ele>237.2</ele>
      </trkpt>
      <trkpt lat="35.81095" lon="128.96542">
        <ele>232.3</ele>
      </trkpt>
      <trkpt lat="35.81155" lon="128.965589">
        <ele>233.5</ele>
      </trkpt>
      <trkpt lat="35.81164" lon="128.96563">
        <ele>233.9</ele>
      </trkpt>
      <trkpt lat="35.81172" lon="128.965679">
        <ele>234.7</ele>
      </trkpt>
      <trkpt lat="35.81177" lon="128.96575">
        <ele>235.4</ele>
      </trkpt>
      <trkpt lat="35.81182" lon="128.96583">
        <ele>236.2</ele>
      </trkpt>
      <trkpt lat="35.81185" lon="128.96591">
        <ele>237.1</ele>
      </trkpt>
      <trkpt lat="35.81187" lon="128.966">
        <ele>238.1</ele>
      </trkpt>
      <trkpt lat="35.81188" lon="128.966108">
        <ele>239.1</ele>
      </trkpt>
      <trkpt lat="35.81179" lon="128.96643">
        <ele>238.9</ele>
      </trkpt>
      <trkpt lat="35.81168" lon="128.96669">
        <ele>236.6</ele>
      </trkpt>
      <trkpt lat="35.81144" lon="128.967199">
        <ele>234.7</ele>
      </trkpt>
      <trkpt lat="35.81134" lon="128.967368">
        <ele>233.8</ele>
      </trkpt>
      <trkpt lat="35.81086" lon="128.96778">
        <ele>226.7</ele>
      </trkpt>
      <trkpt lat="35.8105" lon="128.96807">
        <ele>224.6</ele>
      </trkpt>
      <trkpt lat="35.80975" lon="128.96833">
        <ele>220.8</ele>
      </trkpt>
      <trkpt lat="35.80952" lon="128.96832">
        <ele>219.7</ele>
      </trkpt>
      <trkpt lat="35.80901" lon="128.968438">
        <ele>218.2</ele>
      </trkpt>
      <trkpt lat="35.80878" lon="128.968438">
        <ele>217.3</ele>
      </trkpt>
      <trkpt lat="35.80819" lon="128.96837">
        <ele>214.9</ele>
      </trkpt>
      <trkpt lat="35.80735" lon="128.96846">
        <ele>213.1</ele>
      </trkpt>
      <trkpt lat="35.80693" lon="128.968539">
        <ele>212.4</ele>
      </trkpt>
      <trkpt lat="35.8066" lon="128.968629">
        <ele>211.9</ele>
      </trkpt>
      <trkpt lat="35.80612" lon="128.96869">
        <ele>210.8</ele>
      </trkpt>
      <trkpt lat="35.80564" lon="128.96874">
        <ele>210.2</ele>
      </trkpt>
      <trkpt lat="35.80514" lon="128.968449">
        <ele>208.3</ele>
      </trkpt>
      <trkpt lat="35.80494" lon="128.9684">
        <ele>208.2</ele>
      </trkpt>
      <trkpt lat="35.80469" lon="128.96837">
        <ele>208.1</ele>
      </trkpt>
      <trkpt lat="35.80415" lon="128.96848">
        <ele>207.8</ele>
      </trkpt>
      <trkpt lat="35.80361" lon="128.96859">
        <ele>207.9</ele>
      </trkpt>
      <trkpt lat="35.80286" lon="128.96887">
        <ele>207.9</ele>
      </trkpt>
      <trkpt lat="35.80232" lon="128.96887">
        <ele>207.6</ele>
      </trkpt>
      <trkpt lat="35.80178" lon="128.96887">
        <ele>204.8</ele>
      </trkpt>
      <trkpt lat="35.80111" lon="128.96882">
        <ele>203.6</ele>
      </trkpt>
      <trkpt lat="35.8007" lon="128.968888">
        <ele>202.5</ele>
      </trkpt>
      <trkpt lat="35.80034" lon="128.969">
        <ele>201.4</ele>
      </trkpt>
      <trkpt lat="35.80009" lon="128.96904">
        <ele>200.9</ele>
      </trkpt>
      <trkpt lat="35.79971" lon="128.96902">
        <ele>200.2</ele>
      </trkpt>
      <trkpt lat="35.7995" lon="128.96887">
        <ele>200.8</ele>
      </trkpt>
      <trkpt lat="35.79911" lon="128.96834">
        <ele>203.3</ele>
      </trkpt>
      <trkpt lat="35.79876" lon="128.96803">
        <ele>204.4</ele>
      </trkpt>
      <trkpt lat="35.7982" lon="128.96785">
        <ele>203.9</ele>
      </trkpt>
      <trkpt lat="35.7977" lon="128.96787">
        <ele>203.8</ele>
      </trkpt>
      <trkpt lat="35.79719" lon="128.967898">
        <ele>203.5</ele>
      </trkpt>
      <trkpt lat="35.79688" lon="128.967908">
        <ele>203.5</ele>
      </trkpt>
      <trkpt lat="35.79634" lon="128.9678">
        <ele>204.5</ele>
      </trkpt>
      <trkpt lat="35.796" lon="128.9678">
        <ele>202.5</ele>
      </trkpt>
      <trkpt lat="35.79569" lon="128.96787">
        <ele>198.8</ele>
      </trkpt>
      <trkpt lat="35.79524" lon="128.96806">
        <ele>192.4</ele>
      </trkpt>
      <trkpt lat="35.79478" lon="128.96824">
        <ele>188.4</ele>
      </trkpt>
      <trkpt lat="35.79467" lon="128.967919">
        <ele>190.9</ele>
      </trkpt>
      <trkpt lat="35.79459" lon="128.96775">
        <ele>191.9</ele>
      </trkpt>
      <trkpt lat="35.79446" lon="128.96754">
        <ele>192.8</ele>
      </trkpt>
      <trkpt lat="35.79405" lon="128.967199">
        <ele>196.2</ele>
      </trkpt>
      <trkpt lat="35.79374" lon="128.96704">
        <ele>196.0</ele>
      </trkpt>
      <trkpt lat="35.79305" lon="128.96678">
        <ele>195.0</ele>
      </trkpt>
      <trkpt lat="35.7925" lon="128.96663">
        <ele>194.7</ele>
      </trkpt>
      <trkpt lat="35.79195" lon="128.96649">
        <ele>193.4</ele>
      </trkpt>
      <trkpt lat="35.79125" lon="128.96628">
        <ele>192.4</ele>
      </trkpt>
      <trkpt lat="35.79081" lon="128.96616">
        <ele>190.0</ele>
      </trkpt>
      <trkpt lat="35.79036" lon="128.966039">
        <ele>188.6</ele>
      </trkpt>
      <trkpt lat="35.78983" lon="128.965928">
        <ele>185.7</ele>
      </trkpt>
      <trkpt lat="35.78906" lon="128.96588">
        <ele>181.4</ele>
      </trkpt>
      <trkpt lat="35.78871" lon="128.96587">
        <ele>182.5</ele>
      </trkpt>
      <trkpt lat="35.78832" lon="128.96598">
        <ele>183.3</ele>
      </trkpt>
      <trkpt lat="35.78801" lon="128.96601">
        <ele>183.0</ele>
      </trkpt>
      <trkpt lat="35.78785" lon="128.96597">
        <ele>183.0</ele>
      </trkpt>
      <trkpt lat="35.78747" lon="128.965679">
        <ele>185.2</ele>
      </trkpt>
      <trkpt lat="35.78701" lon="128.96527">
        <ele>188.7</ele>
      </trkpt>
      <trkpt lat="35.78684" lon="128.965139">
        <ele>189.7</ele>
      </trkpt>
      <trkpt lat="35.78632" lon="128.96498">
        <ele>187.9</ele>
      </trkpt>
      <trkpt lat="35.7857" lon="128.96485">
        <ele>185.6</ele>
      </trkpt>
      <trkpt lat="35.78503" lon="128.96463">
        <ele>186.1</ele>
      </trkpt>
      <trkpt lat="35.78464" lon="128.964328">
        <ele>187.6</ele>
      </trkpt>
      <trkpt lat="35.78414" lon="128.96403">
        <ele>186.5</ele>
      </trkpt>
      <trkpt lat="35.78348" lon="128.96376">
        <ele>184.4</ele>
      </trkpt>
      <trkpt lat="35.78303" lon="128.96346">
        <ele>184.6</ele>
      </trkpt>
      <trkpt lat="35.78259" lon="128.96315">
        <ele>185.6</ele>
      </trkpt>
      <trkpt lat="35.78228" lon="128.96297">
        <ele>186.6</ele>
      </trkpt>
      <trkpt lat="35.78189" lon="128.962989">
        <ele>178.5</ele>
      </trkpt>
      <trkpt lat="35.78132" lon="128.96304">
        <ele>173.3</ele>
      </trkpt>
      <trkpt lat="35.78076" lon="128.963079">
        <ele>172.3</ele>
      </trkpt>
      <trkpt lat="35.78044" lon="128.96306">
        <ele>172.6</ele>
      </trkpt>
      <trkpt lat="35.77986" lon="128.963">
        <ele>173.3</ele>
      </trkpt>
      <trkpt lat="35.77929" lon="128.96293">
        <ele>173.1</ele>
      </trkpt>
      <trkpt lat="35.77885" lon="128.96278">
        <ele>172.1</ele>
      </trkpt>
      <trkpt lat="35.77842" lon="128.962629">
        <ele>169.1</ele>
      </trkpt>
      <trkpt lat="35.77788" lon="128.96241">
        <ele>169.7</ele>
      </trkpt>
      <trkpt lat="35.77719" lon="128.9622">
        <ele>169.7</ele>
      </trkpt>
      <trkpt lat="35.7765" lon="128.96198">
        <ele>169.1</ele>
      </trkpt>
      <trkpt lat="35.77595" lon="128.96187">
        <ele>168.0</ele>
      </trkpt>
      <trkpt lat="35.77565" lon="128.96187">
        <ele>166.5</ele>
      </trkpt>
      <trkpt lat="35.77515" lon="128.96193">
        <ele>163.5</ele>
      </trkpt>
      <trkpt lat="35.77479" lon="128.962009">
        <ele>161.6</ele>
      </trkpt>
      <trkpt lat="35.77446" lon="128.96207">
        <ele>160.2</ele>
      </trkpt>
      <trkpt lat="35.77368" lon="128.96222">
        <ele>156.9</ele>
      </trkpt>
      <trkpt lat="35.77336" lon="128.96229">
        <ele>155.6</ele>
      </trkpt>
      <trkpt lat="35.77327" lon="128.96232">
        <ele>155.7</ele>
      </trkpt>
      <trkpt lat="35.77307" lon="128.96242">
        <ele>156.0</ele>
      </trkpt>
      <trkpt lat="35.77293" lon="128.96251">
        <ele>156.1</ele>
      </trkpt>
      <trkpt lat="35.77279" lon="128.96261">
        <ele>157.0</ele>
      </trkpt>
      <trkpt lat="35.77262" lon="128.96276">
        <ele>157.2</ele>
      </trkpt>
      <trkpt lat="35.77242" lon="128.962978">
        <ele>156.3</ele>
      </trkpt>
      <trkpt lat="35.77215" lon="128.96346">
        <ele>155.9</ele>
      </trkpt>
      <trkpt lat="35.77192" lon="128.964">
        <ele>157.4</ele>
      </trkpt>
      <trkpt lat="35.77169" lon="128.96454">
        <ele>158.2</ele>
      </trkpt>
      <trkpt lat="35.77131" lon="128.96539">
        <ele>164.2</ele>
      </trkpt>
      <trkpt lat="35.77111" lon="128.96588">
        <ele>166.6</ele>
      </trkpt>
      <trkpt lat="35.77076" lon="128.9666">
        <ele>166.7</ele>
      </trkpt>
      <trkpt lat="35.770747" lon="128.966584">
        <ele>166.2</ele>
      </trkpt>
      <trkpt lat="35.770175" lon="128.967514">
        <ele>164.6</ele>
      </trkpt>
      <trkpt lat="35.769758" lon="128.967781">
        <ele>159.6</ele>
      </trkpt>
      <trkpt lat="35.769716" lon="128.968527">
        <ele>164.4</ele>
      </trkpt>
      <trkpt lat="35.768949" lon="128.971173">
        <ele>154.9</ele>
      </trkpt>
      <trkpt lat="35.768369" lon="128.972272">
        <ele>162.5</ele>
      </trkpt>
      <trkpt lat="35.767898" lon="128.978126">
        <ele>157.4</ele>
      </trkpt>
      <trkpt lat="35.767615" lon="128.97869">
        <ele>162.0</ele>
      </trkpt>
      <trkpt lat="35.767156" lon="128.978974">
        <ele>162.0</ele>
      </trkpt>
      <trkpt lat="35.765123" lon="128.979489">
        <ele>163.9</ele>
      </trkpt>
      <trkpt lat="35.763856" lon="128.979239">
        <ele>160.3</ele>
      </trkpt>
      <trkpt lat="35.762871" lon="128.979489">
        <ele>164.3</ele>
      </trkpt>
      <trkpt lat="35.761537" lon="128.980618">
        <ele>167.6</ele>
      </trkpt>
      <trkpt lat="35.760944" lon="128.981518">
        <ele>168.7</ele>
      </trkpt>
      <trkpt lat="35.760851" lon="128.98243">
        <ele>170.8</ele>
      </trkpt>
      <trkpt lat="35.760971" lon="128.984591">
        <ele>176.8</ele>
      </trkpt>
      <trkpt lat="35.761471" lon="128.986922">
        <ele>176.7</ele>
      </trkpt>
      <trkpt lat="35.762333" lon="128.988785">
        <ele>182.4</ele>
      </trkpt>
      <trkpt lat="35.762374" lon="128.99156">
        <ele>172.7</ele>
      </trkpt>
      <trkpt lat="35.761335" lon="128.994389">
        <ele>166.5</ele>
      </trkpt>
      <trkpt lat="35.76151" lon="128.996535">
        <ele>180.3</ele>
      </trkpt>
      <trkpt lat="35.761201" lon="128.997728">
        <ele>184.7</ele>
      </trkpt>
      <trkpt lat="35.76077" lon="129.001656">
        <ele>184.6</ele>
      </trkpt>
      <trkpt lat="35.760218" lon="129.003917">
        <ele>181.6</ele>
      </trkpt>
      <trkpt lat="35.759893" lon="129.00608">
        <ele>176.5</ele>
      </trkpt>
      <trkpt lat="35.760688" lon="129.009738">
        <ele>171.9</ele>
      </trkpt>
      <trkpt lat="35.76116" lon="129.010718">
        <ele>172.9</ele>
      </trkpt>
      <trkpt lat="35.761228" lon="129.011551">
        <ele>173.4</ele>
      </trkpt>
      <trkpt lat="35.760784" lon="129.014243">
        <ele>180.6</ele>
      </trkpt>
      <trkpt lat="35.760904" lon="129.015692">
        <ele>186.4</ele>
      </trkpt>
      <trkpt lat="35.760688" lon="129.017072">
        <ele>183.8</ele>
      </trkpt>
      <trkpt lat="35.760191" lon="129.018982">
        <ele>182.6</ele>
      </trkpt>
      <trkpt lat="35.760244" lon="129.021645">
        <ele>180.6</ele>
      </trkpt>
      <trkpt lat="35.759315" lon="129.02407">
        <ele>178.8</ele>
      </trkpt>
      <trkpt lat="35.758559" lon="129.026963">
        <ele>184.4</ele>
      </trkpt>
      <trkpt lat="35.758237" lon="129.029178">
        <ele>185.7</ele>
      </trkpt>
      <trkpt lat="35.757577" lon="129.035797">
        <ele>187.8</ele>
      </trkpt>
      <trkpt lat="35.75771" lon="129.041879">
        <ele>198.8</ele>
      </trkpt>
      <trkpt lat="35.757415" lon="129.043779">
        <ele>197.4</ele>
      </trkpt>
      <trkpt lat="35.756706" lon="129.043894">
        <ele>197.4</ele>
      </trkpt>
      <trkpt lat="35.756706" lon="129.043894">
        <ele>197.4</ele>
      </trkpt>
      <trkpt lat="35.755299" lon="129.044011">
        <ele>193.6</ele>
      </trkpt>
      <trkpt lat="35.754759" lon="129.044457">
        <ele>195.4</ele>
      </trkpt>
      <trkpt lat="35.753804" lon="129.046804">
        <ele>202.1</ele>
      </trkpt>
      <trkpt lat="35.753965" lon="129.048851">
        <ele>208.0</ele>
      </trkpt>
      <trkpt lat="35.753777" lon="129.050513">
        <ele>215.7</ele>
      </trkpt>
      <trkpt lat="35.753924" lon="129.052892">
        <ele>231.3</ele>
      </trkpt>
      <trkpt lat="35.753883" lon="129.054305">
        <ele>244.1</ele>
      </trkpt>
      <trkpt lat="35.755096" lon="129.055336">
        <ele>228.8</ele>
      </trkpt>
      <trkpt lat="35.756499" lon="129.057943">
        <ele>238.2</ele>
      </trkpt>
      <trkpt lat="35.758303" lon="129.059857">
        <ele>238.7</ele>
      </trkpt>
      <trkpt lat="35.759719" lon="129.060757">
        <ele>235.0</ele>
      </trkpt>
      <trkpt lat="35.760675" lon="129.061056">
        <ele>230.5</ele>
      </trkpt>
      <trkpt lat="35.761578" lon="129.06222">
        <ele>236.1</ele>
      </trkpt>
      <trkpt lat="35.762764" lon="129.064615">
        <ele>232.2</ele>
      </trkpt>
      <trkpt lat="35.763007" lon="129.066328">
        <ele>230.5</ele>
      </trkpt>
      <trkpt lat="35.762535" lon="129.068689">
        <ele>225.1</ele>
      </trkpt>
      <trkpt lat="35.761807" lon="129.069953">
        <ele>225.0</ele>
      </trkpt>
      <trkpt lat="35.760595" lon="129.069986">
        <ele>228.0</ele>
      </trkpt>
      <trkpt lat="35.758897" lon="129.068919">
        <ele>241.6</ele>
      </trkpt>
      <trkpt lat="35.757077" lon="129.068141">
        <ele>241.9</ele>
      </trkpt>
      <trkpt lat="35.755299" lon="129.068057">
        <ele>238.9</ele>
      </trkpt>
      <trkpt lat="35.754045" lon="129.067408">
        <ele>246.6</ele>
      </trkpt>
      <trkpt lat="35.752726" lon="129.066244">
        <ele>255.9</ele>
      </trkpt>
      <trkpt lat="35.749828" lon="129.064548">
        <ele>245.9</ele>
      </trkpt>
      <trkpt lat="35.749263" lon="129.063884">
        <ele>257.6</ele>
      </trkpt>
      <trkpt lat="35.747538" lon="129.063668">
        <ele>246.4</ele>
      </trkpt>
      <trkpt lat="35.746176" lon="129.061871">
        <ele>263.7</ele>
      </trkpt>
      <trkpt lat="35.745234" lon="129.06119">
        <ele>256.9</ele>
      </trkpt>
      <trkpt lat="35.743954" lon="129.060723">
        <ele>249.5</ele>
      </trkpt>
      <trkpt lat="35.742903" lon="129.060622">
        <ele>248.4</ele>
      </trkpt>
      <trkpt lat="35.741675" lon="129.06132">
        <ele>243.5</ele>
      </trkpt>
      <trkpt lat="35.741217" lon="129.06119">
        <ele>243.0</ele>
      </trkpt>
      <trkpt lat="35.740127" lon="129.06064">
        <ele>245.0</ele>
      </trkpt>
      <trkpt lat="35.738711" lon="129.060291">
        <ele>252.4</ele>
      </trkpt>
      <trkpt lat="35.737188" lon="129.060091">
        <ele>247.8</ele>
      </trkpt>
      <trkpt lat="35.736514" lon="129.059843">
        <ele>248.9</ele>
      </trkpt>
      <trkpt lat="35.735747" lon="129.059426">
        <ele>249.5</ele>
      </trkpt>
      <trkpt lat="35.734426" lon="129.058394">
        <ele>258.1</ele>
      </trkpt>
      <trkpt lat="35.733888" lon="129.05823">
        <ele>262.3</ele>
      </trkpt>
      <trkpt lat="35.732177" lon="129.058313">
        <ele>257.4</ele>
      </trkpt>
      <trkpt lat="35.731503" lon="129.058546">
        <ele>254.1</ele>
      </trkpt>
      <trkpt lat="35.729669" lon="129.058262">
        <ele>258.8</ele>
      </trkpt>
      <trkpt lat="35.728107" lon="129.058162">
        <ele>262.0</ele>
      </trkpt>
      <trkpt lat="35.726341" lon="129.057814">
        <ele>265.9</ele>
      </trkpt>
      <trkpt lat="35.724658" lon="129.057763">
        <ele>269.0</ele>
      </trkpt>
      <trkpt lat="35.723876" lon="129.05753">
        <ele>268.4</ele>
      </trkpt>
      <trkpt lat="35.722245" lon="129.056566">
        <ele>271.3</ele>
      </trkpt>
      <trkpt lat="35.720708" lon="129.055934">
        <ele>278.9</ele>
      </trkpt>
      <trkpt lat="35.720277" lon="129.054986">
        <ele>294.2</ele>
      </trkpt>
      <trkpt lat="35.71982" lon="129.054753">
        <ele>295.3</ele>
      </trkpt>
      <trkpt lat="35.717664" lon="129.054836">
        <ele>293.4</ele>
      </trkpt>
      <trkpt lat="35.716829" lon="129.05505">
        <ele>293.2</ele>
      </trkpt>
      <trkpt lat="35.716046" lon="129.05502">
        <ele>294.0</ele>
      </trkpt>
      <trkpt lat="35.714686" lon="129.05457">
        <ele>300.0</ele>
      </trkpt>
      <trkpt lat="35.713999" lon="129.054637">
        <ele>306.2</ele>
      </trkpt>
      <trkpt lat="35.711936" lon="129.055768">
        <ele>307.1</ele>
      </trkpt>
      <trkpt lat="35.711141" lon="129.056366">
        <ele>305.9</ele>
      </trkpt>
      <trkpt lat="35.709821" lon="129.056849">
        <ele>308.5</ele>
      </trkpt>
      <trkpt lat="35.708595" lon="129.05648">
        <ele>316.7</ele>
      </trkpt>
      <trkpt lat="35.707976" lon="129.056633">
        <ele>316.0</ele>
      </trkpt>
      <trkpt lat="35.707018" lon="129.057212">
        <ele>317.2</ele>
      </trkpt>
      <trkpt lat="35.706371" lon="129.057781">
        <ele>315.2</ele>
      </trkpt>
      <trkpt lat="35.70485" lon="129.058394">
        <ele>316.9</ele>
      </trkpt>
      <trkpt lat="35.702571" lon="129.059359">
        <ele>320.3</ele>
      </trkpt>
      <trkpt lat="35.701414" lon="129.059343">
        <ele>324.9</ele>
      </trkpt>
      <trkpt lat="35.699931" lon="129.058844">
        <ele>335.4</ele>
      </trkpt>
      <trkpt lat="35.699081" lon="129.059078">
        <ele>329.6</ele>
      </trkpt>
      <trkpt lat="35.698139" lon="129.058546">
        <ele>336.3</ele>
      </trkpt>
      <trkpt lat="35.69768" lon="129.057962">
        <ele>335.7</ele>
      </trkpt>
      <trkpt lat="35.696952" lon="129.056581">
        <ele>346.2</ele>
      </trkpt>
      <trkpt lat="35.696468" lon="129.056317">
        <ele>346.8</ele>
      </trkpt>
      <trkpt lat="35.694946" lon="129.056517">
        <ele>341.2</ele>
      </trkpt>
      <trkpt lat="35.6931" lon="129.057182">
        <ele>344.6</ele>
      </trkpt>
      <trkpt lat="35.692412" lon="129.057249">
        <ele>345.3</ele>
      </trkpt>
      <trkpt lat="35.692143" lon="129.057049">
        <ele>346.4</ele>
      </trkpt>
      <trkpt lat="35.691401" lon="129.05605">
        <ele>351.8</ele>
      </trkpt>
      <trkpt lat="35.691173" lon="129.055433">
        <ele>359.9</ele>
      </trkpt>
      <trkpt lat="35.690363" lon="129.055002">
        <ele>355.6</ele>
      </trkpt>
      <trkpt lat="35.689972" lon="129.054454">
        <ele>359.5</ele>
      </trkpt>
      <trkpt lat="35.688194" lon="129.052792">
        <ele>368.0</ele>
      </trkpt>
      <trkpt lat="35.687508" lon="129.05186">
        <ele>364.0</ele>
      </trkpt>
      <trkpt lat="35.687129" lon="129.050912">
        <ele>375.1</ele>
      </trkpt>
      <trkpt lat="35.686605" lon="129.050364">
        <ele>378.2</ele>
      </trkpt>
      <trkpt lat="35.685823" lon="129.050296">
        <ele>371.7</ele>
      </trkpt>
      <trkpt lat="35.685027" lon="129.049848">
        <ele>375.4</ele>
      </trkpt>
      <trkpt lat="35.684569" lon="129.049915">
        <ele>376.1</ele>
      </trkpt>
      <trkpt lat="35.682791" lon="129.050694">
        <ele>381.0</ele>
      </trkpt>
      <trkpt lat="35.681754" lon="129.050429">
        <ele>386.2</ele>
      </trkpt>
      <trkpt lat="35.680878" lon="129.050647">
        <ele>387.1</ele>
      </trkpt>
      <trkpt lat="35.679853" lon="129.050464">
        <ele>396.2</ele>
      </trkpt>
      <trkpt lat="35.678695" lon="129.050563">
        <ele>395.1</ele>
      </trkpt>
      <trkpt lat="35.677873" lon="129.05078">
        <ele>395.7</ele>
      </trkpt>
      <trkpt lat="35.677038" lon="129.05058">
        <ele>403.8</ele>
      </trkpt>
      <trkpt lat="35.674503" lon="129.052109">
        <ele>402.7</ele>
      </trkpt>
      <trkpt lat="35.672726" lon="129.052658">
        <ele>409.5</ele>
      </trkpt>
      <trkpt lat="35.671486" lon="129.053357">
        <ele>416.9</ele>
      </trkpt>
      <trkpt lat="35.668926" lon="129.055769">
        <ele>425.8</ele>
      </trkpt>
      <trkpt lat="35.667968" lon="129.055985">
        <ele>431.2</ele>
      </trkpt>
      <trkpt lat="35.666189" lon="129.057298">
        <ele>440.1</ele>
      </trkpt>
      <trkpt lat="35.665583" lon="129.058313">
        <ele>440.9</ele>
      </trkpt>
      <trkpt lat="35.663804" lon="129.059092">
        <ele>452.7</ele>
      </trkpt>
      <trkpt lat="35.662027" lon="129.059394">
        <ele>463.6</ele>
      </trkpt>
      <trkpt lat="35.661123" lon="129.060407">
        <ele>473.5</ele>
      </trkpt>
      <trkpt lat="35.659789" lon="129.061239">
        <ele>485.7</ele>
      </trkpt>
      <trkpt lat="35.659387" lon="129.061752">
        <ele>493.6</ele>
      </trkpt>
      <trkpt lat="35.65941" lon="129.06177">
        <ele>494.0</ele>
      </trkpt>
      <trkpt lat="35.65937" lon="129.061827">
        <ele>495.1</ele>
      </trkpt>
      <trkpt lat="35.65919" lon="129.06205">
        <ele>498.9</ele>
      </trkpt>
      <trkpt lat="35.65896" lon="129.06226">
        <ele>501.2</ele>
      </trkpt>
      <trkpt lat="35.65823" lon="129.06277">
        <ele>504.3</ele>
      </trkpt>
      <trkpt lat="35.65792" lon="129.06299">
        <ele>506.2</ele>
      </trkpt>
      <trkpt lat="35.65777" lon="129.06313">
        <ele>507.3</ele>
      </trkpt>
      <trkpt lat="35.65761" lon="129.06331">
        <ele>508.6</ele>
      </trkpt>
      <trkpt lat="35.65731" lon="129.063628">
        <ele>511.9</ele>
      </trkpt>
      <trkpt lat="35.65716" lon="129.06374">
        <ele>512.4</ele>
      </trkpt>
      <trkpt lat="35.65698" lon="129.06383">
        <ele>511.9</ele>
      </trkpt>
      <trkpt lat="35.65631" lon="129.06406">
        <ele>508.4</ele>
      </trkpt>
      <trkpt lat="35.65572" lon="129.06413">
        <ele>504.5</ele>
      </trkpt>
      <trkpt lat="35.6551" lon="129.06423">
        <ele>503.4</ele>
      </trkpt>
      <trkpt lat="35.65496" lon="129.064259">
        <ele>503.0</ele>
      </trkpt>
      <trkpt lat="35.65482" lon="129.06432">
        <ele>502.7</ele>
      </trkpt>
      <trkpt lat="35.65426" lon="129.064698">
        <ele>500.7</ele>
      </trkpt>
      <trkpt lat="35.65397" lon="129.06493">
        <ele>499.5</ele>
      </trkpt>
      <trkpt lat="35.65373" lon="129.06509">
        <ele>499.2</ele>
      </trkpt>
      <trkpt lat="35.6535" lon="129.06512">
        <ele>498.8</ele>
      </trkpt>
      <trkpt lat="35.65301" lon="129.065058">
        <ele>498.7</ele>
      </trkpt>
      <trkpt lat="35.65257" lon="129.06494">
        <ele>498.5</ele>
      </trkpt>
      <trkpt lat="35.65213" lon="129.06482">
        <ele>494.8</ele>
      </trkpt>
      <trkpt lat="35.65167" lon="129.06474">
        <ele>490.8</ele>
      </trkpt>
      <trkpt lat="35.65121" lon="129.06467">
        <ele>483.6</ele>
      </trkpt>
      <trkpt lat="35.65072" lon="129.06467">
        <ele>476.3</ele>
      </trkpt>
      <trkpt lat="35.65048" lon="129.064799">
        <ele>469.6</ele>
      </trkpt>
      <trkpt lat="35.65041" lon="129.06491">
        <ele>465.7</ele>
      </trkpt>
      <trkpt lat="35.65035" lon="129.06496">
        <ele>463.5</ele>
      </trkpt>
      <trkpt lat="35.65012" lon="129.06522">
        <ele>456.7</ele>
      </trkpt>
      <trkpt lat="35.64999" lon="129.06528">
        <ele>454.2</ele>
      </trkpt>
      <trkpt lat="35.64983" lon="129.06528">
        <ele>452.1</ele>
      </trkpt>
      <trkpt lat="35.64972" lon="129.06527">
        <ele>450.7</ele>
      </trkpt>
      <trkpt lat="35.64952" lon="129.06517">
        <ele>448.6</ele>
      </trkpt>
      <trkpt lat="35.64894" lon="129.06476">
        <ele>446.5</ele>
      </trkpt>
      <trkpt lat="35.64835" lon="129.06436">
        <ele>446.1</ele>
      </trkpt>
      <trkpt lat="35.64806" lon="129.06424">
        <ele>444.7</ele>
      </trkpt>
      <trkpt lat="35.6478" lon="129.064169">
        <ele>442.3</ele>
      </trkpt>
      <trkpt lat="35.64766" lon="129.064169">
        <ele>440.3</ele>
      </trkpt>
      <trkpt lat="35.64728" lon="129.06424">
        <ele>433.9</ele>
      </trkpt>
      <trkpt lat="35.64706" lon="129.0643">
        <ele>430.4</ele>
      </trkpt>
      <trkpt lat="35.6469" lon="129.06428">
        <ele>428.3</ele>
      </trkpt>
      <trkpt lat="35.6469" lon="129.06428">
        <ele>428.3</ele>
      </trkpt>
      <trkpt lat="35.64686" lon="129.06428">
        <ele>427.7</ele>
      </trkpt>
      <trkpt lat="35.64672" lon="129.06419">
        <ele>425.8</ele>
      </trkpt>
      <trkpt lat="35.64655" lon="129.06406">
        <ele>425.6</ele>
      </trkpt>
      <trkpt lat="35.64634" lon="129.06374">
        <ele>426.5</ele>
      </trkpt>
      <trkpt lat="35.64613" lon="129.06322">
        <ele>426.9</ele>
      </trkpt>
      <trkpt lat="35.64588" lon="129.06295">
        <ele>423.7</ele>
      </trkpt>
      <trkpt lat="35.64556" lon="129.06272">
        <ele>419.2</ele>
      </trkpt>
      <trkpt lat="35.64526" lon="129.06242">
        <ele>413.2</ele>
      </trkpt>
      <trkpt lat="35.64484" lon="129.06187">
        <ele>408.3</ele>
      </trkpt>
      <trkpt lat="35.64443" lon="129.06132">
        <ele>405.2</ele>
      </trkpt>
      <trkpt lat="35.64422" lon="129.06106">
        <ele>402.3</ele>
      </trkpt>
      <trkpt lat="35.64395" lon="129.0609">
        <ele>397.6</ele>
      </trkpt>
      <trkpt lat="35.64376" lon="129.060758">
        <ele>395.1</ele>
      </trkpt>
      <trkpt lat="35.6435" lon="129.06054">
        <ele>393.6</ele>
      </trkpt>
      <trkpt lat="35.64339" lon="129.06048">
        <ele>392.0</ele>
      </trkpt>
      <trkpt lat="35.64279" lon="129.06029">
        <ele>383.5</ele>
      </trkpt>
      <trkpt lat="35.64227" lon="129.05982">
        <ele>377.9</ele>
      </trkpt>
      <trkpt lat="35.64205" lon="129.059778">
        <ele>374.2</ele>
      </trkpt>
      <trkpt lat="35.6416" lon="129.05988">
        <ele>364.5</ele>
      </trkpt>
      <trkpt lat="35.64131" lon="129.05982">
        <ele>364.1</ele>
      </trkpt>
      <trkpt lat="35.64079" lon="129.059429">
        <ele>361.4</ele>
      </trkpt>
      <trkpt lat="35.64027" lon="129.05905">
        <ele>353.5</ele>
      </trkpt>
      <trkpt lat="35.63965" lon="129.05883">
        <ele>345.0</ele>
      </trkpt>
      <trkpt lat="35.6396" lon="129.05883">
        <ele>344.3</ele>
      </trkpt>
      <trkpt lat="35.63921" lon="129.058878">
        <ele>339.2</ele>
      </trkpt>
      <trkpt lat="35.63894" lon="129.05884">
        <ele>341.6</ele>
      </trkpt>
      <trkpt lat="35.63873" lon="129.05872">
        <ele>342.5</ele>
      </trkpt>
      <trkpt lat="35.63866" lon="129.058607">
        <ele>341.2</ele>
      </trkpt>
      <trkpt lat="35.6385" lon="129.0582">
        <ele>334.4</ele>
      </trkpt>
      <trkpt lat="35.63846" lon="129.05815">
        <ele>333.7</ele>
      </trkpt>
      <trkpt lat="35.63831" lon="129.058">
        <ele>331.0</ele>
      </trkpt>
      <trkpt lat="35.63778" lon="129.05794">
        <ele>329.7</ele>
      </trkpt>
      <trkpt lat="35.63732" lon="129.05795">
        <ele>330.1</ele>
      </trkpt>
      <trkpt lat="35.63707" lon="129.05786">
        <ele>328.5</ele>
      </trkpt>
      <trkpt lat="35.63687" lon="129.05777">
        <ele>327.0</ele>
      </trkpt>
      <trkpt lat="35.63657" lon="129.057459">
        <ele>321.9</ele>
      </trkpt>
      <trkpt lat="35.63635" lon="129.05726">
        <ele>319.5</ele>
      </trkpt>
      <trkpt lat="35.6362" lon="129.05713">
        <ele>317.5</ele>
      </trkpt>
      <trkpt lat="35.63605" lon="129.05706">
        <ele>316.5</ele>
      </trkpt>
      <trkpt lat="35.63586" lon="129.05705">
        <ele>316.7</ele>
      </trkpt>
      <trkpt lat="35.63539" lon="129.05698">
        <ele>315.9</ele>
      </trkpt>
      <trkpt lat="35.63488" lon="129.056637">
        <ele>308.3</ele>
      </trkpt>
      <trkpt lat="35.63437" lon="129.056288">
        <ele>304.8</ele>
      </trkpt>
      <trkpt lat="35.63424" lon="129.05617">
        <ele>303.1</ele>
      </trkpt>
      <trkpt lat="35.63388" lon="129.05571">
        <ele>295.3</ele>
      </trkpt>
      <trkpt lat="35.63377" lon="129.0556">
        <ele>293.8</ele>
      </trkpt>
      <trkpt lat="35.63361" lon="129.05547">
        <ele>291.9</ele>
      </trkpt>
      <trkpt lat="35.63333" lon="129.05528">
        <ele>289.0</ele>
      </trkpt>
      <trkpt lat="35.63304" lon="129.05517">
        <ele>285.6</ele>
      </trkpt>
      <trkpt lat="35.63215" lon="129.0551">
        <ele>278.4</ele>
      </trkpt>
      <trkpt lat="35.63192" lon="129.05514">
        <ele>276.4</ele>
      </trkpt>
      <trkpt lat="35.63181" lon="129.05497">
        <ele>274.4</ele>
      </trkpt>
      <trkpt lat="35.63145" lon="129.054667">
        <ele>272.2</ele>
      </trkpt>
      <trkpt lat="35.63137" lon="129.05465">
        <ele>271.9</ele>
      </trkpt>
      <trkpt lat="35.63115" lon="129.05461">
        <ele>270.9</ele>
      </trkpt>
      <trkpt lat="35.63093" lon="129.05451">
        <ele>270.4</ele>
      </trkpt>
      <trkpt lat="35.63081" lon="129.054499">
        <ele>269.9</ele>
      </trkpt>
      <trkpt lat="35.63063" lon="129.054499">
        <ele>269.0</ele>
      </trkpt>
      <trkpt lat="35.63042" lon="129.05454">
        <ele>267.8</ele>
      </trkpt>
      <trkpt lat="35.63019" lon="129.0546">
        <ele>266.3</ele>
      </trkpt>
      <trkpt lat="35.63006" lon="129.054577">
        <ele>265.8</ele>
      </trkpt>
      <trkpt lat="35.62993" lon="129.05455">
        <ele>265.5</ele>
      </trkpt>
      <trkpt lat="35.62966" lon="129.05445">
        <ele>265.7</ele>
      </trkpt>
      <trkpt lat="35.62948" lon="129.05427">
        <ele>267.1</ele>
      </trkpt>
      <trkpt lat="35.62926" lon="129.05415">
        <ele>268.2</ele>
      </trkpt>
      <trkpt lat="35.62913" lon="129.054127">
        <ele>268.4</ele>
      </trkpt>
      <trkpt lat="35.62898" lon="129.05415">
        <ele>268.2</ele>
      </trkpt>
      <trkpt lat="35.62884" lon="129.05421">
        <ele>267.5</ele>
      </trkpt>
      <trkpt lat="35.62854" lon="129.0543">
        <ele>266.4</ele>
      </trkpt>
      <trkpt lat="35.62841" lon="129.05433">
        <ele>266.1</ele>
      </trkpt>
      <trkpt lat="35.62819" lon="129.054217">
        <ele>266.0</ele>
      </trkpt>
      <trkpt lat="35.62792" lon="129.05393">
        <ele>267.0</ele>
      </trkpt>
      <trkpt lat="35.62777" lon="129.05382">
        <ele>267.5</ele>
      </trkpt>
      <trkpt lat="35.62738" lon="129.05358">
        <ele>269.5</ele>
      </trkpt>
      <trkpt lat="35.62727" lon="129.05359">
        <ele>269.1</ele>
      </trkpt>
      <trkpt lat="35.62706" lon="129.05368">
        <ele>267.2</ele>
      </trkpt>
      <trkpt lat="35.62697" lon="129.05368">
        <ele>267.1</ele>
      </trkpt>
      <trkpt lat="35.62656" lon="129.05364">
        <ele>266.5</ele>
      </trkpt>
      <trkpt lat="35.62647" lon="129.05366">
        <ele>265.8</ele>
      </trkpt>
      <trkpt lat="35.62623" lon="129.05372">
        <ele>264.2</ele>
      </trkpt>
      <trkpt lat="35.62583" lon="129.053868">
        <ele>261.8</ele>
      </trkpt>
      <trkpt lat="35.6257" lon="129.05391">
        <ele>260.6</ele>
      </trkpt>
      <trkpt lat="35.62554" lon="129.0539">
        <ele>259.5</ele>
      </trkpt>
      <trkpt lat="35.6255" lon="129.053857">
        <ele>259.4</ele>
      </trkpt>
      <trkpt lat="35.62541" lon="129.05376">
        <ele>259.4</ele>
      </trkpt>
      <trkpt lat="35.62514" lon="129.05326">
        <ele>260.4</ele>
      </trkpt>
      <trkpt lat="35.62501" lon="129.0531">
        <ele>260.2</ele>
      </trkpt>
      <trkpt lat="35.62481" lon="129.052889">
        <ele>261.3</ele>
      </trkpt>
      <trkpt lat="35.62476" lon="129.05276">
        <ele>262.1</ele>
      </trkpt>
      <trkpt lat="35.62476" lon="129.05265">
        <ele>262.7</ele>
      </trkpt>
      <trkpt lat="35.62471" lon="129.05251">
        <ele>263.6</ele>
      </trkpt>
      <trkpt lat="35.6246" lon="129.052427">
        <ele>265.0</ele>
      </trkpt>
      <trkpt lat="35.6245" lon="129.0524">
        <ele>265.7</ele>
      </trkpt>
      <trkpt lat="35.62408" lon="129.05237">
        <ele>267.6</ele>
      </trkpt>
      <trkpt lat="35.6238" lon="129.05249">
        <ele>267.7</ele>
      </trkpt>
      <trkpt lat="35.62369" lon="129.05248">
        <ele>268.6</ele>
      </trkpt>
      <trkpt lat="35.6235" lon="129.05239">
        <ele>270.2</ele>
      </trkpt>
      <trkpt lat="35.62328" lon="129.05227">
        <ele>270.7</ele>
      </trkpt>
      <trkpt lat="35.62299" lon="129.05206">
        <ele>268.4</ele>
      </trkpt>
      <trkpt lat="35.62273" lon="129.051797">
        <ele>264.7</ele>
      </trkpt>
      <trkpt lat="35.62263" lon="129.051639">
        <ele>262.5</ele>
      </trkpt>
      <trkpt lat="35.62257" lon="129.05149">
        <ele>261.6</ele>
      </trkpt>
      <trkpt lat="35.62254" lon="129.05135">
        <ele>261.1</ele>
      </trkpt>
      <trkpt lat="35.62254" lon="129.05117">
        <ele>260.9</ele>
      </trkpt>
      <trkpt lat="35.62263" lon="129.05067">
        <ele>261.7</ele>
      </trkpt>
      <trkpt lat="35.62262" lon="129.05049">
        <ele>261.9</ele>
      </trkpt>
      <trkpt lat="35.62256" lon="129.05035">
        <ele>261.7</ele>
      </trkpt>
      <trkpt lat="35.62247" lon="129.05022">
        <ele>261.2</ele>
      </trkpt>
      <trkpt lat="35.62239" lon="129.050018">
        <ele>261.1</ele>
      </trkpt>
      <trkpt lat="35.6223" lon="129.049748">
        <ele>263.4</ele>
      </trkpt>
      <trkpt lat="35.62176" lon="129.049489">
        <ele>259.6</ele>
      </trkpt>
      <trkpt lat="35.6212" lon="129.04926">
        <ele>256.8</ele>
      </trkpt>
      <trkpt lat="35.62065" lon="129.04902">
        <ele>254.6</ele>
      </trkpt>
      <trkpt lat="35.62026" lon="129.048859">
        <ele>252.3</ele>
      </trkpt>
      <trkpt lat="35.61964" lon="129.04864">
        <ele>247.3</ele>
      </trkpt>
      <trkpt lat="35.6193" lon="129.048498">
        <ele>244.2</ele>
      </trkpt>
      <trkpt lat="35.61926" lon="129.04845">
        <ele>243.8</ele>
      </trkpt>
      <trkpt lat="35.61901" lon="129.048318">
        <ele>241.7</ele>
      </trkpt>
      <trkpt lat="35.61898" lon="129.04827">
        <ele>241.5</ele>
      </trkpt>
      <trkpt lat="35.61879" lon="129.04816">
        <ele>240.0</ele>
      </trkpt>
      <trkpt lat="35.61866" lon="129.04812">
        <ele>239.1</ele>
      </trkpt>
      <trkpt lat="35.61853" lon="129.04809">
        <ele>238.1</ele>
      </trkpt>
      <trkpt lat="35.61814" lon="129.04793">
        <ele>236.4</ele>
      </trkpt>
      <trkpt lat="35.61754" lon="129.04764">
        <ele>235.0</ele>
      </trkpt>
      <trkpt lat="35.61723" lon="129.04756">
        <ele>234.2</ele>
      </trkpt>
      <trkpt lat="35.61723" lon="129.047508">
        <ele>234.3</ele>
      </trkpt>
      <trkpt lat="35.61721" lon="129.04746">
        <ele>234.4</ele>
      </trkpt>
      <trkpt lat="35.61718" lon="129.04744">
        <ele>234.4</ele>
      </trkpt>
      <trkpt lat="35.61715" lon="129.047429">
        <ele>234.4</ele>
      </trkpt>
      <trkpt lat="35.61712" lon="129.047429">
        <ele>234.3</ele>
      </trkpt>
      <trkpt lat="35.61709" lon="129.04745">
        <ele>234.2</ele>
      </trkpt>
      <trkpt lat="35.61693" lon="129.047148">
        <ele>234.8</ele>
      </trkpt>
      <trkpt lat="35.6168" lon="129.046979">
        <ele>235.3</ele>
      </trkpt>
      <trkpt lat="35.61672" lon="129.04693">
        <ele>235.5</ele>
      </trkpt>
      <trkpt lat="35.61653" lon="129.04676">
        <ele>236.1</ele>
      </trkpt>
      <trkpt lat="35.61653" lon="129.04673">
        <ele>236.2</ele>
      </trkpt>
      <trkpt lat="35.61652" lon="129.04669">
        <ele>236.4</ele>
      </trkpt>
      <trkpt lat="35.6165" lon="129.04666">
        <ele>236.6</ele>
      </trkpt>
      <trkpt lat="35.61645" lon="129.04664">
        <ele>236.9</ele>
      </trkpt>
      <trkpt lat="35.61642" lon="129.04664">
        <ele>237.0</ele>
      </trkpt>
      <trkpt lat="35.61643" lon="129.0465">
        <ele>237.7</ele>
      </trkpt>
      <trkpt lat="35.6166" lon="129.04543">
        <ele>241.4</ele>
      </trkpt>
      <trkpt lat="35.61677" lon="129.04436">
        <ele>244.5</ele>
      </trkpt>
      <trkpt lat="35.61692" lon="129.04352">
        <ele>250.3</ele>
      </trkpt>
      <trkpt lat="35.61702" lon="129.0431">
        <ele>254.5</ele>
      </trkpt>
      <trkpt lat="35.61726" lon="129.04237">
        <ele>260.5</ele>
      </trkpt>
      <trkpt lat="35.6175" lon="129.04165">
        <ele>260.1</ele>
      </trkpt>
      <trkpt lat="35.61774" lon="129.04092">
        <ele>265.6</ele>
      </trkpt>
      <trkpt lat="35.61786" lon="129.04055">
        <ele>267.4</ele>
      </trkpt>
      <trkpt lat="35.61805" lon="129.039718">
        <ele>272.9</ele>
      </trkpt>
      <trkpt lat="35.61807" lon="129.039538">
        <ele>274.9</ele>
      </trkpt>
      <trkpt lat="35.61806" lon="129.03942">
        <ele>276.4</ele>
      </trkpt>
      <trkpt lat="35.61802" lon="129.03932">
        <ele>277.7</ele>
      </trkpt>
      <trkpt lat="35.61787" lon="129.03922">
        <ele>279.6</ele>
      </trkpt>
      <trkpt lat="35.61782" lon="129.0392">
        <ele>280.1</ele>
      </trkpt>
      <trkpt lat="35.61771" lon="129.039189">
        <ele>280.7</ele>
      </trkpt>
      <trkpt lat="35.61762" lon="129.0392">
        <ele>281.0</ele>
      </trkpt>
      <trkpt lat="35.61751" lon="129.039268">
        <ele>280.6</ele>
      </trkpt>
      <trkpt lat="35.61742" lon="129.039369">
        <ele>280.5</ele>
      </trkpt>
      <trkpt lat="35.61722" lon="129.039718">
        <ele>280.3</ele>
      </trkpt>
      <trkpt lat="35.6169" lon="129.040348">
        <ele>283.3</ele>
      </trkpt>
      <trkpt lat="35.6167" lon="129.04064">
        <ele>286.4</ele>
      </trkpt>
      <trkpt lat="35.61661" lon="129.04075">
        <ele>287.1</ele>
      </trkpt>
      <trkpt lat="35.61639" lon="129.04094">
        <ele>288.0</ele>
      </trkpt>
      <trkpt lat="35.61612" lon="129.04111">
        <ele>288.9</ele>
      </trkpt>
      <trkpt lat="35.61577" lon="129.04129">
        <ele>289.5</ele>
      </trkpt>
      <trkpt lat="35.61562" lon="129.041328">
        <ele>289.1</ele>
      </trkpt>
      <trkpt lat="35.61537" lon="129.04136">
        <ele>288.8</ele>
      </trkpt>
      <trkpt lat="35.61478" lon="129.0414">
        <ele>290.0</ele>
      </trkpt>
      <trkpt lat="35.61442" lon="129.0414">
        <ele>292.3</ele>
      </trkpt>
      <trkpt lat="35.61388" lon="129.04141">
        <ele>295.7</ele>
      </trkpt>
      <trkpt lat="35.61341" lon="129.041429">
        <ele>298.6</ele>
      </trkpt>
      <trkpt lat="35.61309" lon="129.041429">
        <ele>300.6</ele>
      </trkpt>
      <trkpt lat="35.61281" lon="129.041339">
        <ele>303.4</ele>
      </trkpt>
      <trkpt lat="35.61267" lon="129.04126">
        <ele>305.3</ele>
      </trkpt>
      <trkpt lat="35.61236" lon="129.04104">
        <ele>308.5</ele>
      </trkpt>
      <trkpt lat="35.61203" lon="129.04075">
        <ele>310.9</ele>
      </trkpt>
      <trkpt lat="35.61149" lon="129.04031">
        <ele>315.5</ele>
      </trkpt>
      <trkpt lat="35.61106" lon="129.03995">
        <ele>319.5</ele>
      </trkpt>
      <trkpt lat="35.61074" lon="129.03971">
        <ele>323.6</ele>
      </trkpt>
      <trkpt lat="35.61031" lon="129.039448">
        <ele>324.6</ele>
      </trkpt>
      <trkpt lat="35.60988" lon="129.039189">
        <ele>326.3</ele>
      </trkpt>
      <trkpt lat="35.60976" lon="129.03917">
        <ele>327.4</ele>
      </trkpt>
      <trkpt lat="35.60967" lon="129.039189">
        <ele>327.5</ele>
      </trkpt>
      <trkpt lat="35.60962" lon="129.03921">
        <ele>327.5</ele>
      </trkpt>
      <trkpt lat="35.60949" lon="129.03931">
        <ele>326.4</ele>
      </trkpt>
      <trkpt lat="35.60938" lon="129.03942">
        <ele>325.1</ele>
      </trkpt>
      <trkpt lat="35.60924" lon="129.03949">
        <ele>324.7</ele>
      </trkpt>
      <trkpt lat="35.60913" lon="129.0395">
        <ele>325.0</ele>
      </trkpt>
      <trkpt lat="35.60897" lon="129.039459">
        <ele>325.9</ele>
      </trkpt>
      <trkpt lat="35.60882" lon="129.03931">
        <ele>329.2</ele>
      </trkpt>
      <trkpt lat="35.60874" lon="129.03921">
        <ele>331.6</ele>
      </trkpt>
      <trkpt lat="35.60864" lon="129.03912">
        <ele>334.3</ele>
      </trkpt>
      <trkpt lat="35.60859" lon="129.03908">
        <ele>335.8</ele>
      </trkpt>
      <trkpt lat="35.60846" lon="129.03902">
        <ele>338.5</ele>
      </trkpt>
      <trkpt lat="35.60831" lon="129.039009">
        <ele>339.7</ele>
      </trkpt>
      <trkpt lat="35.60781" lon="129.03917">
        <ele>335.8</ele>
      </trkpt>
      <trkpt lat="35.60763" lon="129.039178">
        <ele>336.2</ele>
      </trkpt>
      <trkpt lat="35.60749" lon="129.03916">
        <ele>337.2</ele>
      </trkpt>
      <trkpt lat="35.60731" lon="129.039087">
        <ele>339.4</ele>
      </trkpt>
      <trkpt lat="35.60716" lon="129.038997">
        <ele>341.9</ele>
      </trkpt>
      <trkpt lat="35.6068" lon="129.038648">
        <ele>349.6</ele>
      </trkpt>
      <trkpt lat="35.60643" lon="129.03832">
        <ele>357.6</ele>
      </trkpt>
      <trkpt lat="35.60632" lon="129.038299">
        <ele>358.8</ele>
      </trkpt>
      <trkpt lat="35.6058" lon="129.03836">
        <ele>358.9</ele>
      </trkpt>
      <trkpt lat="35.60527" lon="129.03841">
        <ele>355.1</ele>
      </trkpt>
      <trkpt lat="35.60519" lon="129.0384">
        <ele>355.0</ele>
      </trkpt>
      <trkpt lat="35.60514" lon="129.038367">
        <ele>355.7</ele>
      </trkpt>
      <trkpt lat="35.60503" lon="129.03813">
        <ele>363.0</ele>
      </trkpt>
      <trkpt lat="35.60481" lon="129.03779">
        <ele>375.2</ele>
      </trkpt>
      <trkpt lat="35.60473" lon="129.03774">
        <ele>377.2</ele>
      </trkpt>
      <trkpt lat="35.60465" lon="129.03773">
        <ele>377.9</ele>
      </trkpt>
      <trkpt lat="35.60447" lon="129.03781">
        <ele>376.1</ele>
      </trkpt>
      <trkpt lat="35.60413" lon="129.03807">
        <ele>368.8</ele>
      </trkpt>
      <trkpt lat="35.60404" lon="129.038119">
        <ele>367.0</ele>
      </trkpt>
      <trkpt lat="35.60386" lon="129.038119">
        <ele>366.7</ele>
      </trkpt>
      <trkpt lat="35.60363" lon="129.03796">
        <ele>371.1</ele>
      </trkpt>
      <trkpt lat="35.60313" lon="129.03743">
        <ele>382.7</ele>
      </trkpt>
      <trkpt lat="35.60286" lon="129.037129">
        <ele>387.9</ele>
      </trkpt>
      <trkpt lat="35.60275" lon="129.03706">
        <ele>388.7</ele>
      </trkpt>
      <trkpt lat="35.60267" lon="129.037039">
        <ele>388.4</ele>
      </trkpt>
      <trkpt lat="35.60244" lon="129.03709">
        <ele>385.5</ele>
      </trkpt>
      <trkpt lat="35.60225" lon="129.03709">
        <ele>386.1</ele>
      </trkpt>
      <trkpt lat="35.6016" lon="129.03681">
        <ele>394.6</ele>
      </trkpt>
      <trkpt lat="35.6015" lon="129.036757">
        <ele>395.9</ele>
      </trkpt>
      <trkpt lat="35.60141" lon="129.03664">
        <ele>399.0</ele>
      </trkpt>
      <trkpt lat="35.60128" lon="129.03635">
        <ele>406.1</ele>
      </trkpt>
      <trkpt lat="35.60114" lon="129.036149">
        <ele>409.2</ele>
      </trkpt>
      <trkpt lat="35.60108" lon="129.03611">
        <ele>409.1</ele>
      </trkpt>
      <trkpt lat="35.60101" lon="129.03608">
        <ele>408.7</ele>
      </trkpt>
      <trkpt lat="35.60079" lon="129.036048">
        <ele>405.4</ele>
      </trkpt>
      <trkpt lat="35.60065" lon="129.036">
        <ele>402.8</ele>
      </trkpt>
      <trkpt lat="35.60052" lon="129.03593">
        <ele>400.9</ele>
      </trkpt>
      <trkpt lat="35.60047" lon="129.035879">
        <ele>400.5</ele>
      </trkpt>
      <trkpt lat="35.60039" lon="129.03575">
        <ele>401.5</ele>
      </trkpt>
      <trkpt lat="35.60035" lon="129.03564">
        <ele>403.3</ele>
      </trkpt>
      <trkpt lat="35.60027" lon="129.035249">
        <ele>411.1</ele>
      </trkpt>
      <trkpt lat="35.60021" lon="129.03475">
        <ele>422.0</ele>
      </trkpt>
      <trkpt lat="35.60018" lon="129.034607">
        <ele>424.8</ele>
      </trkpt>
      <trkpt lat="35.60013" lon="129.03451">
        <ele>426.2</ele>
      </trkpt>
      <trkpt lat="35.60005" lon="129.0344">
        <ele>427.2</ele>
      </trkpt>
      <trkpt lat="35.59998" lon="129.034359">
        <ele>426.9</ele>
      </trkpt>
      <trkpt lat="35.59983" lon="129.03431">
        <ele>426.9</ele>
      </trkpt>
      <trkpt lat="35.59975" lon="129.034269">
        <ele>427.2</ele>
      </trkpt>
      <trkpt lat="35.59968" lon="129.0342">
        <ele>428.4</ele>
      </trkpt>
      <trkpt lat="35.59959" lon="129.03403">
        <ele>432.4</ele>
      </trkpt>
      <trkpt lat="35.59953" lon="129.033729">
        <ele>440.3</ele>
      </trkpt>
      <trkpt lat="35.59945" lon="129.03357">
        <ele>443.9</ele>
      </trkpt>
      <trkpt lat="35.5994" lon="129.03351">
        <ele>445.0</ele>
      </trkpt>
      <trkpt lat="35.59935" lon="129.03349">
        <ele>444.9</ele>
      </trkpt>
      <trkpt lat="35.59925" lon="129.03343">
        <ele>445.4</ele>
      </trkpt>
      <trkpt lat="35.59902" lon="129.03339">
        <ele>444.3</ele>
      </trkpt>
      <trkpt lat="35.59873" lon="129.033369">
        <ele>442.5</ele>
      </trkpt>
      <trkpt lat="35.59862" lon="129.03332">
        <ele>442.8</ele>
      </trkpt>
      <trkpt lat="35.59848" lon="129.03305">
        <ele>449.9</ele>
      </trkpt>
      <trkpt lat="35.59835" lon="129.032828">
        <ele>454.7</ele>
      </trkpt>
      <trkpt lat="35.59825" lon="129.03269">
        <ele>458.1</ele>
      </trkpt>
      <trkpt lat="35.59821" lon="129.03266">
        <ele>458.7</ele>
      </trkpt>
      <trkpt lat="35.59799" lon="129.032637">
        <ele>458.1</ele>
      </trkpt>
      <trkpt lat="35.59775" lon="129.032637">
        <ele>456.8</ele>
      </trkpt>
      <trkpt lat="35.59762" lon="129.03261">
        <ele>457.1</ele>
      </trkpt>
      <trkpt lat="35.59736" lon="129.03242">
        <ele>461.6</ele>
      </trkpt>
      <trkpt lat="35.59708" lon="129.03224">
        <ele>465.2</ele>
      </trkpt>
      <trkpt lat="35.59694" lon="129.032198">
        <ele>464.7</ele>
      </trkpt>
      <trkpt lat="35.59678" lon="129.03219">
        <ele>462.6</ele>
      </trkpt>
      <trkpt lat="35.59667" lon="129.03219">
        <ele>460.9</ele>
      </trkpt>
      <trkpt lat="35.59651" lon="129.032119">
        <ele>462.2</ele>
      </trkpt>
      <trkpt lat="35.59633" lon="129.03207">
        <ele>462.4</ele>
      </trkpt>
      <trkpt lat="35.59597" lon="129.03172">
        <ele>470.9</ele>
      </trkpt>
      <trkpt lat="35.59565" lon="129.03168">
        <ele>469.2</ele>
      </trkpt>
      <trkpt lat="35.59556" lon="129.03164">
        <ele>470.3</ele>
      </trkpt>
      <trkpt lat="35.59546" lon="129.0315">
        <ele>476.8</ele>
      </trkpt>
      <trkpt lat="35.59537" lon="129.03141">
        <ele>481.1</ele>
      </trkpt>
      <trkpt lat="35.59522" lon="129.03134">
        <ele>484.7</ele>
      </trkpt>
      <trkpt lat="35.59479" lon="129.03126">
        <ele>485.2</ele>
      </trkpt>
      <trkpt lat="35.59448" lon="129.03118">
        <ele>483.7</ele>
      </trkpt>
      <trkpt lat="35.59436" lon="129.031129">
        <ele>484.2</ele>
      </trkpt>
      <trkpt lat="35.5941" lon="129.03098">
        <ele>487.2</ele>
      </trkpt>
      <trkpt lat="35.59391" lon="129.03084">
        <ele>490.2</ele>
      </trkpt>
      <trkpt lat="35.593908" lon="129.030834">
        <ele>490.4</ele>
      </trkpt>
      <trkpt lat="35.59391" lon="129.03084">
        <ele>490.2</ele>
      </trkpt>
      <trkpt lat="35.59352" lon="129.03065">
        <ele>487.4</ele>
      </trkpt>
      <trkpt lat="35.59338" lon="129.030588">
        <ele>485.3</ele>
      </trkpt>
      <trkpt lat="35.59324" lon="129.03044">
        <ele>488.0</ele>
      </trkpt>
      <trkpt lat="35.59296" lon="129.0301">
        <ele>498.8</ele>
      </trkpt>
      <trkpt lat="35.59283" lon="129.030048">
        <ele>500.4</ele>
      </trkpt>
      <trkpt lat="35.59265" lon="129.03002">
        <ele>501.3</ele>
      </trkpt>
      <trkpt lat="35.59244" lon="129.03008">
        <ele>499.1</ele>
      </trkpt>
      <trkpt lat="35.59214" lon="129.03022">
        <ele>495.8</ele>
      </trkpt>
      <trkpt lat="35.59188" lon="129.030329">
        <ele>493.2</ele>
      </trkpt>
      <trkpt lat="35.59169" lon="129.03036">
        <ele>493.5</ele>
      </trkpt>
      <trkpt lat="35.59146" lon="129.03035">
        <ele>495.4</ele>
      </trkpt>
      <trkpt lat="35.59127" lon="129.030307">
        <ele>498.5</ele>
      </trkpt>
      <trkpt lat="35.59105" lon="129.03037">
        <ele>496.9</ele>
      </trkpt>
      <trkpt lat="35.5909" lon="129.03039">
        <ele>496.9</ele>
      </trkpt>
      <trkpt lat="35.59069" lon="129.03045">
        <ele>493.7</ele>
      </trkpt>
      <trkpt lat="35.59051" lon="129.03045">
        <ele>492.8</ele>
      </trkpt>
      <trkpt lat="35.59038" lon="129.03039">
        <ele>494.7</ele>
      </trkpt>
      <trkpt lat="35.59001" lon="129.030138">
        <ele>501.9</ele>
      </trkpt>
      <trkpt lat="35.58984" lon="129.03012">
        <ele>503.5</ele>
      </trkpt>
      <trkpt lat="35.58969" lon="129.03012">
        <ele>504.3</ele>
      </trkpt>
      <trkpt lat="35.58941" lon="129.03019">
        <ele>502.9</ele>
      </trkpt>
      <trkpt lat="35.5892" lon="129.03021">
        <ele>503.0</ele>
      </trkpt>
      <trkpt lat="35.58898" lon="129.03013">
        <ele>504.9</ele>
      </trkpt>
      <trkpt lat="35.58886" lon="129.02999">
        <ele>509.3</ele>
      </trkpt>
      <trkpt lat="35.58861" lon="129.029609">
        <ele>518.6</ele>
      </trkpt>
      <trkpt lat="35.58841" lon="129.029339">
        <ele>522.2</ele>
      </trkpt>
      <trkpt lat="35.58805" lon="129.029249">
        <ele>528.5</ele>
      </trkpt>
      <trkpt lat="35.58792" lon="129.02928">
        <ele>530.2</ele>
      </trkpt>
      <trkpt lat="35.58771" lon="129.02939">
        <ele>530.5</ele>
      </trkpt>
      <trkpt lat="35.58736" lon="129.029519">
        <ele>533.8</ele>
      </trkpt>
      <trkpt lat="35.58677" lon="129.02958">
        <ele>548.6</ele>
      </trkpt>
      <trkpt lat="35.58636" lon="129.02959">
        <ele>555.7</ele>
      </trkpt>
      <trkpt lat="35.58606" lon="129.02955">
        <ele>562.5</ele>
      </trkpt>
      <trkpt lat="35.5857" lon="129.02964">
        <ele>562.8</ele>
      </trkpt>
      <trkpt lat="35.58547" lon="129.02967">
        <ele>564.9</ele>
      </trkpt>
      <trkpt lat="35.58528" lon="129.02964">
        <ele>569.3</ele>
      </trkpt>
      <trkpt lat="35.58497" lon="129.02949">
        <ele>580.0</ele>
      </trkpt>
      <trkpt lat="35.58464" lon="129.02932">
        <ele>588.7</ele>
      </trkpt>
      <trkpt lat="35.58447" lon="129.029237">
        <ele>592.4</ele>
      </trkpt>
      <trkpt lat="35.58435" lon="129.02926">
        <ele>592.3</ele>
      </trkpt>
      <trkpt lat="35.58425" lon="129.029237">
        <ele>593.4</ele>
      </trkpt>
      <trkpt lat="35.58409" lon="129.02911">
        <ele>599.8</ele>
      </trkpt>
      <trkpt lat="35.58398" lon="129.02899">
        <ele>607.3</ele>
      </trkpt>
      <trkpt lat="35.5838" lon="129.02882">
        <ele>617.9</ele>
      </trkpt>
      <trkpt lat="35.58368" lon="129.028787">
        <ele>620.4</ele>
      </trkpt>
      <trkpt lat="35.58354" lon="129.02878">
        <ele>622.0</ele>
      </trkpt>
      <trkpt lat="35.5834" lon="129.02884">
        <ele>619.9</ele>
      </trkpt>
      <trkpt lat="35.58331" lon="129.02885">
        <ele>620.2</ele>
      </trkpt>
      <trkpt lat="35.58313" lon="129.028888">
        <ele>620.2</ele>
      </trkpt>
      <trkpt lat="35.5829" lon="129.028877">
        <ele>623.2</ele>
      </trkpt>
      <trkpt lat="35.58268" lon="129.028787">
        <ele>629.3</ele>
      </trkpt>
      <trkpt lat="35.58252" lon="129.02869">
        <ele>634.6</ele>
      </trkpt>
      <trkpt lat="35.5824" lon="129.02865">
        <ele>637.6</ele>
      </trkpt>
      <trkpt lat="35.58228" lon="129.0286">
        <ele>640.8</ele>
      </trkpt>
      <trkpt lat="35.58217" lon="129.02857">
        <ele>643.1</ele>
      </trkpt>
      <trkpt lat="35.58195" lon="129.02865">
        <ele>643.8</ele>
      </trkpt>
      <trkpt lat="35.5815" lon="129.02847">
        <ele>654.2</ele>
      </trkpt>
      <trkpt lat="35.5813" lon="129.028438">
        <ele>658.7</ele>
      </trkpt>
      <trkpt lat="35.58104" lon="129.0285">
        <ele>663.7</ele>
      </trkpt>
      <trkpt lat="35.5805" lon="129.02846">
        <ele>667.9</ele>
      </trkpt>
      <trkpt lat="35.57987" lon="129.02824">
        <ele>673.1</ele>
      </trkpt>
      <trkpt lat="35.57923" lon="129.02807">
        <ele>678.3</ele>
      </trkpt>
      <trkpt lat="35.57868" lon="129.02796">
        <ele>673.3</ele>
      </trkpt>
      <trkpt lat="35.57848" lon="129.02793">
        <ele>671.6</ele>
      </trkpt>
      <trkpt lat="35.57827" lon="129.02794">
        <ele>671.0</ele>
      </trkpt>
      <trkpt lat="35.57794" lon="129.02789">
        <ele>669.0</ele>
      </trkpt>
      <trkpt lat="35.57774" lon="129.027819">
        <ele>666.7</ele>
      </trkpt>
      <trkpt lat="35.57701" lon="129.027459">
        <ele>657.7</ele>
      </trkpt>
      <trkpt lat="35.57678" lon="129.02733">
        <ele>655.1</ele>
      </trkpt>
      <trkpt lat="35.57654" lon="129.02712">
        <ele>649.3</ele>
      </trkpt>
      <trkpt lat="35.57571" lon="129.02708">
        <ele>644.0</ele>
      </trkpt>
      <trkpt lat="35.57549" lon="129.02706">
        <ele>642.8</ele>
      </trkpt>
      <trkpt lat="35.57524" lon="129.0269">
        <ele>638.0</ele>
      </trkpt>
      <trkpt lat="35.57495" lon="129.02653">
        <ele>628.7</ele>
      </trkpt>
      <trkpt lat="35.57453" lon="129.02633">
        <ele>625.4</ele>
      </trkpt>
      <trkpt lat="35.5738" lon="129.02587">
        <ele>615.9</ele>
      </trkpt>
      <trkpt lat="35.57362" lon="129.02583">
        <ele>614.9</ele>
      </trkpt>
      <trkpt lat="35.57331" lon="129.02582">
        <ele>614.8</ele>
      </trkpt>
      <trkpt lat="35.57302" lon="129.025748">
        <ele>614.7</ele>
      </trkpt>
      <trkpt lat="35.57281" lon="129.02561">
        <ele>612.6</ele>
      </trkpt>
      <trkpt lat="35.5724" lon="129.02544">
        <ele>610.9</ele>
      </trkpt>
      <trkpt lat="35.5721" lon="129.02532">
        <ele>610.7</ele>
      </trkpt>
      <trkpt lat="35.57178" lon="129.02524">
        <ele>611.4</ele>
      </trkpt>
      <trkpt lat="35.57165" lon="129.02517">
        <ele>610.8</ele>
      </trkpt>
      <trkpt lat="35.57141" lon="129.025">
        <ele>610.9</ele>
      </trkpt>
      <trkpt lat="35.57122" lon="129.0248">
        <ele>609.4</ele>
      </trkpt>
      <trkpt lat="35.57101" lon="129.02464">
        <ele>609.0</ele>
      </trkpt>
      <trkpt lat="35.57079" lon="129.02457">
        <ele>610.8</ele>
      </trkpt>
      <trkpt lat="35.57055" lon="129.02446">
        <ele>611.6</ele>
      </trkpt>
      <trkpt lat="35.57019" lon="129.02402">
        <ele>605.3</ele>
      </trkpt>
      <trkpt lat="35.57004" lon="129.023958">
        <ele>606.0</ele>
      </trkpt>
      <trkpt lat="35.56936" lon="129.02382">
        <ele>602.6</ele>
      </trkpt>
      <trkpt lat="35.56907" lon="129.023789">
        <ele>602.5</ele>
      </trkpt>
      <trkpt lat="35.56881" lon="129.023688">
        <ele>602.4</ele>
      </trkpt>
      <trkpt lat="35.5682" lon="129.023339">
        <ele>600.1</ele>
      </trkpt>
      <trkpt lat="35.56764" lon="129.02319">
        <ele>597.8</ele>
      </trkpt>
      <trkpt lat="35.56689" lon="129.02287">
        <ele>589.9</ele>
      </trkpt>
      <trkpt lat="35.56649" lon="129.02255">
        <ele>581.9</ele>
      </trkpt>
      <trkpt lat="35.56609" lon="129.02222">
        <ele>580.5</ele>
      </trkpt>
      <trkpt lat="35.56575" lon="129.021999">
        <ele>581.0</ele>
      </trkpt>
      <trkpt lat="35.56559" lon="129.021909">
        <ele>578.6</ele>
      </trkpt>
      <trkpt lat="35.56517" lon="129.02189">
        <ele>571.3</ele>
      </trkpt>
      <trkpt lat="35.56468" lon="129.021639">
        <ele>562.9</ele>
      </trkpt>
      <trkpt lat="35.56401" lon="129.02166">
        <ele>550.4</ele>
      </trkpt>
      <trkpt lat="35.56364" lon="129.021729">
        <ele>545.6</ele>
      </trkpt>
      <trkpt lat="35.56332" lon="129.02184">
        <ele>541.6</ele>
      </trkpt>
      <trkpt lat="35.56288" lon="129.02189">
        <ele>533.8</ele>
      </trkpt>
      <trkpt lat="35.56242" lon="129.02188">
        <ele>525.4</ele>
      </trkpt>
      <trkpt lat="35.56155" lon="129.021729">
        <ele>507.4</ele>
      </trkpt>
      <trkpt lat="35.56132" lon="129.02161">
        <ele>503.6</ele>
      </trkpt>
      <trkpt lat="35.56115" lon="129.02148">
        <ele>502.1</ele>
      </trkpt>
      <trkpt lat="35.56088" lon="129.02114">
        <ele>501.0</ele>
      </trkpt>
      <trkpt lat="35.56067" lon="129.02076">
        <ele>501.6</ele>
      </trkpt>
      <trkpt lat="35.56039" lon="129.02051">
        <ele>499.9</ele>
      </trkpt>
      <trkpt lat="35.55984" lon="129.02006">
        <ele>497.6</ele>
      </trkpt>
      <trkpt lat="35.5593" lon="129.01962">
        <ele>494.7</ele>
      </trkpt>
      <trkpt lat="35.55863" lon="129.01916">
        <ele>483.9</ele>
      </trkpt>
      <trkpt lat="35.55797" lon="129.0187">
        <ele>479.7</ele>
      </trkpt>
      <trkpt lat="35.55767" lon="129.01846">
        <ele>475.9</ele>
      </trkpt>
      <trkpt lat="35.55746" lon="129.01822">
        <ele>472.9</ele>
      </trkpt>
      <trkpt lat="35.55729" lon="129.01799">
        <ele>471.1</ele>
      </trkpt>
      <trkpt lat="35.55714" lon="129.017609">
        <ele>468.9</ele>
      </trkpt>
      <trkpt lat="35.55707" lon="129.01714">
        <ele>470.4</ele>
      </trkpt>
      <trkpt lat="35.55691" lon="129.01674">
        <ele>465.3</ele>
      </trkpt>
      <trkpt lat="35.55676" lon="129.01652">
        <ele>461.2</ele>
      </trkpt>
      <trkpt lat="35.55619" lon="129.015988">
        <ele>455.1</ele>
      </trkpt>
      <trkpt lat="35.55591" lon="129.015808">
        <ele>449.2</ele>
      </trkpt>
      <trkpt lat="35.55541" lon="129.01569">
        <ele>443.2</ele>
      </trkpt>
      <trkpt lat="35.55491" lon="129.01556">
        <ele>437.7</ele>
      </trkpt>
      <trkpt lat="35.55438" lon="129.0154">
        <ele>429.4</ele>
      </trkpt>
      <trkpt lat="35.55385" lon="129.015177">
        <ele>422.6</ele>
      </trkpt>
      <trkpt lat="35.55385" lon="129.015177">
        <ele>422.6</ele>
      </trkpt>
      <trkpt lat="35.55334" lon="129.01497">
        <ele>412.6</ele>
      </trkpt>
      <trkpt lat="35.55309" lon="129.014918">
        <ele>409.6</ele>
      </trkpt>
      <trkpt lat="35.55288" lon="129.01488">
        <ele>407.1</ele>
      </trkpt>
      <trkpt lat="35.55262" lon="129.01486">
        <ele>402.6</ele>
      </trkpt>
      <trkpt lat="35.55232" lon="129.0149">
        <ele>395.4</ele>
      </trkpt>
      <trkpt lat="35.55189" lon="129.014997">
        <ele>385.0</ele>
      </trkpt>
      <trkpt lat="35.55161" lon="129.01504">
        <ele>382.4</ele>
      </trkpt>
      <trkpt lat="35.55136" lon="129.01502">
        <ele>381.6</ele>
      </trkpt>
      <trkpt lat="35.55095" lon="129.01488">
        <ele>380.3</ele>
      </trkpt>
      <trkpt lat="35.55063" lon="129.01477">
        <ele>379.4</ele>
      </trkpt>
      <trkpt lat="35.55026" lon="129.0146">
        <ele>377.9</ele>
      </trkpt>
      <trkpt lat="35.54949" lon="129.01433">
        <ele>370.6</ele>
      </trkpt>
      <trkpt lat="35.54913" lon="129.01416">
        <ele>365.2</ele>
      </trkpt>
      <trkpt lat="35.54851" lon="129.0139">
        <ele>365.3</ele>
      </trkpt>
      <trkpt lat="35.54802" lon="129.01368">
        <ele>362.4</ele>
      </trkpt>
      <trkpt lat="35.54752" lon="129.01346">
        <ele>358.2</ele>
      </trkpt>
      <trkpt lat="35.54715" lon="129.013207">
        <ele>356.2</ele>
      </trkpt>
      <trkpt lat="35.54652" lon="129.01273">
        <ele>347.6</ele>
      </trkpt>
      <trkpt lat="35.54627" lon="129.01257">
        <ele>343.5</ele>
      </trkpt>
      <trkpt lat="35.54609" lon="129.01249">
        <ele>341.6</ele>
      </trkpt>
      <trkpt lat="35.54589" lon="129.01246">
        <ele>341.0</ele>
      </trkpt>
      <trkpt lat="35.54562" lon="129.01254">
        <ele>341.0</ele>
      </trkpt>
      <trkpt lat="35.54525" lon="129.01274">
        <ele>342.2</ele>
      </trkpt>
      <trkpt lat="35.54464" lon="129.01305">
        <ele>341.2</ele>
      </trkpt>
      <trkpt lat="35.54412" lon="129.01336">
        <ele>336.3</ele>
      </trkpt>
      <trkpt lat="35.5437" lon="129.01368">
        <ele>338.6</ele>
      </trkpt>
      <trkpt lat="35.54337" lon="129.01383">
        <ele>336.5</ele>
      </trkpt>
      <trkpt lat="35.54308" lon="129.01392">
        <ele>334.9</ele>
      </trkpt>
      <trkpt lat="35.54277" lon="129.013928">
        <ele>333.3</ele>
      </trkpt>
      <trkpt lat="35.54246" lon="129.01388">
        <ele>331.6</ele>
      </trkpt>
      <trkpt lat="35.54206" lon="129.01372">
        <ele>329.5</ele>
      </trkpt>
      <trkpt lat="35.54151" lon="129.01346">
        <ele>328.7</ele>
      </trkpt>
      <trkpt lat="35.54115" lon="129.01324">
        <ele>327.5</ele>
      </trkpt>
      <trkpt lat="35.54063" lon="129.012847">
        <ele>328.4</ele>
      </trkpt>
      <trkpt lat="35.54036" lon="129.01262">
        <ele>327.9</ele>
      </trkpt>
      <trkpt lat="35.53993" lon="129.0123">
        <ele>328.9</ele>
      </trkpt>
      <trkpt lat="35.53956" lon="129.012059">
        <ele>330.1</ele>
      </trkpt>
      <trkpt lat="35.53925" lon="129.011879">
        <ele>329.0</ele>
      </trkpt>
      <trkpt lat="35.5387" lon="129.01159">
        <ele>327.3</ele>
      </trkpt>
      <trkpt lat="35.53794" lon="129.011327">
        <ele>327.6</ele>
      </trkpt>
      <trkpt lat="35.53765" lon="129.01126">
        <ele>327.3</ele>
      </trkpt>
      <trkpt lat="35.53689" lon="129.01112">
        <ele>324.1</ele>
      </trkpt>
      <trkpt lat="35.53656" lon="129.0111">
        <ele>322.0</ele>
      </trkpt>
      <trkpt lat="35.53591" lon="129.01082">
        <ele>315.8</ele>
      </trkpt>
      <trkpt lat="35.53548" lon="129.01058">
        <ele>316.6</ele>
      </trkpt>
      <trkpt lat="35.53506" lon="129.01034">
        <ele>316.0</ele>
      </trkpt>
      <trkpt lat="35.53452" lon="129.010078">
        <ele>315.2</ele>
      </trkpt>
      <trkpt lat="35.53416" lon="129.00994">
        <ele>316.7</ele>
      </trkpt>
      <trkpt lat="35.53358" lon="129.00992">
        <ele>319.1</ele>
      </trkpt>
      <trkpt lat="35.53304" lon="129.009999">
        <ele>316.6</ele>
      </trkpt>
      <trkpt lat="35.53242" lon="129.01003">
        <ele>313.9</ele>
      </trkpt>
      <trkpt lat="35.53186" lon="129.010078">
        <ele>313.0</ele>
      </trkpt>
      <trkpt lat="35.53131" lon="129.01013">
        <ele>312.6</ele>
      </trkpt>
      <trkpt lat="35.53118" lon="129.01013">
        <ele>312.4</ele>
      </trkpt>
      <trkpt lat="35.53055" lon="129.01028">
        <ele>313.2</ele>
      </trkpt>
      <trkpt lat="35.53032" lon="129.0103">
        <ele>312.8</ele>
      </trkpt>
      <trkpt lat="35.52999" lon="129.01028">
        <ele>311.6</ele>
      </trkpt>
      <trkpt lat="35.52961" lon="129.01014">
        <ele>308.5</ele>
      </trkpt>
      <trkpt lat="35.52927" lon="129.009898">
        <ele>308.2</ele>
      </trkpt>
      <trkpt lat="35.52863" lon="129.00968">
        <ele>310.3</ele>
      </trkpt>
      <trkpt lat="35.52814" lon="129.00953">
        <ele>310.0</ele>
      </trkpt>
      <trkpt lat="35.52765" lon="129.00939">
        <ele>306.2</ele>
      </trkpt>
      <trkpt lat="35.52735" lon="129.009278">
        <ele>303.4</ele>
      </trkpt>
      <trkpt lat="35.5268" lon="129.00903">
        <ele>300.8</ele>
      </trkpt>
      <trkpt lat="35.52625" lon="129.00894">
        <ele>302.8</ele>
      </trkpt>
      <trkpt lat="35.5257" lon="129.00885">
        <ele>305.2</ele>
      </trkpt>
      <trkpt lat="35.52538" lon="129.008828">
        <ele>303.3</ele>
      </trkpt>
      <trkpt lat="35.52531" lon="129.00881">
        <ele>303.1</ele>
      </trkpt>
      <trkpt lat="35.52487" lon="129.00876">
        <ele>300.0</ele>
      </trkpt>
      <trkpt lat="35.52456" lon="129.00873">
        <ele>296.9</ele>
      </trkpt>
      <trkpt lat="35.52405" lon="129.0087">
        <ele>292.3</ele>
      </trkpt>
      <trkpt lat="35.52377" lon="129.00861">
        <ele>291.3</ele>
      </trkpt>
      <trkpt lat="35.5234" lon="129.00844">
        <ele>288.9</ele>
      </trkpt>
      <trkpt lat="35.52322" lon="129.00826">
        <ele>289.4</ele>
      </trkpt>
      <trkpt lat="35.52286" lon="129.00786">
        <ele>294.8</ele>
      </trkpt>
      <trkpt lat="35.52264" lon="129.007669">
        <ele>296.1</ele>
      </trkpt>
      <trkpt lat="35.52241" lon="129.00755">
        <ele>296.1</ele>
      </trkpt>
      <trkpt lat="35.5222" lon="129.00744">
        <ele>297.7</ele>
      </trkpt>
      <trkpt lat="35.52191" lon="129.00741">
        <ele>297.6</ele>
      </trkpt>
      <trkpt lat="35.52138" lon="129.00727">
        <ele>300.3</ele>
      </trkpt>
      <trkpt lat="35.52121" lon="129.007207">
        <ele>301.3</ele>
      </trkpt>
      <trkpt lat="35.52088" lon="129.007049">
        <ele>304.0</ele>
      </trkpt>
      <trkpt lat="35.52053" lon="129.00681">
        <ele>305.4</ele>
      </trkpt>
      <trkpt lat="35.52022" lon="129.00662">
        <ele>301.7</ele>
      </trkpt>
      <trkpt lat="35.52005" lon="129.00653">
        <ele>299.3</ele>
      </trkpt>
      <trkpt lat="35.51975" lon="129.00643">
        <ele>298.1</ele>
      </trkpt>
      <trkpt lat="35.51939" lon="129.00628">
        <ele>298.3</ele>
      </trkpt>
      <trkpt lat="35.5191" lon="129.00608">
        <ele>299.3</ele>
      </trkpt>
      <trkpt lat="35.51888" lon="129.005879">
        <ele>298.3</ele>
      </trkpt>
      <trkpt lat="35.5187" lon="129.00567">
        <ele>296.7</ele>
      </trkpt>
      <trkpt lat="35.51839" lon="129.00528">
        <ele>294.2</ele>
      </trkpt>
      <trkpt lat="35.518" lon="129.00469">
        <ele>295.0</ele>
      </trkpt>
      <trkpt lat="35.51764" lon="129.00395">
        <ele>295.3</ele>
      </trkpt>
      <trkpt lat="35.51743" lon="129.00344">
        <ele>295.8</ele>
      </trkpt>
      <trkpt lat="35.51731" lon="129.003087">
        <ele>297.6</ele>
      </trkpt>
      <trkpt lat="35.51715" lon="129.00271">
        <ele>299.0</ele>
      </trkpt>
      <trkpt lat="35.51704" lon="129.00254">
        <ele>298.5</ele>
      </trkpt>
      <trkpt lat="35.51686" lon="129.002288">
        <ele>300.2</ele>
      </trkpt>
      <trkpt lat="35.51669" lon="129.00208">
        <ele>301.6</ele>
      </trkpt>
      <trkpt lat="35.51632" lon="129.001759">
        <ele>302.7</ele>
      </trkpt>
      <trkpt lat="35.51604" lon="129.00156">
        <ele>304.4</ele>
      </trkpt>
      <trkpt lat="35.51564" lon="129.00135">
        <ele>309.0</ele>
      </trkpt>
      <trkpt lat="35.51545" lon="129.00129">
        <ele>311.2</ele>
      </trkpt>
      <trkpt lat="35.51525" lon="129.00124">
        <ele>312.6</ele>
      </trkpt>
      <trkpt lat="35.51505" lon="129.001229">
        <ele>312.4</ele>
      </trkpt>
      <trkpt lat="35.51488" lon="129.00125">
        <ele>312.1</ele>
      </trkpt>
      <trkpt lat="35.51474" lon="129.00129">
        <ele>311.4</ele>
      </trkpt>
      <trkpt lat="35.51447" lon="129.00142">
        <ele>307.9</ele>
      </trkpt>
      <trkpt lat="35.51402" lon="129.00165">
        <ele>300.2</ele>
      </trkpt>
      <trkpt lat="35.51357" lon="129.00189">
        <ele>292.8</ele>
      </trkpt>
      <trkpt lat="35.51334" lon="129.002">
        <ele>290.0</ele>
      </trkpt>
      <trkpt lat="35.5131" lon="129.00207">
        <ele>287.4</ele>
      </trkpt>
      <trkpt lat="35.5129" lon="129.002119">
        <ele>285.7</ele>
      </trkpt>
      <trkpt lat="35.51271" lon="129.00213">
        <ele>284.9</ele>
      </trkpt>
      <trkpt lat="35.5126" lon="129.00213">
        <ele>284.5</ele>
      </trkpt>
      <trkpt lat="35.51242" lon="129.0021">
        <ele>283.8</ele>
      </trkpt>
      <trkpt lat="35.51218" lon="129.002029">
        <ele>282.0</ele>
      </trkpt>
      <trkpt lat="35.51178" lon="129.00186">
        <ele>279.6</ele>
      </trkpt>
      <trkpt lat="35.51104" lon="129.00137">
        <ele>279.0</ele>
      </trkpt>
      <trkpt lat="35.51042" lon="129.00094">
        <ele>280.1</ele>
      </trkpt>
      <trkpt lat="35.51002" lon="129.00072">
        <ele>280.7</ele>
      </trkpt>
      <trkpt lat="35.50949" lon="129.00047">
        <ele>283.0</ele>
      </trkpt>
      <trkpt lat="35.5091" lon="129.0003">
        <ele>280.8</ele>
      </trkpt>
      <trkpt lat="35.50883" lon="129.00021">
        <ele>278.9</ele>
      </trkpt>
      <trkpt lat="35.50868" lon="129.000138">
        <ele>277.7</ele>
      </trkpt>
      <trkpt lat="35.50783" lon="128.99985">
        <ele>271.7</ele>
      </trkpt>
      <trkpt lat="35.50699" lon="128.99955">
        <ele>266.8</ele>
      </trkpt>
      <trkpt lat="35.50667" lon="128.999417">
        <ele>263.3</ele>
      </trkpt>
      <trkpt lat="35.50639" lon="128.99927">
        <ele>263.0</ele>
      </trkpt>
      <trkpt lat="35.50619" lon="128.999057">
        <ele>263.8</ele>
      </trkpt>
      <trkpt lat="35.50596" lon="128.998888">
        <ele>263.2</ele>
      </trkpt>
      <trkpt lat="35.50518" lon="128.998708">
        <ele>257.5</ele>
      </trkpt>
      <trkpt lat="35.5044" lon="128.998528">
        <ele>258.2</ele>
      </trkpt>
      <trkpt lat="35.50392" lon="128.99828">
        <ele>257.9</ele>
      </trkpt>
      <trkpt lat="35.50371" lon="128.99789">
        <ele>256.9</ele>
      </trkpt>
      <trkpt lat="35.50353" lon="128.99713">
        <ele>253.2</ele>
      </trkpt>
      <trkpt lat="35.50344" lon="128.99623">
        <ele>257.7</ele>
      </trkpt>
      <trkpt lat="35.50342" lon="128.996">
        <ele>258.8</ele>
      </trkpt>
      <trkpt lat="35.50336" lon="128.99554">
        <ele>261.2</ele>
      </trkpt>
      <trkpt lat="35.50328" lon="128.995387">
        <ele>262.9</ele>
      </trkpt>
      <trkpt lat="35.50315" lon="128.99524">
        <ele>263.8</ele>
      </trkpt>
      <trkpt lat="35.50276" lon="128.99491">
        <ele>262.5</ele>
      </trkpt>
      <trkpt lat="35.50226" lon="128.99455">
        <ele>263.9</ele>
      </trkpt>
      <trkpt lat="35.5015" lon="128.99417">
        <ele>257.4</ele>
      </trkpt>
      <trkpt lat="35.50075" lon="128.993788">
        <ele>262.4</ele>
      </trkpt>
      <trkpt lat="35.49999" lon="128.9934">
        <ele>256.9</ele>
      </trkpt>
      <trkpt lat="35.49924" lon="128.99284">
        <ele>252.2</ele>
      </trkpt>
      <trkpt lat="35.49898" lon="128.99266">
        <ele>250.0</ele>
      </trkpt>
      <trkpt lat="35.49857" lon="128.99241">
        <ele>247.8</ele>
      </trkpt>
      <trkpt lat="35.49787" lon="128.99202">
        <ele>247.3</ele>
      </trkpt>
      <trkpt lat="35.49717" lon="128.991627">
        <ele>246.9</ele>
      </trkpt>
      <trkpt lat="35.49657" lon="128.99132">
        <ele>246.2</ele>
      </trkpt>
      <trkpt lat="35.4961" lon="128.99114">
        <ele>244.8</ele>
      </trkpt>
      <trkpt lat="35.49562" lon="128.99095">
        <ele>244.0</ele>
      </trkpt>
      <trkpt lat="35.49512" lon="128.99078">
        <ele>243.7</ele>
      </trkpt>
      <trkpt lat="35.49438" lon="128.990558">
        <ele>244.0</ele>
      </trkpt>
      <trkpt lat="35.49431" lon="128.99053">
        <ele>244.1</ele>
      </trkpt>
      <trkpt lat="35.49402" lon="128.99044">
        <ele>244.0</ele>
      </trkpt>
      <trkpt lat="35.49364" lon="128.99035">
        <ele>243.8</ele>
      </trkpt>
      <trkpt lat="35.49316" lon="128.99024">
        <ele>243.6</ele>
      </trkpt>
      <trkpt lat="35.49269" lon="128.99014">
        <ele>242.1</ele>
      </trkpt>
      <trkpt lat="35.49241" lon="128.99004">
        <ele>241.7</ele>
      </trkpt>
      <trkpt lat="35.49204" lon="128.98979">
        <ele>246.6</ele>
      </trkpt>
      <trkpt lat="35.49157" lon="128.98946">
        <ele>251.0</ele>
      </trkpt>
      <trkpt lat="35.4911" lon="128.98908">
        <ele>251.8</ele>
      </trkpt>
      <trkpt lat="35.49068" lon="128.988689">
        <ele>254.7</ele>
      </trkpt>
      <trkpt lat="35.49025" lon="128.9883">
        <ele>252.7</ele>
      </trkpt>
      <trkpt lat="35.49003" lon="128.988137">
        <ele>251.0</ele>
      </trkpt>
      <trkpt lat="35.48984" lon="128.98807">
        <ele>249.5</ele>
      </trkpt>
      <trkpt lat="35.48959" lon="128.98792">
        <ele>248.1</ele>
      </trkpt>
      <trkpt lat="35.48918" lon="128.98764">
        <ele>241.7</ele>
      </trkpt>
      <trkpt lat="35.48903" lon="128.98756">
        <ele>241.4</ele>
      </trkpt>
      <trkpt lat="35.48886" lon="128.987518">
        <ele>241.2</ele>
      </trkpt>
      <trkpt lat="35.48859" lon="128.987529">
        <ele>240.5</ele>
      </trkpt>
      <trkpt lat="35.48852" lon="128.98748">
        <ele>240.5</ele>
      </trkpt>
      <trkpt lat="35.48827" lon="128.9872">
        <ele>240.1</ele>
      </trkpt>
      <trkpt lat="35.48817" lon="128.98703">
        <ele>240.0</ele>
      </trkpt>
      <trkpt lat="35.48797" lon="128.98683">
        <ele>240.0</ele>
      </trkpt>
      <trkpt lat="35.48766" lon="128.986618">
        <ele>240.2</ele>
      </trkpt>
      <trkpt lat="35.48756" lon="128.98658">
        <ele>240.1</ele>
      </trkpt>
      <trkpt lat="35.48751" lon="128.98655">
        <ele>240.0</ele>
      </trkpt>
      <trkpt lat="35.48736" lon="128.9865">
        <ele>239.6</ele>
      </trkpt>
      <trkpt lat="35.48729" lon="128.98646">
        <ele>239.4</ele>
      </trkpt>
      <trkpt lat="35.48708" lon="128.98643">
        <ele>238.8</ele>
      </trkpt>
      <trkpt lat="35.48696" lon="128.9864">
        <ele>238.5</ele>
      </trkpt>
      <trkpt lat="35.48677" lon="128.98631">
        <ele>237.9</ele>
      </trkpt>
      <trkpt lat="35.48656" lon="128.9862">
        <ele>237.1</ele>
      </trkpt>
      <trkpt lat="35.4864" lon="128.98615">
        <ele>236.7</ele>
      </trkpt>
      <trkpt lat="35.48615" lon="128.98611">
        <ele>236.1</ele>
      </trkpt>
      <trkpt lat="35.48602" lon="128.98605">
        <ele>235.8</ele>
      </trkpt>
      <trkpt lat="35.48597" lon="128.98601">
        <ele>235.7</ele>
      </trkpt>
      <trkpt lat="35.4858" lon="128.98594">
        <ele>235.4</ele>
      </trkpt>
      <trkpt lat="35.48574" lon="128.985897">
        <ele>235.3</ele>
      </trkpt>
      <trkpt lat="35.48566" lon="128.98589">
        <ele>235.1</ele>
      </trkpt>
      <trkpt lat="35.48532" lon="128.98592">
        <ele>234.6</ele>
      </trkpt>
      <trkpt lat="35.4851" lon="128.98592">
        <ele>234.1</ele>
      </trkpt>
      <trkpt lat="35.48492" lon="128.98588">
        <ele>233.6</ele>
      </trkpt>
      <trkpt lat="35.48476" lon="128.9858">
        <ele>233.0</ele>
      </trkpt>
      <trkpt lat="35.48449" lon="128.98557">
        <ele>232.7</ele>
      </trkpt>
      <trkpt lat="35.4843" lon="128.98533">
        <ele>233.0</ele>
      </trkpt>
      <trkpt lat="35.48388" lon="128.98472">
        <ele>233.4</ele>
      </trkpt>
      <trkpt lat="35.48366" lon="128.984377">
        <ele>232.5</ele>
      </trkpt>
      <trkpt lat="35.48328" lon="128.98386">
        <ele>230.9</ele>
      </trkpt>
      <trkpt lat="35.48297" lon="128.98338">
        <ele>229.7</ele>
      </trkpt>
      <trkpt lat="35.48279" lon="128.983128">
        <ele>229.7</ele>
      </trkpt>
      <trkpt lat="35.48262" lon="128.982948">
        <ele>229.7</ele>
      </trkpt>
      <trkpt lat="35.48202" lon="128.98256">
        <ele>229.8</ele>
      </trkpt>
      <trkpt lat="35.48171" lon="128.98243">
        <ele>229.6</ele>
      </trkpt>
      <trkpt lat="35.48146" lon="128.98231">
        <ele>229.7</ele>
      </trkpt>
      <trkpt lat="35.48116" lon="128.98213">
        <ele>229.6</ele>
      </trkpt>
      <trkpt lat="35.48075" lon="128.9818">
        <ele>229.3</ele>
      </trkpt>
      <trkpt lat="35.48051" lon="128.98156">
        <ele>231.2</ele>
      </trkpt>
      <trkpt lat="35.48015" lon="128.981248">
        <ele>235.9</ele>
      </trkpt>
      <trkpt lat="35.48" lon="128.98113">
        <ele>237.3</ele>
      </trkpt>
      <trkpt lat="35.4797" lon="128.98094">
        <ele>238.4</ele>
      </trkpt>
      <trkpt lat="35.47939" lon="128.98078">
        <ele>239.5</ele>
      </trkpt>
      <trkpt lat="35.479" lon="128.98059">
        <ele>245.9</ele>
      </trkpt>
      <trkpt lat="35.47884" lon="128.98058">
        <ele>247.0</ele>
      </trkpt>
      <trkpt lat="35.47873" lon="128.98059">
        <ele>247.0</ele>
      </trkpt>
      <trkpt lat="35.47862" lon="128.98066">
        <ele>244.3</ele>
      </trkpt>
      <trkpt lat="35.4784" lon="128.98086">
        <ele>236.5</ele>
      </trkpt>
      <trkpt lat="35.4782" lon="128.98102">
        <ele>240.0</ele>
      </trkpt>
      <trkpt lat="35.47789" lon="128.981259">
        <ele>245.9</ele>
      </trkpt>
      <trkpt lat="35.47773" lon="128.98141">
        <ele>245.8</ele>
      </trkpt>
      <trkpt lat="35.47747" lon="128.98175">
        <ele>239.9</ele>
      </trkpt>
      <trkpt lat="35.47737" lon="128.98189">
        <ele>238.5</ele>
      </trkpt>
      <trkpt lat="35.4773" lon="128.981968">
        <ele>237.7</ele>
      </trkpt>
      <trkpt lat="35.47704" lon="128.9821">
        <ele>237.5</ele>
      </trkpt>
      <trkpt lat="35.47681" lon="128.98212">
        <ele>239.5</ele>
      </trkpt>
      <trkpt lat="35.47617" lon="128.98195">
        <ele>238.0</ele>
      </trkpt>
      <trkpt lat="35.47604" lon="128.98186">
        <ele>237.4</ele>
      </trkpt>
      <trkpt lat="35.47583" lon="128.98167">
        <ele>235.9</ele>
      </trkpt>
      <trkpt lat="35.47569" lon="128.98147">
        <ele>238.1</ele>
      </trkpt>
      <trkpt lat="35.47554" lon="128.98115">
        <ele>241.2</ele>
      </trkpt>
      <trkpt lat="35.47521" lon="128.98056">
        <ele>239.9</ele>
      </trkpt>
      <trkpt lat="35.47486" lon="128.98005">
        <ele>236.6</ele>
      </trkpt>
      <trkpt lat="35.47456" lon="128.97952">
        <ele>238.0</ele>
      </trkpt>
      <trkpt lat="35.47419" lon="128.979">
        <ele>231.9</ele>
      </trkpt>
      <trkpt lat="35.47371" lon="128.978467">
        <ele>230.9</ele>
      </trkpt>
      <trkpt lat="35.47324" lon="128.97795">
        <ele>226.9</ele>
      </trkpt>
      <trkpt lat="35.47277" lon="128.97742">
        <ele>225.8</ele>
      </trkpt>
      <trkpt lat="35.47246" lon="128.97698">
        <ele>224.5</ele>
      </trkpt>
      <trkpt lat="35.47214" lon="128.97653">
        <ele>224.6</ele>
      </trkpt>
      <trkpt lat="35.47179" lon="128.976">
        <ele>223.9</ele>
      </trkpt>
      <trkpt lat="35.47145" lon="128.97548">
        <ele>224.2</ele>
      </trkpt>
      <trkpt lat="35.47116" lon="128.975158">
        <ele>223.6</ele>
      </trkpt>
      <trkpt lat="35.47076" lon="128.97473">
        <ele>223.4</ele>
      </trkpt>
      <trkpt lat="35.47035" lon="128.9743">
        <ele>222.9</ele>
      </trkpt>
      <trkpt lat="35.46978" lon="128.97376">
        <ele>223.1</ele>
      </trkpt>
      <trkpt lat="35.46922" lon="128.97321">
        <ele>223.7</ele>
      </trkpt>
      <trkpt lat="35.46884" lon="128.9729">
        <ele>227.0</ele>
      </trkpt>
      <trkpt lat="35.46837" lon="128.97262">
        <ele>225.2</ele>
      </trkpt>
      <trkpt lat="35.46794" lon="128.97241">
        <ele>225.3</ele>
      </trkpt>
      <trkpt lat="35.46743" lon="128.97214">
        <ele>230.5</ele>
      </trkpt>
      <trkpt lat="35.46682" lon="128.9719">
        <ele>232.3</ele>
      </trkpt>
      <trkpt lat="35.46631" lon="128.97173">
        <ele>228.7</ele>
      </trkpt>
      <trkpt lat="35.46581" lon="128.9716">
        <ele>224.1</ele>
      </trkpt>
      <trkpt lat="35.46552" lon="128.97156">
        <ele>223.3</ele>
      </trkpt>
      <trkpt lat="35.46532" lon="128.97152">
        <ele>223.1</ele>
      </trkpt>
      <trkpt lat="35.46509" lon="128.97144">
        <ele>224.2</ele>
      </trkpt>
      <trkpt lat="35.46488" lon="128.9713">
        <ele>228.3</ele>
      </trkpt>
      <trkpt lat="35.46473" lon="128.971218">
        <ele>230.7</ele>
      </trkpt>
      <trkpt lat="35.46457" lon="128.9712">
        <ele>230.6</ele>
      </trkpt>
      <trkpt lat="35.46428" lon="128.9713">
        <ele>225.3</ele>
      </trkpt>
      <trkpt lat="35.4638" lon="128.971319">
        <ele>222.5</ele>
      </trkpt>
      <trkpt lat="35.46328" lon="128.97127">
        <ele>221.7</ele>
      </trkpt>
      <trkpt lat="35.46278" lon="128.97117">
        <ele>221.8</ele>
      </trkpt>
      <trkpt lat="35.46219" lon="128.97103">
        <ele>220.5</ele>
      </trkpt>
      <trkpt lat="35.46165" lon="128.9708">
        <ele>217.4</ele>
      </trkpt>
      <trkpt lat="35.46132" lon="128.97055">
        <ele>217.1</ele>
      </trkpt>
      <trkpt lat="35.46075" lon="128.97001">
        <ele>216.9</ele>
      </trkpt>
      <trkpt lat="35.46047" lon="128.96973">
        <ele>215.2</ele>
      </trkpt>
      <trkpt lat="35.46035" lon="128.9695">
        <ele>214.6</ele>
      </trkpt>
      <trkpt lat="35.46018" lon="128.969079">
        <ele>213.0</ele>
      </trkpt>
      <trkpt lat="35.45994" lon="128.96841">
        <ele>211.1</ele>
      </trkpt>
      <trkpt lat="35.4598" lon="128.96807">
        <ele>209.9</ele>
      </trkpt>
      <trkpt lat="35.45959" lon="128.967739">
        <ele>207.9</ele>
      </trkpt>
      <trkpt lat="35.45935" lon="128.96752">
        <ele>205.7</ele>
      </trkpt>
      <trkpt lat="35.45917" lon="128.96743">
        <ele>206.9</ele>
      </trkpt>
      <trkpt lat="35.45896" lon="128.96734">
        <ele>208.3</ele>
      </trkpt>
      <trkpt lat="35.45847" lon="128.96716">
        <ele>211.5</ele>
      </trkpt>
      <trkpt lat="35.45792" lon="128.96695">
        <ele>215.2</ele>
      </trkpt>
      <trkpt lat="35.45737" lon="128.966749">
        <ele>218.6</ele>
      </trkpt>
      <trkpt lat="35.45705" lon="128.966659">
        <ele>219.8</ele>
      </trkpt>
      <trkpt lat="35.45681" lon="128.96662">
        <ele>221.6</ele>
      </trkpt>
      <trkpt lat="35.45657" lon="128.96673">
        <ele>225.4</ele>
      </trkpt>
      <trkpt lat="35.45636" lon="128.96679">
        <ele>229.1</ele>
      </trkpt>
      <trkpt lat="35.45614" lon="128.96676">
        <ele>230.7</ele>
      </trkpt>
      <trkpt lat="35.45586" lon="128.966659">
        <ele>230.7</ele>
      </trkpt>
      <trkpt lat="35.45562" lon="128.96654">
        <ele>235.1</ele>
      </trkpt>
      <trkpt lat="35.45539" lon="128.96628">
        <ele>235.3</ele>
      </trkpt>
      <trkpt lat="35.45502" lon="128.96578">
        <ele>228.2</ele>
      </trkpt>
      <trkpt lat="35.45466" lon="128.96551">
        <ele>233.3</ele>
      </trkpt>
      <trkpt lat="35.45466" lon="128.965488">
        <ele>233.4</ele>
      </trkpt>
      <trkpt lat="35.45461" lon="128.96543">
        <ele>234.2</ele>
      </trkpt>
      <trkpt lat="35.45463" lon="128.96537">
        <ele>234.3</ele>
      </trkpt>
      <trkpt lat="35.45463" lon="128.96533">
        <ele>234.5</ele>
      </trkpt>
      <trkpt lat="35.45462" lon="128.96529">
        <ele>234.8</ele>
      </trkpt>
      <trkpt lat="35.45458" lon="128.965229">
        <ele>235.4</ele>
      </trkpt>
      <trkpt lat="35.45452" lon="128.96521">
        <ele>236.1</ele>
      </trkpt>
      <trkpt lat="35.45451" lon="128.96517">
        <ele>236.3</ele>
      </trkpt>
      <trkpt lat="35.45449" lon="128.96503">
        <ele>237.1</ele>
      </trkpt>
      <trkpt lat="35.45463" lon="128.9648">
        <ele>240.9</ele>
      </trkpt>
      <trkpt lat="35.45475" lon="128.96466">
        <ele>243.4</ele>
      </trkpt>
      <trkpt lat="35.45483" lon="128.96464">
        <ele>243.3</ele>
      </trkpt>
      <trkpt lat="35.45492" lon="128.96465">
        <ele>242.4</ele>
      </trkpt>
      <trkpt lat="35.4551" lon="128.964767">
        <ele>239.4</ele>
      </trkpt>
      <trkpt lat="35.45519" lon="128.964869">
        <ele>237.4</ele>
      </trkpt>
      <trkpt lat="35.45531" lon="128.96491">
        <ele>237.1</ele>
      </trkpt>
      <trkpt lat="35.45543" lon="128.96489">
        <ele>238.3</ele>
      </trkpt>
      <trkpt lat="35.45564" lon="128.96481">
        <ele>241.4</ele>
      </trkpt>
      <trkpt lat="35.4558" lon="128.9647">
        <ele>245.0</ele>
      </trkpt>
      <trkpt lat="35.45598" lon="128.96461">
        <ele>247.4</ele>
      </trkpt>
      <trkpt lat="35.45614" lon="128.96464">
        <ele>246.8</ele>
      </trkpt>
      <trkpt lat="35.45628" lon="128.96474">
        <ele>244.6</ele>
      </trkpt>
      <trkpt lat="35.45644" lon="128.9648">
        <ele>243.3</ele>
      </trkpt>
      <trkpt lat="35.45659" lon="128.96474">
        <ele>244.9</ele>
      </trkpt>
      <trkpt lat="35.45664" lon="128.964677">
        <ele>246.3</ele>
      </trkpt>
      <trkpt lat="35.45685" lon="128.96422">
        <ele>256.6</ele>
      </trkpt>
      <trkpt lat="35.45696" lon="128.96408">
        <ele>259.9</ele>
      </trkpt>
      <trkpt lat="35.45707" lon="128.96403">
        <ele>261.1</ele>
      </trkpt>
      <trkpt lat="35.45787" lon="128.96399">
        <ele>266.9</ele>
      </trkpt>
      <trkpt lat="35.45797" lon="128.96391">
        <ele>271.1</ele>
      </trkpt>
      <trkpt lat="35.45798" lon="128.96386">
        <ele>273.0</ele>
      </trkpt>
      <trkpt lat="35.45765" lon="128.96346">
        <ele>279.3</ele>
      </trkpt>
      <trkpt lat="35.45731" lon="128.9631">
        <ele>288.1</ele>
      </trkpt>
      <trkpt lat="35.45696" lon="128.96273">
        <ele>298.4</ele>
      </trkpt>
      <trkpt lat="35.45687" lon="128.96267">
        <ele>299.2</ele>
      </trkpt>
      <trkpt lat="35.45674" lon="128.96261">
        <ele>299.2</ele>
      </trkpt>
      <trkpt lat="35.45663" lon="128.96261">
        <ele>298.1</ele>
      </trkpt>
      <trkpt lat="35.45655" lon="128.96267">
        <ele>296.3</ele>
      </trkpt>
      <trkpt lat="35.45643" lon="128.96274">
        <ele>294.3</ele>
      </trkpt>
      <trkpt lat="35.45637" lon="128.96276">
        <ele>293.6</ele>
      </trkpt>
      <trkpt lat="35.45626" lon="128.96276">
        <ele>293.3</ele>
      </trkpt>
      <trkpt lat="35.4562" lon="128.96274">
        <ele>293.6</ele>
      </trkpt>
      <trkpt lat="35.45551" lon="128.96205">
        <ele>309.8</ele>
      </trkpt>
      <trkpt lat="35.4554" lon="128.961998">
        <ele>311.2</ele>
      </trkpt>
      <trkpt lat="35.45529" lon="128.962009">
        <ele>311.1</ele>
      </trkpt>
      <trkpt lat="35.45519" lon="128.962088">
        <ele>309.1</ele>
      </trkpt>
      <trkpt lat="35.45504" lon="128.9623">
        <ele>303.5</ele>
      </trkpt>
      <trkpt lat="35.45491" lon="128.96239">
        <ele>300.2</ele>
      </trkpt>
      <trkpt lat="35.45481" lon="128.96239">
        <ele>299.3</ele>
      </trkpt>
      <trkpt lat="35.45474" lon="128.96234">
        <ele>299.9</ele>
      </trkpt>
      <trkpt lat="35.45467" lon="128.962268">
        <ele>300.9</ele>
      </trkpt>
      <trkpt lat="35.45449" lon="128.961739">
        <ele>311.3</ele>
      </trkpt>
      <trkpt lat="35.45441" lon="128.96159">
        <ele>313.3</ele>
      </trkpt>
      <trkpt lat="35.45427" lon="128.96152">
        <ele>312.4</ele>
      </trkpt>
      <trkpt lat="35.45417" lon="128.9614">
        <ele>312.9</ele>
      </trkpt>
      <trkpt lat="35.45409" lon="128.9613">
        <ele>315.8</ele>
      </trkpt>
      <trkpt lat="35.45402" lon="128.96112">
        <ele>320.6</ele>
      </trkpt>
      <trkpt lat="35.45391" lon="128.960929">
        <ele>327.2</ele>
      </trkpt>
      <trkpt lat="35.45385" lon="128.96089">
        <ele>329.6</ele>
      </trkpt>
      <trkpt lat="35.45376" lon="128.96094">
        <ele>330.4</ele>
      </trkpt>
      <trkpt lat="35.45358" lon="128.961188">
        <ele>326.8</ele>
      </trkpt>
      <trkpt lat="35.45349" lon="128.96135">
        <ele>323.2</ele>
      </trkpt>
      <trkpt lat="35.45332" lon="128.96158">
        <ele>317.2</ele>
      </trkpt>
      <trkpt lat="35.45314" lon="128.96166">
        <ele>315.6</ele>
      </trkpt>
      <trkpt lat="35.4529" lon="128.96166">
        <ele>317.4</ele>
      </trkpt>
      <trkpt lat="35.45261" lon="128.9616">
        <ele>321.7</ele>
      </trkpt>
      <trkpt lat="35.45219" lon="128.96127">
        <ele>326.1</ele>
      </trkpt>
      <trkpt lat="35.45203" lon="128.961019">
        <ele>329.1</ele>
      </trkpt>
      <trkpt lat="35.45202" lon="128.96079">
        <ele>335.2</ele>
      </trkpt>
      <trkpt lat="35.4521" lon="128.96035">
        <ele>346.9</ele>
      </trkpt>
      <trkpt lat="35.45213" lon="128.95984">
        <ele>358.3</ele>
      </trkpt>
      <trkpt lat="35.45209" lon="128.95956">
        <ele>362.4</ele>
      </trkpt>
      <trkpt lat="35.45203" lon="128.95934">
        <ele>364.9</ele>
      </trkpt>
      <trkpt lat="35.45193" lon="128.95911">
        <ele>366.3</ele>
      </trkpt>
      <trkpt lat="35.45179" lon="128.95903">
        <ele>363.2</ele>
      </trkpt>
      <trkpt lat="35.45167" lon="128.95908">
        <ele>358.6</ele>
      </trkpt>
      <trkpt lat="35.45141" lon="128.959488">
        <ele>356.7</ele>
      </trkpt>
      <trkpt lat="35.45126" lon="128.9597">
        <ele>354.1</ele>
      </trkpt>
      <trkpt lat="35.45109" lon="128.959848">
        <ele>352.5</ele>
      </trkpt>
      <trkpt lat="35.45089" lon="128.95998">
        <ele>351.0</ele>
      </trkpt>
      <trkpt lat="35.45062" lon="128.95997">
        <ele>353.0</ele>
      </trkpt>
      <trkpt lat="35.45018" lon="128.95982">
        <ele>361.0</ele>
      </trkpt>
      <trkpt lat="35.44981" lon="128.95983">
        <ele>359.0</ele>
      </trkpt>
      <trkpt lat="35.44968" lon="128.95971">
        <ele>362.3</ele>
      </trkpt>
      <trkpt lat="35.44947" lon="128.95947">
        <ele>368.7</ele>
      </trkpt>
      <trkpt lat="35.44928" lon="128.95936">
        <ele>369.9</ele>
      </trkpt>
      <trkpt lat="35.44901" lon="128.95918">
        <ele>374.0</ele>
      </trkpt>
      <trkpt lat="35.44892" lon="128.959049">
        <ele>378.4</ele>
      </trkpt>
      <trkpt lat="35.44869" lon="128.95862">
        <ele>391.9</ele>
      </trkpt>
      <trkpt lat="35.44863" lon="128.958508">
        <ele>395.0</ele>
      </trkpt>
      <trkpt lat="35.44856" lon="128.958418">
        <ele>397.2</ele>
      </trkpt>
      <trkpt lat="35.44849" lon="128.9584">
        <ele>396.9</ele>
      </trkpt>
      <trkpt lat="35.44837" lon="128.958418">
        <ele>394.8</ele>
      </trkpt>
      <trkpt lat="35.44823" lon="128.95867">
        <ele>388.8</ele>
      </trkpt>
      <trkpt lat="35.44809" lon="128.95898">
        <ele>382.2</ele>
      </trkpt>
      <trkpt lat="35.44803" lon="128.95906">
        <ele>381.0</ele>
      </trkpt>
      <trkpt lat="35.44793" lon="128.95911">
        <ele>381.4</ele>
      </trkpt>
      <trkpt lat="35.44778" lon="128.959139">
        <ele>383.4</ele>
      </trkpt>
      <trkpt lat="35.44697" lon="128.95916">
        <ele>387.4</ele>
      </trkpt>
      <trkpt lat="35.44679" lon="128.959049">
        <ele>387.3</ele>
      </trkpt>
      <trkpt lat="35.44673" lon="128.95889">
        <ele>386.8</ele>
      </trkpt>
      <trkpt lat="35.44673" lon="128.9583">
        <ele>386.2</ele>
      </trkpt>
      <trkpt lat="35.44668" lon="128.95791">
        <ele>384.5</ele>
      </trkpt>
      <trkpt lat="35.44666" lon="128.95767">
        <ele>383.7</ele>
      </trkpt>
      <trkpt lat="35.44668" lon="128.95728">
        <ele>387.0</ele>
      </trkpt>
      <trkpt lat="35.44666" lon="128.956977">
        <ele>389.4</ele>
      </trkpt>
      <trkpt lat="35.44654" lon="128.95686">
        <ele>387.1</ele>
      </trkpt>
      <trkpt lat="35.44641" lon="128.95684">
        <ele>383.5</ele>
      </trkpt>
      <trkpt lat="35.44626" lon="128.95685">
        <ele>378.9</ele>
      </trkpt>
      <trkpt lat="35.44607" lon="128.956899">
        <ele>372.1</ele>
      </trkpt>
      <trkpt lat="35.44595" lon="128.95692">
        <ele>367.9</ele>
      </trkpt>
      <trkpt lat="35.44587" lon="128.95691">
        <ele>365.7</ele>
      </trkpt>
      <trkpt lat="35.44572" lon="128.95683">
        <ele>361.8</ele>
      </trkpt>
      <trkpt lat="35.44556" lon="128.95661">
        <ele>360.2</ele>
      </trkpt>
      <trkpt lat="35.44537" lon="128.95638">
        <ele>358.2</ele>
      </trkpt>
      <trkpt lat="35.44528" lon="128.956088">
        <ele>362.4</ele>
      </trkpt>
      <trkpt lat="35.44523" lon="128.95588">
        <ele>366.0</ele>
      </trkpt>
      <trkpt lat="35.4452" lon="128.95579">
        <ele>365.9</ele>
      </trkpt>
      <trkpt lat="35.44513" lon="128.95579">
        <ele>362.4</ele>
      </trkpt>
      <trkpt lat="35.4451" lon="128.95586">
        <ele>360.2</ele>
      </trkpt>
      <trkpt lat="35.44509" lon="128.95599">
        <ele>356.0</ele>
      </trkpt>
      <trkpt lat="35.44512" lon="128.956268">
        <ele>349.6</ele>
      </trkpt>
      <trkpt lat="35.4453" lon="128.95684">
        <ele>343.4</ele>
      </trkpt>
      <trkpt lat="35.44539" lon="128.95709">
        <ele>342.3</ele>
      </trkpt>
      <trkpt lat="35.44545" lon="128.95724">
        <ele>341.5</ele>
      </trkpt>
      <trkpt lat="35.44552" lon="128.95747">
        <ele>339.1</ele>
      </trkpt>
      <trkpt lat="35.44553" lon="128.95766">
        <ele>341.6</ele>
      </trkpt>
      <trkpt lat="35.4455" lon="128.95776">
        <ele>342.5</ele>
      </trkpt>
      <trkpt lat="35.44542" lon="128.95787">
        <ele>342.4</ele>
      </trkpt>
      <trkpt lat="35.44523" lon="128.9579">
        <ele>338.3</ele>
      </trkpt>
      <trkpt lat="35.44497" lon="128.95778">
        <ele>328.7</ele>
      </trkpt>
      <trkpt lat="35.44478" lon="128.95766">
        <ele>323.1</ele>
      </trkpt>
      <trkpt lat="35.44463" lon="128.95759">
        <ele>319.3</ele>
      </trkpt>
      <trkpt lat="35.44451" lon="128.95755">
        <ele>316.6</ele>
      </trkpt>
      <trkpt lat="35.4444" lon="128.95756">
        <ele>315.6</ele>
      </trkpt>
      <trkpt lat="35.44428" lon="128.9576">
        <ele>315.5</ele>
      </trkpt>
      <trkpt lat="35.44402" lon="128.95765">
        <ele>314.4</ele>
      </trkpt>
      <trkpt lat="35.44396" lon="128.95763">
        <ele>313.3</ele>
      </trkpt>
      <trkpt lat="35.44389" lon="128.95754">
        <ele>309.7</ele>
      </trkpt>
      <trkpt lat="35.44381" lon="128.957428">
        <ele>306.8</ele>
      </trkpt>
      <trkpt lat="35.44372" lon="128.95733">
        <ele>304.6</ele>
      </trkpt>
      <trkpt lat="35.4436" lon="128.957248">
        <ele>302.0</ele>
      </trkpt>
      <trkpt lat="35.44347" lon="128.95723">
        <ele>300.0</ele>
      </trkpt>
      <trkpt lat="35.44334" lon="128.95724">
        <ele>298.4</ele>
      </trkpt>
      <trkpt lat="35.44318" lon="128.95724">
        <ele>297.2</ele>
      </trkpt>
      <trkpt lat="35.44253" lon="128.95713">
        <ele>289.2</ele>
      </trkpt>
      <trkpt lat="35.44239" lon="128.95706">
        <ele>286.3</ele>
      </trkpt>
      <trkpt lat="35.44227" lon="128.95691">
        <ele>280.8</ele>
      </trkpt>
      <trkpt lat="35.44213" lon="128.95679">
        <ele>275.7</ele>
      </trkpt>
      <trkpt lat="35.44199" lon="128.95673">
        <ele>272.4</ele>
      </trkpt>
      <trkpt lat="35.4414" lon="128.956538">
        <ele>262.3</ele>
      </trkpt>
      <trkpt lat="35.44072" lon="128.95641">
        <ele>251.6</ele>
      </trkpt>
      <trkpt lat="35.4405" lon="128.95641">
        <ele>247.0</ele>
      </trkpt>
      <trkpt lat="35.44029" lon="128.95651">
        <ele>245.1</ele>
      </trkpt>
      <trkpt lat="35.44015" lon="128.95668">
        <ele>245.9</ele>
      </trkpt>
      <trkpt lat="35.43992" lon="128.95711">
        <ele>248.9</ele>
      </trkpt>
      <trkpt lat="35.43977" lon="128.957349">
        <ele>250.7</ele>
      </trkpt>
      <trkpt lat="35.43942" lon="128.95794">
        <ele>254.3</ele>
      </trkpt>
      <trkpt lat="35.43932" lon="128.958069">
        <ele>254.8</ele>
      </trkpt>
      <trkpt lat="35.4392" lon="128.95803">
        <ele>252.1</ele>
      </trkpt>
      <trkpt lat="35.43911" lon="128.95785">
        <ele>250.3</ele>
      </trkpt>
      <trkpt lat="35.43902" lon="128.95759">
        <ele>248.4</ele>
      </trkpt>
      <trkpt lat="35.43897" lon="128.95747">
        <ele>247.4</ele>
      </trkpt>
      <trkpt lat="35.43889" lon="128.95714">
        <ele>241.4</ele>
      </trkpt>
      <trkpt lat="35.43882" lon="128.95691">
        <ele>237.0</ele>
      </trkpt>
      <trkpt lat="35.4386" lon="128.95655">
        <ele>231.0</ele>
      </trkpt>
      <trkpt lat="35.43842" lon="128.956189">
        <ele>223.6</ele>
      </trkpt>
      <trkpt lat="35.43819" lon="128.9558">
        <ele>218.3</ele>
      </trkpt>
      <trkpt lat="35.43791" lon="128.95527">
        <ele>216.2</ele>
      </trkpt>
      <trkpt lat="35.43777" lon="128.95499">
        <ele>214.0</ele>
      </trkpt>
      <trkpt lat="35.43763" lon="128.95464">
        <ele>209.3</ele>
      </trkpt>
      <trkpt lat="35.43737" lon="128.954197">
        <ele>202.1</ele>
      </trkpt>
      <trkpt lat="35.43711" lon="128.95375">
        <ele>198.1</ele>
      </trkpt>
      <trkpt lat="35.43678" lon="128.95317">
        <ele>193.2</ele>
      </trkpt>
      <trkpt lat="35.43659" lon="128.95288">
        <ele>190.8</ele>
      </trkpt>
      <trkpt lat="35.43608" lon="128.952497">
        <ele>190.5</ele>
      </trkpt>
      <trkpt lat="35.4357" lon="128.95218">
        <ele>187.6</ele>
      </trkpt>
      <trkpt lat="35.43531" lon="128.95187">
        <ele>184.1</ele>
      </trkpt>
      <trkpt lat="35.43474" lon="128.95142">
        <ele>179.3</ele>
      </trkpt>
      <trkpt lat="35.43428" lon="128.951247">
        <ele>179.1</ele>
      </trkpt>
      <trkpt lat="35.43377" lon="128.95086">
        <ele>173.1</ele>
      </trkpt>
      <trkpt lat="35.43358" lon="128.9506">
        <ele>168.1</ele>
      </trkpt>
      <trkpt lat="35.43332" lon="128.9504">
        <ele>165.3</ele>
      </trkpt>
      <trkpt lat="35.43314" lon="128.9502">
        <ele>162.9</ele>
      </trkpt>
      <trkpt lat="35.43245" lon="128.94984">
        <ele>162.9</ele>
      </trkpt>
      <trkpt lat="35.43209" lon="128.9496">
        <ele>161.3</ele>
      </trkpt>
      <trkpt lat="35.43189" lon="128.94927">
        <ele>155.9</ele>
      </trkpt>
      <trkpt lat="35.43136" lon="128.94899">
        <ele>153.8</ele>
      </trkpt>
      <trkpt lat="35.43084" lon="128.94871">
        <ele>149.9</ele>
      </trkpt>
      <trkpt lat="35.43044" lon="128.94852">
        <ele>147.4</ele>
      </trkpt>
      <trkpt lat="35.43001" lon="128.948298">
        <ele>145.2</ele>
      </trkpt>
      <trkpt lat="35.42958" lon="128.94808">
        <ele>145.1</ele>
      </trkpt>
      <trkpt lat="35.42915" lon="128.9477">
        <ele>141.7</ele>
      </trkpt>
      <trkpt lat="35.42851" lon="128.947127">
        <ele>138.8</ele>
      </trkpt>
      <trkpt lat="35.42788" lon="128.94656">
        <ele>131.0</ele>
      </trkpt>
      <trkpt lat="35.42772" lon="128.94645">
        <ele>129.8</ele>
      </trkpt>
      <trkpt lat="35.42714" lon="128.94614">
        <ele>126.6</ele>
      </trkpt>
      <trkpt lat="35.42674" lon="128.94599">
        <ele>124.8</ele>
      </trkpt>
      <trkpt lat="35.42629" lon="128.945788">
        <ele>117.8</ele>
      </trkpt>
      <trkpt lat="35.42584" lon="128.9456">
        <ele>113.1</ele>
      </trkpt>
      <trkpt lat="35.42543" lon="128.94536">
        <ele>112.6</ele>
      </trkpt>
      <trkpt lat="35.42521" lon="128.94521">
        <ele>112.7</ele>
      </trkpt>
      <trkpt lat="35.42504" lon="128.945079">
        <ele>112.8</ele>
      </trkpt>
      <trkpt lat="35.42467" lon="128.94479">
        <ele>113.0</ele>
      </trkpt>
      <trkpt lat="35.42442" lon="128.94451">
        <ele>112.3</ele>
      </trkpt>
      <trkpt lat="35.4241" lon="128.94408">
        <ele>109.3</ele>
      </trkpt>
      <trkpt lat="35.42378" lon="128.9435">
        <ele>108.0</ele>
      </trkpt>
      <trkpt lat="35.42347" lon="128.942917">
        <ele>104.7</ele>
      </trkpt>
      <trkpt lat="35.42309" lon="128.94243">
        <ele>99.5</ele>
      </trkpt>
      <trkpt lat="35.42284" lon="128.942129">
        <ele>96.7</ele>
      </trkpt>
      <trkpt lat="35.42239" lon="128.94172">
        <ele>93.7</ele>
      </trkpt>
      <trkpt lat="35.42194" lon="128.941307">
        <ele>90.5</ele>
      </trkpt>
      <trkpt lat="35.42133" lon="128.94074">
        <ele>88.1</ele>
      </trkpt>
      <trkpt lat="35.42072" lon="128.940159">
        <ele>87.1</ele>
      </trkpt>
      <trkpt lat="35.4201" lon="128.93959">
        <ele>88.4</ele>
      </trkpt>
      <trkpt lat="35.41983" lon="128.93937">
        <ele>87.1</ele>
      </trkpt>
      <trkpt lat="35.41956" lon="128.9392">
        <ele>85.5</ele>
      </trkpt>
      <trkpt lat="35.41918" lon="128.939078">
        <ele>84.8</ele>
      </trkpt>
      <trkpt lat="35.41882" lon="128.93906">
        <ele>87.0</ele>
      </trkpt>
      <trkpt lat="35.41846" lon="128.939">
        <ele>88.0</ele>
      </trkpt>
      <trkpt lat="35.41797" lon="128.93882">
        <ele>86.4</ele>
      </trkpt>
      <trkpt lat="35.41761" lon="128.93857">
        <ele>82.7</ele>
      </trkpt>
      <trkpt lat="35.41725" lon="128.93823">
        <ele>78.0</ele>
      </trkpt>
      <trkpt lat="35.41688" lon="128.93784">
        <ele>74.8</ele>
      </trkpt>
      <trkpt lat="35.4165" lon="128.937457">
        <ele>70.8</ele>
      </trkpt>
      <trkpt lat="35.41572" lon="128.936928">
        <ele>67.2</ele>
      </trkpt>
      <trkpt lat="35.41509" lon="128.9366">
        <ele>62.6</ele>
      </trkpt>
      <trkpt lat="35.41446" lon="128.93628">
        <ele>60.5</ele>
      </trkpt>
      <trkpt lat="35.41382" lon="128.935949">
        <ele>58.5</ele>
      </trkpt>
      <trkpt lat="35.41319" lon="128.93563">
        <ele>58.3</ele>
      </trkpt>
      <trkpt lat="35.413032" lon="128.935544">
        <ele>58.6</ele>
      </trkpt>
      <trkpt lat="35.41303" lon="128.93554">
        <ele>58.6</ele>
      </trkpt>
      <trkpt lat="35.4125" lon="128.93526">
        <ele>57.7</ele>
      </trkpt>
      <trkpt lat="35.41223" lon="128.935138">
        <ele>57.8</ele>
      </trkpt>
      <trkpt lat="35.41188" lon="128.93497">
        <ele>57.2</ele>
      </trkpt>
      <trkpt lat="35.41146" lon="128.93474">
        <ele>57.3</ele>
      </trkpt>
      <trkpt lat="35.41177" lon="128.934609">
        <ele>55.5</ele>
      </trkpt>
      <trkpt lat="35.41222" lon="128.93429">
        <ele>52.8</ele>
      </trkpt>
      <trkpt lat="35.41239" lon="128.93413">
        <ele>51.7</ele>
      </trkpt>
      <trkpt lat="35.4127" lon="128.933878">
        <ele>56.0</ele>
      </trkpt>
      <trkpt lat="35.41325" lon="128.933968">
        <ele>59.6</ele>
      </trkpt>
      <trkpt lat="35.41379" lon="128.934148">
        <ele>61.4</ele>
      </trkpt>
      <trkpt lat="35.41416" lon="128.93431">
        <ele>62.7</ele>
      </trkpt>
      <trkpt lat="35.41446" lon="128.934238">
        <ele>67.5</ele>
      </trkpt>
      <trkpt lat="35.41528" lon="128.934418">
        <ele>73.6</ele>
      </trkpt>
      <trkpt lat="35.41571" lon="128.93467">
        <ele>71.7</ele>
      </trkpt>
      <trkpt lat="35.41636" lon="128.934789">
        <ele>73.7</ele>
      </trkpt>
      <trkpt lat="35.417" lon="128.93491">
        <ele>74.3</ele>
      </trkpt>
      <trkpt lat="35.41746" lon="128.93497">
        <ele>74.7</ele>
      </trkpt>
      <trkpt lat="35.41784" lon="128.934768">
        <ele>80.0</ele>
      </trkpt>
      <trkpt lat="35.41828" lon="128.934598">
        <ele>83.7</ele>
      </trkpt>
      <trkpt lat="35.41861" lon="128.93447">
        <ele>86.4</ele>
      </trkpt>
      <trkpt lat="35.41891" lon="128.93445">
        <ele>86.1</ele>
      </trkpt>
      <trkpt lat="35.41916" lon="128.93437">
        <ele>87.4</ele>
      </trkpt>
      <trkpt lat="35.41957" lon="128.93432">
        <ele>87.7</ele>
      </trkpt>
      <trkpt lat="35.41998" lon="128.934249">
        <ele>87.5</ele>
      </trkpt>
      <trkpt lat="35.42041" lon="128.934058">
        <ele>86.3</ele>
      </trkpt>
      <trkpt lat="35.42081" lon="128.93381">
        <ele>88.2</ele>
      </trkpt>
      <trkpt lat="35.42125" lon="128.933619">
        <ele>92.8</ele>
      </trkpt>
      <trkpt lat="35.42183" lon="128.93365">
        <ele>92.7</ele>
      </trkpt>
      <trkpt lat="35.42253" lon="128.93357">
        <ele>94.6</ele>
      </trkpt>
      <trkpt lat="35.42303" lon="128.93346">
        <ele>93.6</ele>
      </trkpt>
      <trkpt lat="35.42351" lon="128.93322">
        <ele>94.3</ele>
      </trkpt>
      <trkpt lat="35.4239" lon="128.93301">
        <ele>99.4</ele>
      </trkpt>
      <trkpt lat="35.42435" lon="128.932798">
        <ele>103.2</ele>
      </trkpt>
      <trkpt lat="35.42473" lon="128.932718">
        <ele>104.6</ele>
      </trkpt>
      <trkpt lat="35.42543" lon="128.93294">
        <ele>102.0</ele>
      </trkpt>
      <trkpt lat="35.4257" lon="128.932888">
        <ele>104.6</ele>
      </trkpt>
      <trkpt lat="35.42613" lon="128.93292">
        <ele>107.2</ele>
      </trkpt>
      <trkpt lat="35.42666" lon="128.933078">
        <ele>106.4</ele>
      </trkpt>
      <trkpt lat="35.42694" lon="128.9332">
        <ele>106.6</ele>
      </trkpt>
      <trkpt lat="35.42752" lon="128.933349">
        <ele>110.1</ele>
      </trkpt>
      <trkpt lat="35.42786" lon="128.933439">
        <ele>114.4</ele>
      </trkpt>
      <trkpt lat="35.42823" lon="128.93365">
        <ele>114.6</ele>
      </trkpt>
      <trkpt lat="35.42837" lon="128.933698">
        <ele>114.5</ele>
      </trkpt>
      <trkpt lat="35.42857" lon="128.933709">
        <ele>114.8</ele>
      </trkpt>
      <trkpt lat="35.42869" lon="128.933698">
        <ele>115.4</ele>
      </trkpt>
      <trkpt lat="35.42887" lon="128.93364">
        <ele>117.3</ele>
      </trkpt>
      <trkpt lat="35.42892" lon="128.933619">
        <ele>118.0</ele>
      </trkpt>
      <trkpt lat="35.42946" lon="128.933338">
        <ele>121.7</ele>
      </trkpt>
      <trkpt lat="35.42956" lon="128.933248">
        <ele>124.3</ele>
      </trkpt>
      <trkpt lat="35.42975" lon="128.93303">
        <ele>128.8</ele>
      </trkpt>
      <trkpt lat="35.43" lon="128.93277">
        <ele>128.2</ele>
      </trkpt>
      <trkpt lat="35.4301" lon="128.93258">
        <ele>133.1</ele>
      </trkpt>
      <trkpt lat="35.43029" lon="128.93213">
        <ele>141.5</ele>
      </trkpt>
      <trkpt lat="35.43038" lon="128.93186">
        <ele>144.6</ele>
      </trkpt>
      <trkpt lat="35.43047" lon="128.93124">
        <ele>151.4</ele>
      </trkpt>
      <trkpt lat="35.43059" lon="128.93081">
        <ele>152.9</ele>
      </trkpt>
      <trkpt lat="35.43065" lon="128.930388">
        <ele>153.7</ele>
      </trkpt>
      <trkpt lat="35.43066" lon="128.929848">
        <ele>158.3</ele>
      </trkpt>
      <trkpt lat="35.4309" lon="128.92927">
        <ele>157.9</ele>
      </trkpt>
      <trkpt lat="35.43101" lon="128.929138">
        <ele>159.3</ele>
      </trkpt>
      <trkpt lat="35.43139" lon="128.92873">
        <ele>160.4</ele>
      </trkpt>
      <trkpt lat="35.431393" lon="128.928722">
        <ele>160.4</ele>
      </trkpt>
      <trkpt lat="35.43139" lon="128.92872">
        <ele>160.5</ele>
      </trkpt>
      <trkpt lat="35.43164" lon="128.92827">
        <ele>155.3</ele>
      </trkpt>
      <trkpt lat="35.43169" lon="128.92818">
        <ele>155.8</ele>
      </trkpt>
      <trkpt lat="35.43218" lon="128.927698">
        <ele>164.3</ele>
      </trkpt>
      <trkpt lat="35.43229" lon="128.927529">
        <ele>162.7</ele>
      </trkpt>
      <trkpt lat="35.43258" lon="128.92714">
        <ele>163.8</ele>
      </trkpt>
      <trkpt lat="35.4328" lon="128.92693">
        <ele>165.8</ele>
      </trkpt>
      <trkpt lat="35.43295" lon="128.92671">
        <ele>163.9</ele>
      </trkpt>
      <trkpt lat="35.4331" lon="128.926279">
        <ele>163.6</ele>
      </trkpt>
      <trkpt lat="35.43368" lon="128.92562">
        <ele>163.3</ele>
      </trkpt>
      <trkpt lat="35.43436" lon="128.925288">
        <ele>165.6</ele>
      </trkpt>
      <trkpt lat="35.43503" lon="128.92496">
        <ele>170.2</ele>
      </trkpt>
      <trkpt lat="35.43535" lon="128.924849">
        <ele>174.3</ele>
      </trkpt>
      <trkpt lat="35.43571" lon="128.924489">
        <ele>176.9</ele>
      </trkpt>
      <trkpt lat="35.43607" lon="128.924129">
        <ele>180.7</ele>
      </trkpt>
      <trkpt lat="35.4362" lon="128.92398">
        <ele>182.0</ele>
      </trkpt>
      <trkpt lat="35.43644" lon="128.92369">
        <ele>184.1</ele>
      </trkpt>
      <trkpt lat="35.43675" lon="128.92307">
        <ele>184.1</ele>
      </trkpt>
      <trkpt lat="35.43675" lon="128.92307">
        <ele>184.1</ele>
      </trkpt>
      <trkpt lat="35.43644" lon="128.92369">
        <ele>184.1</ele>
      </trkpt>
      <trkpt lat="35.4362" lon="128.92398">
        <ele>182.0</ele>
      </trkpt>
      <trkpt lat="35.43607" lon="128.924129">
        <ele>180.7</ele>
      </trkpt>
      <trkpt lat="35.43571" lon="128.924489">
        <ele>176.9</ele>
      </trkpt>
      <trkpt lat="35.43535" lon="128.924849">
        <ele>174.3</ele>
      </trkpt>
      <trkpt lat="35.43503" lon="128.92496">
        <ele>170.2</ele>
      </trkpt>
      <trkpt lat="35.43436" lon="128.925288">
        <ele>165.6</ele>
      </trkpt>
      <trkpt lat="35.43368" lon="128.92562">
        <ele>163.3</ele>
      </trkpt>
      <trkpt lat="35.4331" lon="128.926279">
        <ele>163.6</ele>
      </trkpt>
      <trkpt lat="35.43295" lon="128.92671">
        <ele>163.9</ele>
      </trkpt>
      <trkpt lat="35.4328" lon="128.92693">
        <ele>165.8</ele>
      </trkpt>
      <trkpt lat="35.43258" lon="128.92714">
        <ele>163.8</ele>
      </trkpt>
      <trkpt lat="35.43229" lon="128.927529">
        <ele>162.7</ele>
      </trkpt>
      <trkpt lat="35.43218" lon="128.927698">
        <ele>164.3</ele>
      </trkpt>
      <trkpt lat="35.43169" lon="128.92818">
        <ele>155.8</ele>
      </trkpt>
      <trkpt lat="35.43139" lon="128.92873">
        <ele>160.4</ele>
      </trkpt>
      <trkpt lat="35.43101" lon="128.929138">
        <ele>159.3</ele>
      </trkpt>
      <trkpt lat="35.4309" lon="128.92927">
        <ele>157.9</ele>
      </trkpt>
      <trkpt lat="35.43066" lon="128.929848">
        <ele>158.3</ele>
      </trkpt>
      <trkpt lat="35.43065" lon="128.930388">
        <ele>153.7</ele>
      </trkpt>
      <trkpt lat="35.43059" lon="128.93081">
        <ele>152.9</ele>
      </trkpt>
      <trkpt lat="35.43047" lon="128.93124">
        <ele>151.4</ele>
      </trkpt>
      <trkpt lat="35.43038" lon="128.93186">
        <ele>144.6</ele>
      </trkpt>
      <trkpt lat="35.43029" lon="128.93213">
        <ele>141.5</ele>
      </trkpt>
      <trkpt lat="35.4301" lon="128.93258">
        <ele>133.1</ele>
      </trkpt>
      <trkpt lat="35.43" lon="128.93277">
        <ele>128.2</ele>
      </trkpt>
      <trkpt lat="35.42975" lon="128.93303">
        <ele>128.8</ele>
      </trkpt>
      <trkpt lat="35.42956" lon="128.933248">
        <ele>124.3</ele>
      </trkpt>
      <trkpt lat="35.42946" lon="128.933338">
        <ele>121.7</ele>
      </trkpt>
      <trkpt lat="35.42892" lon="128.933619">
        <ele>118.0</ele>
      </trkpt>
      <trkpt lat="35.42869" lon="128.933698">
        <ele>115.4</ele>
      </trkpt>
      <trkpt lat="35.42857" lon="128.933709">
        <ele>114.8</ele>
      </trkpt>
      <trkpt lat="35.42837" lon="128.933698">
        <ele>114.5</ele>
      </trkpt>
      <trkpt lat="35.42823" lon="128.93365">
        <ele>114.6</ele>
      </trkpt>
      <trkpt lat="35.42786" lon="128.933439">
        <ele>114.4</ele>
      </trkpt>
      <trkpt lat="35.42752" lon="128.933349">
        <ele>110.1</ele>
      </trkpt>
      <trkpt lat="35.42694" lon="128.9332">
        <ele>106.6</ele>
      </trkpt>
      <trkpt lat="35.42666" lon="128.933078">
        <ele>106.4</ele>
      </trkpt>
      <trkpt lat="35.42613" lon="128.93292">
        <ele>107.2</ele>
      </trkpt>
      <trkpt lat="35.4257" lon="128.932888">
        <ele>104.6</ele>
      </trkpt>
      <trkpt lat="35.42543" lon="128.93294">
        <ele>102.0</ele>
      </trkpt>
      <trkpt lat="35.42473" lon="128.932718">
        <ele>104.6</ele>
      </trkpt>
      <trkpt lat="35.42435" lon="128.932798">
        <ele>103.2</ele>
      </trkpt>
      <trkpt lat="35.4239" lon="128.93301">
        <ele>99.4</ele>
      </trkpt>
      <trkpt lat="35.42351" lon="128.93322">
        <ele>94.3</ele>
      </trkpt>
      <trkpt lat="35.42303" lon="128.93346">
        <ele>93.6</ele>
      </trkpt>
      <trkpt lat="35.42253" lon="128.93357">
        <ele>94.6</ele>
      </trkpt>
      <trkpt lat="35.42183" lon="128.93365">
        <ele>92.7</ele>
      </trkpt>
      <trkpt lat="35.42125" lon="128.933619">
        <ele>92.8</ele>
      </trkpt>
      <trkpt lat="35.42081" lon="128.93381">
        <ele>88.2</ele>
      </trkpt>
      <trkpt lat="35.42041" lon="128.934058">
        <ele>86.3</ele>
      </trkpt>
      <trkpt lat="35.41998" lon="128.934249">
        <ele>87.5</ele>
      </trkpt>
      <trkpt lat="35.41957" lon="128.93432">
        <ele>87.7</ele>
      </trkpt>
      <trkpt lat="35.41916" lon="128.93437">
        <ele>87.4</ele>
      </trkpt>
      <trkpt lat="35.41891" lon="128.93445">
        <ele>86.1</ele>
      </trkpt>
      <trkpt lat="35.41861" lon="128.93447">
        <ele>86.4</ele>
      </trkpt>
      <trkpt lat="35.41828" lon="128.934598">
        <ele>83.7</ele>
      </trkpt>
      <trkpt lat="35.41784" lon="128.934768">
        <ele>80.0</ele>
      </trkpt>
      <trkpt lat="35.41746" lon="128.93497">
        <ele>74.7</ele>
      </trkpt>
      <trkpt lat="35.417" lon="128.93491">
        <ele>74.3</ele>
      </trkpt>
      <trkpt lat="35.41636" lon="128.934789">
        <ele>73.7</ele>
      </trkpt>
      <trkpt lat="35.41571" lon="128.93467">
        <ele>71.7</ele>
      </trkpt>
      <trkpt lat="35.41528" lon="128.934418">
        <ele>73.6</ele>
      </trkpt>
      <trkpt lat="35.41446" lon="128.934238">
        <ele>67.5</ele>
      </trkpt>
      <trkpt lat="35.41416" lon="128.93431">
        <ele>62.7</ele>
      </trkpt>
      <trkpt lat="35.41379" lon="128.934148">
        <ele>61.4</ele>
      </trkpt>
      <trkpt lat="35.41325" lon="128.933968">
        <ele>59.6</ele>
      </trkpt>
      <trkpt lat="35.4127" lon="128.933878">
        <ele>56.0</ele>
      </trkpt>
      <trkpt lat="35.41239" lon="128.93413">
        <ele>51.7</ele>
      </trkpt>
      <trkpt lat="35.41222" lon="128.93429">
        <ele>52.8</ele>
      </trkpt>
      <trkpt lat="35.41177" lon="128.934609">
        <ele>55.5</ele>
      </trkpt>
      <trkpt lat="35.41146" lon="128.93474">
        <ele>57.3</ele>
      </trkpt>
      <trkpt lat="35.41104" lon="128.93457">
        <ele>56.6</ele>
      </trkpt>
      <trkpt lat="35.411036" lon="128.934574">
        <ele>56.7</ele>
      </trkpt>
      <trkpt lat="35.41062" lon="128.934429">
        <ele>54.6</ele>
      </trkpt>
      <trkpt lat="35.41008" lon="128.934328">
        <ele>55.6</ele>
      </trkpt>
      <trkpt lat="35.40954" lon="128.93419">
        <ele>51.0</ele>
      </trkpt>
      <trkpt lat="35.409" lon="128.93405">
        <ele>47.8</ele>
      </trkpt>
      <trkpt lat="35.40844" lon="128.933889">
        <ele>47.8</ele>
      </trkpt>
      <trkpt lat="35.40788" lon="128.93373">
        <ele>48.4</ele>
      </trkpt>
      <trkpt lat="35.40711" lon="128.933439">
        <ele>45.6</ele>
      </trkpt>
      <trkpt lat="35.40633" lon="128.93315">
        <ele>43.6</ele>
      </trkpt>
      <trkpt lat="35.40554" lon="128.93291">
        <ele>41.9</ele>
      </trkpt>
      <trkpt lat="35.40473" lon="128.93269">
        <ele>39.1</ele>
      </trkpt>
      <trkpt lat="35.40429" lon="128.93253">
        <ele>36.7</ele>
      </trkpt>
      <trkpt lat="35.40397" lon="128.93239">
        <ele>40.1</ele>
      </trkpt>
      <trkpt lat="35.40373" lon="128.93225">
        <ele>43.7</ele>
      </trkpt>
      <trkpt lat="35.40346" lon="128.932009">
        <ele>44.6</ele>
      </trkpt>
      <trkpt lat="35.40308" lon="128.93151">
        <ele>44.2</ele>
      </trkpt>
      <trkpt lat="35.4027" lon="128.931">
        <ele>43.4</ele>
      </trkpt>
      <trkpt lat="35.40252" lon="128.93068">
        <ele>40.4</ele>
      </trkpt>
      <trkpt lat="35.40219" lon="128.93019">
        <ele>36.2</ele>
      </trkpt>
      <trkpt lat="35.40172" lon="128.92957">
        <ele>34.9</ele>
      </trkpt>
      <trkpt lat="35.40126" lon="128.92919">
        <ele>33.9</ele>
      </trkpt>
      <trkpt lat="35.40076" lon="128.92892">
        <ele>33.0</ele>
      </trkpt>
      <trkpt lat="35.40027" lon="128.92865">
        <ele>42.2</ele>
      </trkpt>
      <trkpt lat="35.40006" lon="128.92849">
        <ele>44.3</ele>
      </trkpt>
      <trkpt lat="35.3997" lon="128.92828">
        <ele>52.0</ele>
      </trkpt>
      <trkpt lat="35.39919" lon="128.92784">
        <ele>55.6</ele>
      </trkpt>
      <trkpt lat="35.39868" lon="128.92739">
        <ele>58.6</ele>
      </trkpt>
      <trkpt lat="35.39809" lon="128.926718">
        <ele>59.7</ele>
      </trkpt>
      <trkpt lat="35.39745" lon="128.92602">
        <ele>61.4</ele>
      </trkpt>
      <trkpt lat="35.39729" lon="128.92589">
        <ele>60.8</ele>
      </trkpt>
      <trkpt lat="35.397" lon="128.9256">
        <ele>57.0</ele>
      </trkpt>
      <trkpt lat="35.39678" lon="128.9254">
        <ele>53.3</ele>
      </trkpt>
      <trkpt lat="35.39658" lon="128.92526">
        <ele>52.0</ele>
      </trkpt>
      <trkpt lat="35.39628" lon="128.92507">
        <ele>52.8</ele>
      </trkpt>
      <trkpt lat="35.39602" lon="128.92487">
        <ele>51.9</ele>
      </trkpt>
      <trkpt lat="35.39575" lon="128.92471">
        <ele>51.2</ele>
      </trkpt>
      <trkpt lat="35.39521" lon="128.92434">
        <ele>48.0</ele>
      </trkpt>
      <trkpt lat="35.39472" lon="128.923938">
        <ele>48.1</ele>
      </trkpt>
      <trkpt lat="35.39455" lon="128.92383">
        <ele>48.9</ele>
      </trkpt>
      <trkpt lat="35.39397" lon="128.923408">
        <ele>43.9</ele>
      </trkpt>
      <trkpt lat="35.39372" lon="128.923217">
        <ele>43.9</ele>
      </trkpt>
      <trkpt lat="35.39325" lon="128.922789">
        <ele>41.3</ele>
      </trkpt>
      <trkpt lat="35.3931" lon="128.922598">
        <ele>38.8</ele>
      </trkpt>
      <trkpt lat="35.39277" lon="128.92223">
        <ele>37.8</ele>
      </trkpt>
      <trkpt lat="35.39255" lon="128.921968">
        <ele>35.8</ele>
      </trkpt>
      <trkpt lat="35.39208" lon="128.92149">
        <ele>35.0</ele>
      </trkpt>
      <trkpt lat="35.39137" lon="128.921078">
        <ele>36.3</ele>
      </trkpt>
      <trkpt lat="35.39056" lon="128.92079">
        <ele>32.5</ele>
      </trkpt>
      <trkpt lat="35.38973" lon="128.92068">
        <ele>30.5</ele>
      </trkpt>
      <trkpt lat="35.38896" lon="128.92074">
        <ele>28.7</ele>
      </trkpt>
      <trkpt lat="35.38818" lon="128.920808">
        <ele>24.7</ele>
      </trkpt>
      <trkpt lat="35.3874" lon="128.92087">
        <ele>22.3</ele>
      </trkpt>
      <trkpt lat="35.38663" lon="128.92093">
        <ele>21.6</ele>
      </trkpt>
      <trkpt lat="35.38595" lon="128.92086">
        <ele>17.9</ele>
      </trkpt>
      <trkpt lat="35.38528" lon="128.92079">
        <ele>16.5</ele>
      </trkpt>
      <trkpt lat="35.38471" lon="128.92075">
        <ele>15.1</ele>
      </trkpt>
      <trkpt lat="35.38443" lon="128.9207">
        <ele>13.9</ele>
      </trkpt>
      <trkpt lat="35.38411" lon="128.92069">
        <ele>13.0</ele>
      </trkpt>
      <trkpt lat="35.38339" lon="128.92062">
        <ele>10.6</ele>
      </trkpt>
      <trkpt lat="35.38305" lon="128.92062">
        <ele>10.1</ele>
      </trkpt>
      <trkpt lat="35.38264" lon="128.9206">
        <ele>9.6</ele>
      </trkpt>
      <trkpt lat="35.38197" lon="128.920628">
        <ele>8.2</ele>
      </trkpt>
      <trkpt lat="35.38126" lon="128.92067">
        <ele>7.6</ele>
      </trkpt>
      <trkpt lat="35.38078" lon="128.92071">
        <ele>7.7</ele>
      </trkpt>
      <trkpt lat="35.3803" lon="128.92075">
        <ele>7.9</ele>
      </trkpt>
      <trkpt lat="35.3802" lon="128.92076">
        <ele>7.9</ele>
      </trkpt>
      <trkpt lat="35.37988" lon="128.92079">
        <ele>8.1</ele>
      </trkpt>
      <trkpt lat="35.37917" lon="128.92084">
        <ele>10.0</ele>
      </trkpt>
      <trkpt lat="35.37875" lon="128.920898">
        <ele>10.4</ele>
      </trkpt>
      <trkpt lat="35.37828" lon="128.92093">
        <ele>10.3</ele>
      </trkpt>
      <trkpt lat="35.37781" lon="128.92096">
        <ele>9.5</ele>
      </trkpt>
      <trkpt lat="35.3775" lon="128.92095">
        <ele>8.7</ele>
      </trkpt>
      <trkpt lat="35.37711" lon="128.920909">
        <ele>8.1</ele>
      </trkpt>
      <trkpt lat="35.37637" lon="128.92075">
        <ele>8.4</ele>
      </trkpt>
      <trkpt lat="35.37562" lon="128.92058">
        <ele>10.3</ele>
      </trkpt>
      <trkpt lat="35.37488" lon="128.92042">
        <ele>9.2</ele>
      </trkpt>
      <trkpt lat="35.3741" lon="128.920358">
        <ele>10.1</ele>
      </trkpt>
      <trkpt lat="35.37365" lon="128.920268">
        <ele>9.5</ele>
      </trkpt>
      <trkpt lat="35.37326" lon="128.92021">
        <ele>8.9</ele>
      </trkpt>
      <trkpt lat="35.37296" lon="128.920189">
        <ele>8.3</ele>
      </trkpt>
      <trkpt lat="35.37215" lon="128.92012">
        <ele>7.7</ele>
      </trkpt>
      <trkpt lat="35.37134" lon="128.92004">
        <ele>8.0</ele>
      </trkpt>
      <trkpt lat="35.37058" lon="128.92003">
        <ele>8.4</ele>
      </trkpt>
      <trkpt lat="35.3702" lon="128.919997">
        <ele>9.3</ele>
      </trkpt>
      <trkpt lat="35.37002" lon="128.91995">
        <ele>9.6</ele>
      </trkpt>
      <trkpt lat="35.36983" lon="128.9198">
        <ele>9.7</ele>
      </trkpt>
      <trkpt lat="35.36936" lon="128.91932">
        <ele>7.3</ele>
      </trkpt>
      <trkpt lat="35.3691" lon="128.919209">
        <ele>7.2</ele>
      </trkpt>
      <trkpt lat="35.36907" lon="128.91907">
        <ele>6.3</ele>
      </trkpt>
      <trkpt lat="35.36896" lon="128.91895">
        <ele>6.4</ele>
      </trkpt>
      <trkpt lat="35.3688" lon="128.91883">
        <ele>6.8</ele>
      </trkpt>
      <trkpt lat="35.3681" lon="128.918579">
        <ele>9.3</ele>
      </trkpt>
      <trkpt lat="35.3674" lon="128.91833">
        <ele>7.6</ele>
      </trkpt>
      <trkpt lat="35.36738" lon="128.91809">
        <ele>6.6</ele>
      </trkpt>
      <trkpt lat="35.36737" lon="128.91753">
        <ele>4.1</ele>
      </trkpt>
      <trkpt lat="35.36736" lon="128.916958">
        <ele>4.2</ele>
      </trkpt>
      <trkpt lat="35.36735" lon="128.91618">
        <ele>4.3</ele>
      </trkpt>
      <trkpt lat="35.36733" lon="128.91558">
        <ele>4.5</ele>
      </trkpt>
      <trkpt lat="35.36739" lon="128.91528">
        <ele>5.2</ele>
      </trkpt>
      <trkpt lat="35.36732" lon="128.9153">
        <ele>5.2</ele>
      </trkpt>
      <trkpt lat="35.36724" lon="128.91538">
        <ele>5.2</ele>
      </trkpt>
      <trkpt lat="35.36678" lon="128.91603">
        <ele>5.8</ele>
      </trkpt>
      <trkpt lat="35.36645" lon="128.91645">
        <ele>4.8</ele>
      </trkpt>
      <trkpt lat="35.36612" lon="128.916868">
        <ele>4.7</ele>
      </trkpt>
      <trkpt lat="35.36589" lon="128.917059">
        <ele>4.9</ele>
      </trkpt>
      <trkpt lat="35.36578" lon="128.91708">
        <ele>4.9</ele>
      </trkpt>
      <trkpt lat="35.36569" lon="128.917">
        <ele>4.5</ele>
      </trkpt>
      <trkpt lat="35.36556" lon="128.916789">
        <ele>3.4</ele>
      </trkpt>
      <trkpt lat="35.36554" lon="128.916688">
        <ele>3.0</ele>
      </trkpt>
      <trkpt lat="35.3651" lon="128.917239">
        <ele>4.6</ele>
      </trkpt>
      <trkpt lat="35.3651" lon="128.917239">
        <ele>4.6</ele>
      </trkpt>
      <trkpt lat="35.36477" lon="128.91764">
        <ele>7.0</ele>
      </trkpt>
      <trkpt lat="35.36443" lon="128.91805">
        <ele>7.6</ele>
      </trkpt>
      <trkpt lat="35.36405" lon="128.91852">
        <ele>7.8</ele>
      </trkpt>
      <trkpt lat="35.36367" lon="128.919">
        <ele>7.8</ele>
      </trkpt>
      <trkpt lat="35.36298" lon="128.91961">
        <ele>7.2</ele>
      </trkpt>
      <trkpt lat="35.36242" lon="128.920268">
        <ele>8.7</ele>
      </trkpt>
      <trkpt lat="35.36204" lon="128.9205">
        <ele>7.8</ele>
      </trkpt>
      <trkpt lat="35.36166" lon="128.92113">
        <ele>9.8</ele>
      </trkpt>
      <trkpt lat="35.36128" lon="128.9215">
        <ele>8.1</ele>
      </trkpt>
      <trkpt lat="35.36069" lon="128.92232">
        <ele>8.7</ele>
      </trkpt>
      <trkpt lat="35.3601" lon="128.923138">
        <ele>11.6</ele>
      </trkpt>
      <trkpt lat="35.35952" lon="128.92396">
        <ele>10.1</ele>
      </trkpt>
      <trkpt lat="35.35932" lon="128.924208">
        <ele>8.9</ele>
      </trkpt>
      <trkpt lat="35.35918" lon="128.92445">
        <ele>8.9</ele>
      </trkpt>
      <trkpt lat="35.35858" lon="128.92514">
        <ele>10.6</ele>
      </trkpt>
      <trkpt lat="35.35798" lon="128.92584">
        <ele>11.8</ele>
      </trkpt>
      <trkpt lat="35.35755" lon="128.926268">
        <ele>7.4</ele>
      </trkpt>
      <trkpt lat="35.35703" lon="128.92669">
        <ele>6.1</ele>
      </trkpt>
      <trkpt lat="35.35652" lon="128.9271">
        <ele>11.2</ele>
      </trkpt>
      <trkpt lat="35.35605" lon="128.927427">
        <ele>11.5</ele>
      </trkpt>
      <trkpt lat="35.35578" lon="128.92768">
        <ele>12.0</ele>
      </trkpt>
      <trkpt lat="35.35511" lon="128.92838">
        <ele>12.3</ele>
      </trkpt>
      <trkpt lat="35.35444" lon="128.92908">
        <ele>12.4</ele>
      </trkpt>
      <trkpt lat="35.35434" lon="128.92912">
        <ele>10.9</ele>
      </trkpt>
      <trkpt lat="35.35411" lon="128.92942">
        <ele>13.4</ele>
      </trkpt>
      <trkpt lat="35.35408" lon="128.92951">
        <ele>15.0</ele>
      </trkpt>
      <trkpt lat="35.3536" lon="128.93015">
        <ele>16.6</ele>
      </trkpt>
      <trkpt lat="35.35311" lon="128.93079">
        <ele>16.3</ele>
      </trkpt>
      <trkpt lat="35.35263" lon="128.93144">
        <ele>17.9</ele>
      </trkpt>
      <trkpt lat="35.35215" lon="128.93208">
        <ele>22.9</ele>
      </trkpt>
      <trkpt lat="35.35192" lon="128.93231">
        <ele>20.8</ele>
      </trkpt>
      <trkpt lat="35.35185" lon="128.9324">
        <ele>19.8</ele>
      </trkpt>
      <trkpt lat="35.35177" lon="128.932448">
        <ele>17.5</ele>
      </trkpt>
      <trkpt lat="35.35172" lon="128.932549">
        <ele>16.8</ele>
      </trkpt>
      <trkpt lat="35.35165" lon="128.932617">
        <ele>15.4</ele>
      </trkpt>
      <trkpt lat="35.35155" lon="128.93267">
        <ele>15.0</ele>
      </trkpt>
      <trkpt lat="35.3514" lon="128.932808">
        <ele>14.6</ele>
      </trkpt>
      <trkpt lat="35.35136" lon="128.932898">
        <ele>14.8</ele>
      </trkpt>
      <trkpt lat="35.35134" lon="128.93302">
        <ele>15.3</ele>
      </trkpt>
      <trkpt lat="35.35114" lon="128.93337">
        <ele>13.2</ele>
      </trkpt>
      <trkpt lat="35.35054" lon="128.934148">
        <ele>9.5</ele>
      </trkpt>
      <trkpt lat="35.34994" lon="128.93493">
        <ele>10.9</ele>
      </trkpt>
      <trkpt lat="35.34942" lon="128.93555">
        <ele>17.0</ele>
      </trkpt>
      <trkpt lat="35.34895" lon="128.93599">
        <ele>16.2</ele>
      </trkpt>
      <trkpt lat="35.34847" lon="128.93642">
        <ele>17.7</ele>
      </trkpt>
      <trkpt lat="35.34844" lon="128.93645">
        <ele>17.5</ele>
      </trkpt>
      <trkpt lat="35.34835" lon="128.936478">
        <ele>15.7</ele>
      </trkpt>
      <trkpt lat="35.34824" lon="128.93653">
        <ele>15.3</ele>
      </trkpt>
      <trkpt lat="35.34811" lon="128.93663">
        <ele>15.7</ele>
      </trkpt>
      <trkpt lat="35.34755" lon="128.93721">
        <ele>10.2</ele>
      </trkpt>
      <trkpt lat="35.34699" lon="128.93778">
        <ele>6.1</ele>
      </trkpt>
      <trkpt lat="35.34643" lon="128.938358">
        <ele>5.7</ele>
      </trkpt>
      <trkpt lat="35.34586" lon="128.93894">
        <ele>6.4</ele>
      </trkpt>
      <trkpt lat="35.3453" lon="128.939517">
        <ele>6.5</ele>
      </trkpt>
      <trkpt lat="35.34491" lon="128.939878">
        <ele>8.7</ele>
      </trkpt>
      <trkpt lat="35.34448" lon="128.940328">
        <ele>12.9</ele>
      </trkpt>
      <trkpt lat="35.34439" lon="128.94037">
        <ele>13.0</ele>
      </trkpt>
      <trkpt lat="35.34421" lon="128.94037">
        <ele>12.1</ele>
      </trkpt>
      <trkpt lat="35.34412" lon="128.9404">
        <ele>11.9</ele>
      </trkpt>
      <trkpt lat="35.34403" lon="128.94041">
        <ele>11.3</ele>
      </trkpt>
      <trkpt lat="35.3439" lon="128.94055">
        <ele>11.8</ele>
      </trkpt>
      <trkpt lat="35.34355" lon="128.94079">
        <ele>10.9</ele>
      </trkpt>
      <trkpt lat="35.34347" lon="128.94084">
        <ele>10.5</ele>
      </trkpt>
      <trkpt lat="35.3434" lon="128.94091">
        <ele>9.6</ele>
      </trkpt>
      <trkpt lat="35.34334" lon="128.941127">
        <ele>8.7</ele>
      </trkpt>
      <trkpt lat="35.34332" lon="128.94124">
        <ele>8.4</ele>
      </trkpt>
      <trkpt lat="35.34327" lon="128.94146">
        <ele>8.0</ele>
      </trkpt>
      <trkpt lat="35.34322" lon="128.94155">
        <ele>7.7</ele>
      </trkpt>
      <trkpt lat="35.34274" lon="128.94217">
        <ele>5.3</ele>
      </trkpt>
      <trkpt lat="35.34226" lon="128.9428">
        <ele>4.4</ele>
      </trkpt>
      <trkpt lat="35.34178" lon="128.94342">
        <ele>5.7</ele>
      </trkpt>
      <trkpt lat="35.34138" lon="128.94426">
        <ele>8.9</ele>
      </trkpt>
      <trkpt lat="35.34099" lon="128.94511">
        <ele>10.5</ele>
      </trkpt>
      <trkpt lat="35.34059" lon="128.94595">
        <ele>7.8</ele>
      </trkpt>
      <trkpt lat="35.34044" lon="128.946339">
        <ele>7.6</ele>
      </trkpt>
      <trkpt lat="35.34033" lon="128.94672">
        <ele>7.4</ele>
      </trkpt>
      <trkpt lat="35.34008" lon="128.94761">
        <ele>6.9</ele>
      </trkpt>
      <trkpt lat="35.33983" lon="128.9485">
        <ele>8.2</ele>
      </trkpt>
      <trkpt lat="35.33974" lon="128.948737">
        <ele>7.9</ele>
      </trkpt>
      <trkpt lat="35.33961" lon="128.949277">
        <ele>7.4</ele>
      </trkpt>
      <trkpt lat="35.33934" lon="128.95017">
        <ele>5.9</ele>
      </trkpt>
      <trkpt lat="35.33912" lon="128.95076">
        <ele>5.1</ele>
      </trkpt>
      <trkpt lat="35.33878" lon="128.951529">
        <ele>5.8</ele>
      </trkpt>
      <trkpt lat="35.33848" lon="128.952317">
        <ele>6.1</ele>
      </trkpt>
      <trkpt lat="35.33832" lon="128.95281">
        <ele>6.0</ele>
      </trkpt>
      <trkpt lat="35.33821" lon="128.95326">
        <ele>5.7</ele>
      </trkpt>
      <trkpt lat="35.33804" lon="128.95391">
        <ele>6.4</ele>
      </trkpt>
      <trkpt lat="35.33787" lon="128.95455">
        <ele>6.1</ele>
      </trkpt>
      <trkpt lat="35.33772" lon="128.95508">
        <ele>5.3</ele>
      </trkpt>
      <trkpt lat="35.33757" lon="128.9556">
        <ele>6.4</ele>
      </trkpt>
      <trkpt lat="35.3373" lon="128.95646">
        <ele>5.6</ele>
      </trkpt>
      <trkpt lat="35.33703" lon="128.95732">
        <ele>6.0</ele>
      </trkpt>
      <trkpt lat="35.33686" lon="128.95784">
        <ele>6.5</ele>
      </trkpt>
      <trkpt lat="35.33668" lon="128.95836">
        <ele>7.0</ele>
      </trkpt>
      <trkpt lat="35.33659" lon="128.95867">
        <ele>6.7</ele>
      </trkpt>
      <trkpt lat="35.33644" lon="128.95926">
        <ele>6.6</ele>
      </trkpt>
      <trkpt lat="35.33631" lon="128.96">
        <ele>7.1</ele>
      </trkpt>
      <trkpt lat="35.33625" lon="128.960208">
        <ele>7.3</ele>
      </trkpt>
      <trkpt lat="35.33611" lon="128.96052">
        <ele>7.3</ele>
      </trkpt>
      <trkpt lat="35.3359" lon="128.96089">
        <ele>7.2</ele>
      </trkpt>
      <trkpt lat="35.33582" lon="128.96108">
        <ele>7.0</ele>
      </trkpt>
      <trkpt lat="35.33573" lon="128.96135">
        <ele>6.8</ele>
      </trkpt>
      <trkpt lat="35.33566" lon="128.96171">
        <ele>6.6</ele>
      </trkpt>
      <trkpt lat="35.33559" lon="128.962099">
        <ele>6.0</ele>
      </trkpt>
      <trkpt lat="35.33554" lon="128.96251">
        <ele>5.3</ele>
      </trkpt>
      <trkpt lat="35.33549" lon="128.96275">
        <ele>5.3</ele>
      </trkpt>
      <trkpt lat="35.33542" lon="128.962989">
        <ele>5.4</ele>
      </trkpt>
      <trkpt lat="35.33509" lon="128.9639">
        <ele>4.6</ele>
      </trkpt>
      <trkpt lat="35.3349" lon="128.96452">
        <ele>5.2</ele>
      </trkpt>
      <trkpt lat="35.33477" lon="128.96498">
        <ele>6.7</ele>
      </trkpt>
      <trkpt lat="35.33465" lon="128.96539">
        <ele>6.4</ele>
      </trkpt>
      <trkpt lat="35.33455" lon="128.96562">
        <ele>6.1</ele>
      </trkpt>
      <trkpt lat="35.33444" lon="128.96581">
        <ele>5.7</ele>
      </trkpt>
      <trkpt lat="35.33428" lon="128.96613">
        <ele>5.2</ele>
      </trkpt>
      <trkpt lat="35.33405" lon="128.96668">
        <ele>4.9</ele>
      </trkpt>
      <trkpt lat="35.33383" lon="128.967188">
        <ele>4.7</ele>
      </trkpt>
      <trkpt lat="35.3336" lon="128.96769">
        <ele>3.4</ele>
      </trkpt>
      <trkpt lat="35.33334" lon="128.96813">
        <ele>0.8</ele>
      </trkpt>
      <trkpt lat="35.33324" lon="128.96834">
        <ele>0.0</ele>
      </trkpt>
      <trkpt lat="35.33308" lon="128.96882">
        <ele>1.8</ele>
      </trkpt>
      <trkpt lat="35.332918" lon="128.969425">
        <ele>3.0</ele>
      </trkpt>
      <trkpt lat="35.33292" lon="128.969428">
        <ele>3.0</ele>
      </trkpt>
      <trkpt lat="35.33286" lon="128.96964">
        <ele>2.8</ele>
      </trkpt>
      <trkpt lat="35.33284" lon="128.96981">
        <ele>2.7</ele>
      </trkpt>
      <trkpt lat="35.33284" lon="128.96991">
        <ele>2.7</ele>
      </trkpt>
      <trkpt lat="35.33287" lon="128.97">
        <ele>2.8</ele>
      </trkpt>
      <trkpt lat="35.33293" lon="128.97007">
        <ele>3.1</ele>
      </trkpt>
      <trkpt lat="35.33296" lon="128.970137">
        <ele>3.4</ele>
      </trkpt>
      <trkpt lat="35.33298" lon="128.97026">
        <ele>3.6</ele>
      </trkpt>
      <trkpt lat="35.33297" lon="128.97031">
        <ele>3.6</ele>
      </trkpt>
      <trkpt lat="35.33294" lon="128.97039">
        <ele>3.6</ele>
      </trkpt>
      <trkpt lat="35.33283" lon="128.97058">
        <ele>3.7</ele>
      </trkpt>
      <trkpt lat="35.33273" lon="128.97079">
        <ele>3.9</ele>
      </trkpt>
      <trkpt lat="35.33272" lon="128.97081">
        <ele>3.9</ele>
      </trkpt>
      <trkpt lat="35.3326" lon="128.97092">
        <ele>4.1</ele>
      </trkpt>
      <trkpt lat="35.33228" lon="128.97133">
        <ele>4.6</ele>
      </trkpt>
      <trkpt lat="35.33197" lon="128.97174">
        <ele>7.4</ele>
      </trkpt>
      <trkpt lat="35.33181" lon="128.9719">
        <ele>8.6</ele>
      </trkpt>
      <trkpt lat="35.33167" lon="128.97204">
        <ele>9.4</ele>
      </trkpt>
      <trkpt lat="35.33139" lon="128.97228">
        <ele>9.0</ele>
      </trkpt>
      <trkpt lat="35.33097" lon="128.97261">
        <ele>9.5</ele>
      </trkpt>
      <trkpt lat="35.33051" lon="128.972918">
        <ele>11.3</ele>
      </trkpt>
      <trkpt lat="35.33028" lon="128.97307">
        <ele>11.9</ele>
      </trkpt>
      <trkpt lat="35.33008" lon="128.97318">
        <ele>12.1</ele>
      </trkpt>
      <trkpt lat="35.32938" lon="128.973458">
        <ele>11.5</ele>
      </trkpt>
      <trkpt lat="35.32889" lon="128.97366">
        <ele>13.9</ele>
      </trkpt>
      <trkpt lat="35.32872" lon="128.973717">
        <ele>15.0</ele>
      </trkpt>
      <trkpt lat="35.32821" lon="128.973818">
        <ele>16.4</ele>
      </trkpt>
      <trkpt lat="35.32793" lon="128.97389">
        <ele>17.1</ele>
      </trkpt>
      <trkpt lat="35.32776" lon="128.97389">
        <ele>16.7</ele>
      </trkpt>
      <trkpt lat="35.32717" lon="128.97403">
        <ele>16.9</ele>
      </trkpt>
      <trkpt lat="35.32709" lon="128.97406">
        <ele>16.9</ele>
      </trkpt>
      <trkpt lat="35.32673" lon="128.97422">
        <ele>17.7</ele>
      </trkpt>
      <trkpt lat="35.32619" lon="128.97432">
        <ele>18.9</ele>
      </trkpt>
      <trkpt lat="35.32594" lon="128.974347">
        <ele>18.9</ele>
      </trkpt>
      <trkpt lat="35.32579" lon="128.974359">
        <ele>18.4</ele>
      </trkpt>
      <trkpt lat="35.32557" lon="128.97434">
        <ele>16.0</ele>
      </trkpt>
      <trkpt lat="35.32523" lon="128.97424">
        <ele>10.5</ele>
      </trkpt>
      <trkpt lat="35.32508" lon="128.97425">
        <ele>9.8</ele>
      </trkpt>
      <trkpt lat="35.32492" lon="128.97428">
        <ele>10.3</ele>
      </trkpt>
      <trkpt lat="35.32454" lon="128.974257">
        <ele>11.4</ele>
      </trkpt>
      <trkpt lat="35.32429" lon="128.974257">
        <ele>12.4</ele>
      </trkpt>
      <trkpt lat="35.32398" lon="128.97428">
        <ele>14.9</ele>
      </trkpt>
      <trkpt lat="35.32387" lon="128.974268">
        <ele>15.6</ele>
      </trkpt>
      <trkpt lat="35.32366" lon="128.97421">
        <ele>15.4</ele>
      </trkpt>
      <trkpt lat="35.32358" lon="128.97419">
        <ele>15.3</ele>
      </trkpt>
      <trkpt lat="35.32336" lon="128.97419">
        <ele>15.2</ele>
      </trkpt>
      <trkpt lat="35.32329" lon="128.974178">
        <ele>15.2</ele>
      </trkpt>
      <trkpt lat="35.32321" lon="128.97414">
        <ele>15.1</ele>
      </trkpt>
      <trkpt lat="35.32275" lon="128.973897">
        <ele>15.0</ele>
      </trkpt>
      <trkpt lat="35.32238" lon="128.973728">
        <ele>14.9</ele>
      </trkpt>
      <trkpt lat="35.3223" lon="128.97371">
        <ele>14.8</ele>
      </trkpt>
      <trkpt lat="35.32191" lon="128.97366">
        <ele>14.7</ele>
      </trkpt>
      <trkpt lat="35.32141" lon="128.973559">
        <ele>14.6</ele>
      </trkpt>
      <trkpt lat="35.32099" lon="128.97351">
        <ele>14.5</ele>
      </trkpt>
      <trkpt lat="35.32032" lon="128.97351">
        <ele>14.3</ele>
      </trkpt>
      <trkpt lat="35.32006" lon="128.97349">
        <ele>14.2</ele>
      </trkpt>
      <trkpt lat="35.32006" lon="128.97349">
        <ele>14.2</ele>
      </trkpt>
      <trkpt lat="35.31985" lon="128.973469">
        <ele>14.1</ele>
      </trkpt>
      <trkpt lat="35.31938" lon="128.97336">
        <ele>14.0</ele>
      </trkpt>
      <trkpt lat="35.31883" lon="128.9734">
        <ele>13.8</ele>
      </trkpt>
      <trkpt lat="35.31828" lon="128.9734">
        <ele>13.6</ele>
      </trkpt>
      <trkpt lat="35.31797" lon="128.97331">
        <ele>13.6</ele>
      </trkpt>
      <trkpt lat="35.31792" lon="128.97331">
        <ele>13.5</ele>
      </trkpt>
      <trkpt lat="35.31741" lon="128.9734">
        <ele>13.4</ele>
      </trkpt>
      <trkpt lat="35.31712" lon="128.97352">
        <ele>13.3</ele>
      </trkpt>
      <trkpt lat="35.317" lon="128.97357">
        <ele>13.3</ele>
      </trkpt>
      <trkpt lat="35.31694" lon="128.97362">
        <ele>13.2</ele>
      </trkpt>
      <trkpt lat="35.31682" lon="128.9738">
        <ele>13.2</ele>
      </trkpt>
      <trkpt lat="35.31666" lon="128.97385">
        <ele>13.1</ele>
      </trkpt>
      <trkpt lat="35.31647" lon="128.97394">
        <ele>13.1</ele>
      </trkpt>
      <trkpt lat="35.31632" lon="128.97395">
        <ele>13.0</ele>
      </trkpt>
      <trkpt lat="35.31623" lon="128.973998">
        <ele>13.0</ele>
      </trkpt>
      <trkpt lat="35.31623" lon="128.973998">
        <ele>13.0</ele>
      </trkpt>
      <trkpt lat="35.31623" lon="128.973998">
        <ele>13.0</ele>
      </trkpt>
      <trkpt lat="35.3158" lon="128.97424">
        <ele>12.9</ele>
      </trkpt>
      <trkpt lat="35.31554" lon="128.97441">
        <ele>12.8</ele>
      </trkpt>
      <trkpt lat="35.31522" lon="128.97468">
        <ele>12.7</ele>
      </trkpt>
      <trkpt lat="35.31499" lon="128.97484">
        <ele>12.0</ele>
      </trkpt>
      <trkpt lat="35.3148" lon="128.975">
        <ele>12.3</ele>
      </trkpt>
      <trkpt lat="35.31427" lon="128.975428">
        <ele>11.6</ele>
      </trkpt>
      <trkpt lat="35.31374" lon="128.975867">
        <ele>10.9</ele>
      </trkpt>
      <trkpt lat="35.31333" lon="128.97619">
        <ele>10.7</ele>
      </trkpt>
      <trkpt lat="35.31293" lon="128.976509">
        <ele>10.9</ele>
      </trkpt>
      <trkpt lat="35.31244" lon="128.97692">
        <ele>12.6</ele>
      </trkpt>
      <trkpt lat="35.31197" lon="128.97733">
        <ele>12.4</ele>
      </trkpt>
      <trkpt lat="35.31155" lon="128.97761">
        <ele>11.9</ele>
      </trkpt>
      <trkpt lat="35.31125" lon="128.977747">
        <ele>12.3</ele>
      </trkpt>
      <trkpt lat="35.31107" lon="128.97801">
        <ele>13.5</ele>
      </trkpt>
      <trkpt lat="35.31087" lon="128.97817">
        <ele>11.7</ele>
      </trkpt>
      <trkpt lat="35.31075" lon="128.97828">
        <ele>11.0</ele>
      </trkpt>
      <trkpt lat="35.3106" lon="128.97849">
        <ele>11.1</ele>
      </trkpt>
      <trkpt lat="35.3106" lon="128.97849">
        <ele>11.1</ele>
      </trkpt>
      <trkpt lat="35.31075" lon="128.97828">
        <ele>11.0</ele>
      </trkpt>
      <trkpt lat="35.31087" lon="128.97817">
        <ele>11.7</ele>
      </trkpt>
      <trkpt lat="35.31107" lon="128.97801">
        <ele>13.5</ele>
      </trkpt>
      <trkpt lat="35.31125" lon="128.977747">
        <ele>12.3</ele>
      </trkpt>
      <trkpt lat="35.31153" lon="128.97761">
        <ele>11.8</ele>
      </trkpt>
      <trkpt lat="35.31153" lon="128.97761">
        <ele>11.8</ele>
      </trkpt>
      <trkpt lat="35.31125" lon="128.977747">
        <ele>12.3</ele>
      </trkpt>
      <trkpt lat="35.31107" lon="128.97801">
        <ele>13.5</ele>
      </trkpt>
      <trkpt lat="35.31087" lon="128.97817">
        <ele>11.7</ele>
      </trkpt>
      <trkpt lat="35.31075" lon="128.97828">
        <ele>11.0</ele>
      </trkpt>
      <trkpt lat="35.31061" lon="128.978479">
        <ele>11.1</ele>
      </trkpt>
      <trkpt lat="35.31048" lon="128.9787">
        <ele>11.2</ele>
      </trkpt>
      <trkpt lat="35.31048" lon="128.9787">
        <ele>11.2</ele>
      </trkpt>
      <trkpt lat="35.31041" lon="128.97882">
        <ele>11.0</ele>
      </trkpt>
      <trkpt lat="35.31035" lon="128.9789">
        <ele>10.7</ele>
      </trkpt>
      <trkpt lat="35.31024" lon="128.97896">
        <ele>9.6</ele>
      </trkpt>
      <trkpt lat="35.31025" lon="128.97907">
        <ele>10.2</ele>
      </trkpt>
      <trkpt lat="35.31024" lon="128.97913">
        <ele>10.3</ele>
      </trkpt>
      <trkpt lat="35.310242" lon="128.979132">
        <ele>10.3</ele>
      </trkpt>
      <trkpt lat="35.31024" lon="128.97915">
        <ele>10.4</ele>
      </trkpt>
      <trkpt lat="35.31016" lon="128.97927">
        <ele>9.4</ele>
      </trkpt>
      <trkpt lat="35.30988" lon="128.97966">
        <ele>7.4</ele>
      </trkpt>
      <trkpt lat="35.30938" lon="128.98029">
        <ele>7.3</ele>
      </trkpt>
      <trkpt lat="35.30909" lon="128.980888">
        <ele>6.8</ele>
      </trkpt>
      <trkpt lat="35.3089" lon="128.98124">
        <ele>6.4</ele>
      </trkpt>
      <trkpt lat="35.30855" lon="128.981788">
        <ele>5.6</ele>
      </trkpt>
      <trkpt lat="35.3085" lon="128.98191">
        <ele>5.6</ele>
      </trkpt>
      <trkpt lat="35.30862" lon="128.98199">
        <ele>5.7</ele>
      </trkpt>
      <trkpt lat="35.30877" lon="128.98213">
        <ele>5.8</ele>
      </trkpt>
      <trkpt lat="35.30906" lon="128.98237">
        <ele>6.1</ele>
      </trkpt>
      <trkpt lat="35.30928" lon="128.98258">
        <ele>5.9</ele>
      </trkpt>
      <trkpt lat="35.30932" lon="128.9827">
        <ele>5.8</ele>
      </trkpt>
      <trkpt lat="35.30933" lon="128.98279">
        <ele>5.8</ele>
      </trkpt>
      <trkpt lat="35.30932" lon="128.98301">
        <ele>5.6</ele>
      </trkpt>
      <trkpt lat="35.30911" lon="128.983229">
        <ele>5.1</ele>
      </trkpt>
      <trkpt lat="35.30899" lon="128.98338">
        <ele>5.0</ele>
      </trkpt>
      <trkpt lat="35.30882" lon="128.98365">
        <ele>4.8</ele>
      </trkpt>
      <trkpt lat="35.30857" lon="128.98413">
        <ele>4.3</ele>
      </trkpt>
      <trkpt lat="35.30847" lon="128.98428">
        <ele>4.3</ele>
      </trkpt>
      <trkpt lat="35.30832" lon="128.9845">
        <ele>4.4</ele>
      </trkpt>
      <trkpt lat="35.30798" lon="128.98496">
        <ele>6.2</ele>
      </trkpt>
      <trkpt lat="35.30785" lon="128.98515">
        <ele>6.6</ele>
      </trkpt>
      <trkpt lat="35.30767" lon="128.985447">
        <ele>7.0</ele>
      </trkpt>
      <trkpt lat="35.30766" lon="128.98549">
        <ele>6.9</ele>
      </trkpt>
      <trkpt lat="35.30766" lon="128.98549">
        <ele>6.9</ele>
      </trkpt>
      <trkpt lat="35.30764" lon="128.985548">
        <ele>6.9</ele>
      </trkpt>
      <trkpt lat="35.30761" lon="128.985548">
        <ele>7.0</ele>
      </trkpt>
      <trkpt lat="35.30758" lon="128.985559">
        <ele>7.1</ele>
      </trkpt>
      <trkpt lat="35.30749" lon="128.985537">
        <ele>7.4</ele>
      </trkpt>
      <trkpt lat="35.30747" lon="128.985559">
        <ele>7.4</ele>
      </trkpt>
    </trkseg>
  </trk>
</gpx>
