<?xml version="1.0" encoding="UTF-8"?>
<gpx xmlns:xsi="http://www.w3.org/2001/XMLSchema-instance" xmlns="http://www.topografix.com/GPX/1/1" xmlns:gpxdata="http://www.cluetrust.com/XML/GPXDATA/1/0" xsi:schemaLocation="http://www.topografix.com/GPX/1/1 http://www.topografix.com/GPX/1/1/gpx.xsd http://www.cluetrust.com/XML/GPXDATA/1/0 http://www.cluetrust.com/Schemas/gpxdata10.xsd" version="1.1" creator="http://ridewithgps.com/">
  <metadata>
    <name>PT-64 태백 어드벤처 Taebaek Adventure</name>
    <link href="https://ridewithgps.com/routes/41788880">
      <text>PT-64 태백 어드벤처 Taebaek Adventure</text>
    </link>
    <time>2023-01-15T13:35:59Z</time>
  </metadata>
  <wpt lon="128.8993144" lat="37.148449">
    <name>Control</name>
    <cmt>CP01</cmt>
    <desc>CP01</desc>
    <sym>Dot</sym>
    <type>Dot</type>
  </wpt>
  <wpt lon="128.8728965" lat="37.2822051">
    <name>Control</name>
    <cmt>CP02</cmt>
    <desc>CP02</desc>
    <sym>Dot</sym>
    <type>Dot</type>
  </wpt>
  <wpt lon="128.776957" lat="37.2459023">
    <name>Control</name>
    <cmt>CP03</cmt>
    <desc>CP03</desc>
    <sym>Dot</sym>
    <type>Dot</type>
  </wpt>
  <wpt lon="128.78552" lat="37.3389617">
    <name>Control</name>
    <cmt>CP04</cmt>
    <desc>CP04</desc>
    <sym>Dot</sym>
    <type>Dot</type>
  </wpt>
  <wpt lon="128.765178" lat="37.2909675">
    <name>Control</name>
    <cmt>CP05</cmt>
    <desc>CP05</desc>
    <sym>Dot</sym>
    <type>Dot</type>
  </wpt>
  <wpt lon="128.7106582" lat="37.3364633">
    <name>Control</name>
    <cmt>CP06</cmt>
    <desc>CP06</desc>
    <sym>Dot</sym>
    <type>Dot</type>
  </wpt>
  <wpt lon="128.7967687" lat="37.4907566">
    <name>Control</name>
    <cmt>CP07</cmt>
    <desc>CP07</desc>
    <sym>Dot</sym>
    <type>Dot</type>
  </wpt>
  <wpt lon="128.8882118" lat="37.3183752">
    <name>Control</name>
    <cmt>CP08</cmt>
    <desc>CP08</desc>
    <sym>Dot</sym>
    <type>Dot</type>
  </wpt>
  <wpt lon="128.9850559" lat="37.1769597">
    <name>Control</name>
    <cmt>Finish</cmt>
    <desc>Finish</desc>
    <sym>Dot</sym>
    <type>Dot</type>
  </wpt>
  <wpt lon="128.89926291382392" lat="37.1484525676604">
    <name>CP01</name>
    <sym>Dot</sym>
    <type>Dot</type>
  </wpt>
  <wpt lon="128.8728940102363" lat="37.2821924531371">
    <name>CP02</name>
    <sym>Dot</sym>
    <type>Dot</type>
  </wpt>
  <wpt lon="128.77695143978167" lat="37.24592637023488">
    <name>CP03</name>
    <sym>Dot</sym>
    <type>Dot</type>
  </wpt>
  <wpt lon="128.78552238148276" lat="37.33895400332847">
    <name>CP04</name>
    <sym>Dot</sym>
    <type>Dot</type>
  </wpt>
  <wpt lon="128.76519604852984" lat="37.29096666333676">
    <name>CP05</name>
    <sym>Dot</sym>
    <type>Dot</type>
  </wpt>
  <wpt lon="128.71066589888903" lat="37.336455323653084">
    <name>CP06</name>
    <sym>Dot</sym>
    <type>Dot</type>
  </wpt>
  <wpt lon="128.79677999999998" lat="37.4907617">
    <name>CP07</name>
    <sym>Dot</sym>
    <type>Dot</type>
  </wpt>
  <wpt lon="128.8882032283514" lat="37.318348849452086">
    <name>CP08</name>
    <sym>Dot</sym>
    <type>Dot</type>
  </wpt>
  <wpt lon="128.98505593159015" lat="37.17694076348665">
    <name>Finish</name>
    <sym>Dot</sym>
    <type>Dot</type>
  </wpt>
  <trk>
    <name>PT-64 태백 어드벤처 Taebaek Adventure</name>
    <trkseg>
      <trkpt lat="37.176872" lon="128.984958">
        <ele>702.9</ele>
      </trkpt>
      <trkpt lat="37.176509" lon="128.984545">
        <ele>705.4</ele>
      </trkpt>
      <trkpt lat="37.176496" lon="128.984416">
        <ele>705.9</ele>
      </trkpt>
      <trkpt lat="37.176433" lon="128.9843349">
        <ele>706.5</ele>
      </trkpt>
      <trkpt lat="37.176325" lon="128.984363">
        <ele>706.9</ele>
      </trkpt>
      <trkpt lat="37.176278" lon="128.984491">
        <ele>706.7</ele>
      </trkpt>
      <trkpt lat="37.176179" lon="128.984651">
        <ele>706.6</ele>
      </trkpt>
      <trkpt lat="37.175996" lon="128.984765">
        <ele>707.1</ele>
      </trkpt>
      <trkpt lat="37.175492" lon="128.985806">
        <ele>707.0</ele>
      </trkpt>
      <trkpt lat="37.174932" lon="128.987179">
        <ele>702.6</ele>
      </trkpt>
      <trkpt lat="37.174331" lon="128.987865">
        <ele>705.2</ele>
      </trkpt>
      <trkpt lat="37.174326" lon="128.987865">
        <ele>705.3</ele>
      </trkpt>
      <trkpt lat="37.173171" lon="128.988981">
        <ele>700.3</ele>
      </trkpt>
      <trkpt lat="37.172436" lon="128.989614">
        <ele>697.2</ele>
      </trkpt>
      <trkpt lat="37.171598" lon="128.990242">
        <ele>694.7</ele>
      </trkpt>
      <trkpt lat="37.171286" lon="128.989684">
        <ele>704.0</ele>
      </trkpt>
      <trkpt lat="37.171089" lon="128.989233">
        <ele>710.2</ele>
      </trkpt>
      <trkpt lat="37.171123" lon="128.988777">
        <ele>714.9</ele>
      </trkpt>
      <trkpt lat="37.1711529" lon="128.988311">
        <ele>719.6</ele>
      </trkpt>
      <trkpt lat="37.171051" lon="128.987957">
        <ele>724.8</ele>
      </trkpt>
      <trkpt lat="37.17085" lon="128.987678">
        <ele>728.7</ele>
      </trkpt>
      <trkpt lat="37.170525" lon="128.987522">
        <ele>729.7</ele>
      </trkpt>
      <trkpt lat="37.169735" lon="128.987241">
        <ele>731.2</ele>
      </trkpt>
      <trkpt lat="37.168982" lon="128.986991">
        <ele>728.0</ele>
      </trkpt>
      <trkpt lat="37.167845" lon="128.986594">
        <ele>726.0</ele>
      </trkpt>
      <trkpt lat="37.166652" lon="128.986074">
        <ele>717.8</ele>
      </trkpt>
      <trkpt lat="37.165588" lon="128.9856069">
        <ele>709.0</ele>
      </trkpt>
      <trkpt lat="37.165366" lon="128.9854499">
        <ele>709.0</ele>
      </trkpt>
      <trkpt lat="37.165006" lon="128.985182">
        <ele>709.1</ele>
      </trkpt>
      <trkpt lat="37.1647109" lon="128.984878">
        <ele>707.3</ele>
      </trkpt>
      <trkpt lat="37.164369" lon="128.984588">
        <ele>701.5</ele>
      </trkpt>
      <trkpt lat="37.1639849" lon="128.984427">
        <ele>698.7</ele>
      </trkpt>
      <trkpt lat="37.163454" lon="128.984427">
        <ele>700.6</ele>
      </trkpt>
      <trkpt lat="37.162779" lon="128.984631">
        <ele>697.3</ele>
      </trkpt>
      <trkpt lat="37.162266" lon="128.98491">
        <ele>691.2</ele>
      </trkpt>
      <trkpt lat="37.161411" lon="128.985714">
        <ele>682.8</ele>
      </trkpt>
      <trkpt lat="37.160907" lon="128.986122">
        <ele>675.9</ele>
      </trkpt>
      <trkpt lat="37.159658" lon="128.986229">
        <ele>672.7</ele>
      </trkpt>
      <trkpt lat="37.157657" lon="128.986423">
        <ele>681.4</ele>
      </trkpt>
      <trkpt lat="37.155477" lon="128.98675">
        <ele>675.2</ele>
      </trkpt>
      <trkpt lat="37.155131" lon="128.986546">
        <ele>675.7</ele>
      </trkpt>
      <trkpt lat="37.1549" lon="128.986052">
        <ele>676.6</ele>
      </trkpt>
      <trkpt lat="37.154699" lon="128.985629">
        <ele>679.8</ele>
      </trkpt>
      <trkpt lat="37.154404" lon="128.984937">
        <ele>682.0</ele>
      </trkpt>
      <trkpt lat="37.154323" lon="128.983939">
        <ele>681.3</ele>
      </trkpt>
      <trkpt lat="37.154224" lon="128.982839">
        <ele>685.6</ele>
      </trkpt>
      <trkpt lat="37.154169" lon="128.982233">
        <ele>688.0</ele>
      </trkpt>
      <trkpt lat="37.15401" lon="128.981058">
        <ele>689.8</ele>
      </trkpt>
      <trkpt lat="37.1541039" lon="128.9803499">
        <ele>689.7</ele>
      </trkpt>
      <trkpt lat="37.1542109" lon="128.979674">
        <ele>692.3</ele>
      </trkpt>
      <trkpt lat="37.154716" lon="128.977657">
        <ele>705.3</ele>
      </trkpt>
      <trkpt lat="37.156982" lon="128.972593">
        <ele>723.0</ele>
      </trkpt>
      <trkpt lat="37.157298" lon="128.971488">
        <ele>723.9</ele>
      </trkpt>
      <trkpt lat="37.15776" lon="128.969653">
        <ele>732.0</ele>
      </trkpt>
      <trkpt lat="37.158692" lon="128.966113">
        <ele>744.7</ele>
      </trkpt>
      <trkpt lat="37.159188" lon="128.964107">
        <ele>753.5</ele>
      </trkpt>
      <trkpt lat="37.159154" lon="128.9636669">
        <ele>756.8</ele>
      </trkpt>
      <trkpt lat="37.158983" lon="128.963077">
        <ele>764.5</ele>
      </trkpt>
      <trkpt lat="37.158777" lon="128.9621">
        <ele>778.6</ele>
      </trkpt>
      <trkpt lat="37.158948" lon="128.961521">
        <ele>780.2</ele>
      </trkpt>
      <trkpt lat="37.158923" lon="128.960523">
        <ele>796.6</ele>
      </trkpt>
      <trkpt lat="37.159175" lon="128.959954">
        <ele>789.0</ele>
      </trkpt>
      <trkpt lat="37.159149" lon="128.959515">
        <ele>791.6</ele>
      </trkpt>
      <trkpt lat="37.158948" lon="128.959112">
        <ele>802.4</ele>
      </trkpt>
      <trkpt lat="37.158478" lon="128.954966">
        <ele>842.3</ele>
      </trkpt>
      <trkpt lat="37.158388" lon="128.95444">
        <ele>854.1</ele>
      </trkpt>
      <trkpt lat="37.158183" lon="128.95386">
        <ele>865.9</ele>
      </trkpt>
      <trkpt lat="37.1577259" lon="128.953179">
        <ele>877.5</ele>
      </trkpt>
      <trkpt lat="37.15717" lon="128.952562">
        <ele>899.4</ele>
      </trkpt>
      <trkpt lat="37.157106" lon="128.952214">
        <ele>904.6</ele>
      </trkpt>
      <trkpt lat="37.157136" lon="128.951961">
        <ele>905.4</ele>
      </trkpt>
      <trkpt lat="37.157255" lon="128.951747">
        <ele>903.4</ele>
      </trkpt>
      <trkpt lat="37.157486" lon="128.95164">
        <ele>898.0</ele>
      </trkpt>
      <trkpt lat="37.158482" lon="128.951613">
        <ele>912.7</ele>
      </trkpt>
      <trkpt lat="37.158726" lon="128.951468">
        <ele>919.3</ele>
      </trkpt>
      <trkpt lat="37.158816" lon="128.951151">
        <ele>925.2</ele>
      </trkpt>
      <trkpt lat="37.15876" lon="128.950722">
        <ele>929.9</ele>
      </trkpt>
      <trkpt lat="37.158299" lon="128.950336">
        <ele>927.8</ele>
      </trkpt>
      <trkpt lat="37.157871" lon="128.949515">
        <ele>937.4</ele>
      </trkpt>
      <trkpt lat="37.157696" lon="128.949354">
        <ele>939.0</ele>
      </trkpt>
      <trkpt lat="37.157465" lon="128.949317">
        <ele>939.0</ele>
      </trkpt>
      <trkpt lat="37.1566649" lon="128.949435">
        <ele>949.9</ele>
      </trkpt>
      <trkpt lat="37.156114" lon="128.949698">
        <ele>960.2</ele>
      </trkpt>
      <trkpt lat="37.1558149" lon="128.949794">
        <ele>966.2</ele>
      </trkpt>
      <trkpt lat="37.155584" lon="128.9497189">
        <ele>964.7</ele>
      </trkpt>
      <trkpt lat="37.155118" lon="128.949167">
        <ele>973.6</ele>
      </trkpt>
      <trkpt lat="37.154682" lon="128.948904">
        <ele>976.6</ele>
      </trkpt>
      <trkpt lat="37.15422" lon="128.948689">
        <ele>977.8</ele>
      </trkpt>
      <trkpt lat="37.154036" lon="128.94841">
        <ele>987.6</ele>
      </trkpt>
      <trkpt lat="37.153805" lon="128.947927">
        <ele>1000.3</ele>
      </trkpt>
      <trkpt lat="37.153677" lon="128.947847">
        <ele>1001.2</ele>
      </trkpt>
      <trkpt lat="37.153403" lon="128.947922">
        <ele>995.7</ele>
      </trkpt>
      <trkpt lat="37.152954" lon="128.9481209">
        <ele>989.7</ele>
      </trkpt>
      <trkpt lat="37.152743" lon="128.948077">
        <ele>991.5</ele>
      </trkpt>
      <trkpt lat="37.152322" lon="128.947901">
        <ele>998.8</ele>
      </trkpt>
      <trkpt lat="37.151941" lon="128.947756">
        <ele>1004.5</ele>
      </trkpt>
      <trkpt lat="37.151402" lon="128.947681">
        <ele>1011.3</ele>
      </trkpt>
      <trkpt lat="37.151261" lon="128.947745">
        <ele>1012.0</ele>
      </trkpt>
      <trkpt lat="37.1511319" lon="128.947838">
        <ele>1012.2</ele>
      </trkpt>
      <trkpt lat="37.150949" lon="128.948389">
        <ele>1005.4</ele>
      </trkpt>
      <trkpt lat="37.150804" lon="128.948673">
        <ele>1003.4</ele>
      </trkpt>
      <trkpt lat="37.150466" lon="128.948716">
        <ele>1004.2</ele>
      </trkpt>
      <trkpt lat="37.149987" lon="128.948614">
        <ele>1008.6</ele>
      </trkpt>
      <trkpt lat="37.149799" lon="128.948432">
        <ele>1016.3</ele>
      </trkpt>
      <trkpt lat="37.14976" lon="128.948029">
        <ele>1024.7</ele>
      </trkpt>
      <trkpt lat="37.1498459" lon="128.947885">
        <ele>1025.6</ele>
      </trkpt>
      <trkpt lat="37.149959" lon="128.947813">
        <ele>1024.8</ele>
      </trkpt>
      <trkpt lat="37.150201" lon="128.947649">
        <ele>1025.5</ele>
      </trkpt>
      <trkpt lat="37.150338" lon="128.947396">
        <ele>1029.9</ele>
      </trkpt>
      <trkpt lat="37.150286" lon="128.947075">
        <ele>1038.7</ele>
      </trkpt>
      <trkpt lat="37.150167" lon="128.946892">
        <ele>1043.9</ele>
      </trkpt>
      <trkpt lat="37.149957" lon="128.946838">
        <ele>1046.3</ele>
      </trkpt>
      <trkpt lat="37.149428" lon="128.946968">
        <ele>1049.6</ele>
      </trkpt>
      <trkpt lat="37.149247" lon="128.947101">
        <ele>1049.7</ele>
      </trkpt>
      <trkpt lat="37.14903" lon="128.94765">
        <ele>1046.7</ele>
      </trkpt>
      <trkpt lat="37.148961" lon="128.947847">
        <ele>1045.6</ele>
      </trkpt>
      <trkpt lat="37.148852" lon="128.947917">
        <ele>1047.6</ele>
      </trkpt>
      <trkpt lat="37.148448" lon="128.947938">
        <ele>1058.8</ele>
      </trkpt>
      <trkpt lat="37.148358" lon="128.948036">
        <ele>1059.6</ele>
      </trkpt>
      <trkpt lat="37.148071" lon="128.948459">
        <ele>1059.3</ele>
      </trkpt>
      <trkpt lat="37.147832" lon="128.948448">
        <ele>1064.8</ele>
      </trkpt>
      <trkpt lat="37.147734" lon="128.948319">
        <ele>1067.2</ele>
      </trkpt>
      <trkpt lat="37.147682" lon="128.948099">
        <ele>1068.1</ele>
      </trkpt>
      <trkpt lat="37.147764" lon="128.947976">
        <ele>1067.2</ele>
      </trkpt>
      <trkpt lat="37.147879" lon="128.947842">
        <ele>1066.7</ele>
      </trkpt>
      <trkpt lat="37.148418" lon="128.947573">
        <ele>1066.2</ele>
      </trkpt>
      <trkpt lat="37.148491" lon="128.947348">
        <ele>1066.9</ele>
      </trkpt>
      <trkpt lat="37.1484219" lon="128.94657">
        <ele>1076.0</ele>
      </trkpt>
      <trkpt lat="37.148358" lon="128.946028">
        <ele>1077.2</ele>
      </trkpt>
      <trkpt lat="37.148413" lon="128.94554">
        <ele>1076.0</ele>
      </trkpt>
      <trkpt lat="37.148632" lon="128.944961">
        <ele>1084.0</ele>
      </trkpt>
      <trkpt lat="37.149042" lon="128.94407">
        <ele>1099.3</ele>
      </trkpt>
      <trkpt lat="37.14914" lon="128.943786">
        <ele>1098.8</ele>
      </trkpt>
      <trkpt lat="37.149341" lon="128.9435389">
        <ele>1101.4</ele>
      </trkpt>
      <trkpt lat="37.149782" lon="128.943228">
        <ele>1110.0</ele>
      </trkpt>
      <trkpt lat="37.150034" lon="128.943158">
        <ele>1117.3</ele>
      </trkpt>
      <trkpt lat="37.1502989" lon="128.943132">
        <ele>1122.1</ele>
      </trkpt>
      <trkpt lat="37.150744" lon="128.943416">
        <ele>1133.2</ele>
      </trkpt>
      <trkpt lat="37.151022" lon="128.943486">
        <ele>1133.1</ele>
      </trkpt>
      <trkpt lat="37.151569" lon="128.9434">
        <ele>1132.6</ele>
      </trkpt>
      <trkpt lat="37.151924" lon="128.943454">
        <ele>1132.7</ele>
      </trkpt>
      <trkpt lat="37.152347" lon="128.943534">
        <ele>1132.3</ele>
      </trkpt>
      <trkpt lat="37.152523" lon="128.943518">
        <ele>1133.3</ele>
      </trkpt>
      <trkpt lat="37.152937" lon="128.943207">
        <ele>1137.2</ele>
      </trkpt>
      <trkpt lat="37.153442" lon="128.942719">
        <ele>1145.3</ele>
      </trkpt>
      <trkpt lat="37.154164" lon="128.941501">
        <ele>1160.2</ele>
      </trkpt>
      <trkpt lat="37.154729" lon="128.941093">
        <ele>1164.4</ele>
      </trkpt>
      <trkpt lat="37.155109" lon="128.9406909">
        <ele>1169.9</ele>
      </trkpt>
      <trkpt lat="37.155361" lon="128.940374">
        <ele>1174.6</ele>
      </trkpt>
      <trkpt lat="37.155708" lon="128.939741">
        <ele>1186.4</ele>
      </trkpt>
      <trkpt lat="37.155896" lon="128.939559">
        <ele>1189.1</ele>
      </trkpt>
      <trkpt lat="37.156217" lon="128.93935">
        <ele>1191.0</ele>
      </trkpt>
      <trkpt lat="37.156982" lon="128.938872">
        <ele>1195.7</ele>
      </trkpt>
      <trkpt lat="37.1573149" lon="128.938475">
        <ele>1202.7</ele>
      </trkpt>
      <trkpt lat="37.15782" lon="128.937429">
        <ele>1221.7</ele>
      </trkpt>
      <trkpt lat="37.157871" lon="128.937113">
        <ele>1228.8</ele>
      </trkpt>
      <trkpt lat="37.157798" lon="128.936802">
        <ele>1236.4</ele>
      </trkpt>
      <trkpt lat="37.157655" lon="128.936536">
        <ele>1242.8</ele>
      </trkpt>
      <trkpt lat="37.157285" lon="128.936201">
        <ele>1252.3</ele>
      </trkpt>
      <trkpt lat="37.156999" lon="128.93612">
        <ele>1256.5</ele>
      </trkpt>
      <trkpt lat="37.156785" lon="128.936185">
        <ele>1257.9</ele>
      </trkpt>
      <trkpt lat="37.15664" lon="128.936437">
        <ele>1257.1</ele>
      </trkpt>
      <trkpt lat="37.156452" lon="128.936877">
        <ele>1254.9</ele>
      </trkpt>
      <trkpt lat="37.156225" lon="128.937065">
        <ele>1255.0</ele>
      </trkpt>
      <trkpt lat="37.155917" lon="128.937102">
        <ele>1258.7</ele>
      </trkpt>
      <trkpt lat="37.155584" lon="128.937065">
        <ele>1258.1</ele>
      </trkpt>
      <trkpt lat="37.155374" lon="128.936941">
        <ele>1258.3</ele>
      </trkpt>
      <trkpt lat="37.155225" lon="128.936721">
        <ele>1260.7</ele>
      </trkpt>
      <trkpt lat="37.155066" lon="128.935729">
        <ele>1274.4</ele>
      </trkpt>
      <trkpt lat="37.154921" lon="128.935289">
        <ele>1277.7</ele>
      </trkpt>
      <trkpt lat="37.154789" lon="128.93479">
        <ele>1277.7</ele>
      </trkpt>
      <trkpt lat="37.154874" lon="128.934034">
        <ele>1286.7</ele>
      </trkpt>
      <trkpt lat="37.155002" lon="128.933154">
        <ele>1292.8</ele>
      </trkpt>
      <trkpt lat="37.155007" lon="128.9326869">
        <ele>1294.7</ele>
      </trkpt>
      <trkpt lat="37.154917" lon="128.932247">
        <ele>1295.6</ele>
      </trkpt>
      <trkpt lat="37.154592" lon="128.9312119">
        <ele>1295.6</ele>
      </trkpt>
      <trkpt lat="37.154596" lon="128.930836">
        <ele>1299.6</ele>
      </trkpt>
      <trkpt lat="37.154891" lon="128.930091">
        <ele>1310.9</ele>
      </trkpt>
      <trkpt lat="37.155203" lon="128.92927">
        <ele>1320.9</ele>
      </trkpt>
      <trkpt lat="37.155639" lon="128.927693">
        <ele>1337.9</ele>
      </trkpt>
      <trkpt lat="37.155661" lon="128.927392">
        <ele>1340.6</ele>
      </trkpt>
      <trkpt lat="37.155562" lon="128.926963">
        <ele>1341.7</ele>
      </trkpt>
      <trkpt lat="37.155332" lon="128.92654">
        <ele>1338.4</ele>
      </trkpt>
      <trkpt lat="37.15484" lon="128.925874">
        <ele>1331.4</ele>
      </trkpt>
      <trkpt lat="37.154618" lon="128.925402">
        <ele>1334.3</ele>
      </trkpt>
      <trkpt lat="37.154489" lon="128.924662">
        <ele>1341.1</ele>
      </trkpt>
      <trkpt lat="37.154528" lon="128.923906">
        <ele>1344.3</ele>
      </trkpt>
      <trkpt lat="37.154746" lon="128.923117">
        <ele>1339.3</ele>
      </trkpt>
      <trkpt lat="37.154998" lon="128.922683">
        <ele>1332.8</ele>
      </trkpt>
      <trkpt lat="37.155913" lon="128.921588">
        <ele>1327.6</ele>
      </trkpt>
      <trkpt lat="37.156403" lon="128.921186">
        <ele>1328.1</ele>
      </trkpt>
      <trkpt lat="37.156691" lon="128.920708">
        <ele>1320.5</ele>
      </trkpt>
      <trkpt lat="37.157228" lon="128.919863">
        <ele>1321.6</ele>
      </trkpt>
      <trkpt lat="37.1573459" lon="128.919332">
        <ele>1324.1</ele>
      </trkpt>
      <trkpt lat="37.157206" lon="128.918913">
        <ele>1324.8</ele>
      </trkpt>
      <trkpt lat="37.156538" lon="128.918161">
        <ele>1321.7</ele>
      </trkpt>
      <trkpt lat="37.156255" lon="128.917629">
        <ele>1327.9</ele>
      </trkpt>
      <trkpt lat="37.156037" lon="128.916969">
        <ele>1332.4</ele>
      </trkpt>
      <trkpt lat="37.155748" lon="128.916484">
        <ele>1330.9</ele>
      </trkpt>
      <trkpt lat="37.154767" lon="128.915838">
        <ele>1328.2</ele>
      </trkpt>
      <trkpt lat="37.154596" lon="128.915376">
        <ele>1330.3</ele>
      </trkpt>
      <trkpt lat="37.154536" lon="128.91484">
        <ele>1332.3</ele>
      </trkpt>
      <trkpt lat="37.154382" lon="128.914279">
        <ele>1330.6</ele>
      </trkpt>
      <trkpt lat="37.154081" lon="128.9135609">
        <ele>1321.9</ele>
      </trkpt>
      <trkpt lat="37.15375" lon="128.913295">
        <ele>1320.0</ele>
      </trkpt>
      <trkpt lat="37.153467" lon="128.913295">
        <ele>1322.7</ele>
      </trkpt>
      <trkpt lat="37.153257" lon="128.913395">
        <ele>1326.0</ele>
      </trkpt>
      <trkpt lat="37.152835" lon="128.913692">
        <ele>1327.6</ele>
      </trkpt>
      <trkpt lat="37.152647" lon="128.913627">
        <ele>1326.3</ele>
      </trkpt>
      <trkpt lat="37.152441" lon="128.913434">
        <ele>1326.3</ele>
      </trkpt>
      <trkpt lat="37.152023" lon="128.912787">
        <ele>1324.1</ele>
      </trkpt>
      <trkpt lat="37.151808" lon="128.912619">
        <ele>1324.6</ele>
      </trkpt>
      <trkpt lat="37.1515119" lon="128.912518">
        <ele>1325.7</ele>
      </trkpt>
      <trkpt lat="37.150851" lon="128.912576">
        <ele>1328.0</ele>
      </trkpt>
      <trkpt lat="37.15038" lon="128.912372">
        <ele>1329.3</ele>
      </trkpt>
      <trkpt lat="37.150312" lon="128.912072">
        <ele>1329.5</ele>
      </trkpt>
      <trkpt lat="37.150307" lon="128.911595">
        <ele>1328.7</ele>
      </trkpt>
      <trkpt lat="37.150252" lon="128.910366">
        <ele>1321.5</ele>
      </trkpt>
      <trkpt lat="37.150372" lon="128.90969">
        <ele>1312.6</ele>
      </trkpt>
      <trkpt lat="37.150338" lon="128.909336">
        <ele>1310.4</ele>
      </trkpt>
      <trkpt lat="37.150265" lon="128.909041">
        <ele>1309.4</ele>
      </trkpt>
      <trkpt lat="37.150124" lon="128.908767">
        <ele>1310.1</ele>
      </trkpt>
      <trkpt lat="37.150055" lon="128.908381">
        <ele>1307.0</ele>
      </trkpt>
      <trkpt lat="37.149996" lon="128.907179">
        <ele>1300.2</ele>
      </trkpt>
      <trkpt lat="37.150065" lon="128.906552">
        <ele>1294.9</ele>
      </trkpt>
      <trkpt lat="37.150253" lon="128.905598">
        <ele>1286.9</ele>
      </trkpt>
      <trkpt lat="37.15009" lon="128.904906">
        <ele>1286.3</ele>
      </trkpt>
      <trkpt lat="37.150047" lon="128.904433">
        <ele>1282.5</ele>
      </trkpt>
      <trkpt lat="37.15009" lon="128.904014">
        <ele>1276.1</ele>
      </trkpt>
      <trkpt lat="37.149823" lon="128.903626">
        <ele>1276.0</ele>
      </trkpt>
      <trkpt lat="37.1497079" lon="128.903142">
        <ele>1269.7</ele>
      </trkpt>
      <trkpt lat="37.149491" lon="128.902373">
        <ele>1262.2</ele>
      </trkpt>
      <trkpt lat="37.149038" lon="128.9021799">
        <ele>1266.5</ele>
      </trkpt>
      <trkpt lat="37.14861" lon="128.901987">
        <ele>1267.1</ele>
      </trkpt>
      <trkpt lat="37.148285" lon="128.901772">
        <ele>1266.5</ele>
      </trkpt>
      <trkpt lat="37.1482249" lon="128.901461">
        <ele>1268.2</ele>
      </trkpt>
      <trkpt lat="37.148319" lon="128.901128">
        <ele>1274.0</ele>
      </trkpt>
      <trkpt lat="37.148371" lon="128.90071">
        <ele>1278.3</ele>
      </trkpt>
      <trkpt lat="37.148294" lon="128.899787">
        <ele>1285.6</ele>
      </trkpt>
      <trkpt lat="37.148311" lon="128.8992079">
        <ele>1286.1</ele>
      </trkpt>
      <trkpt lat="37.148456" lon="128.8992079">
        <ele>1285.6</ele>
      </trkpt>
      <trkpt lat="37.148449" lon="128.899314">
        <ele>1285.2</ele>
      </trkpt>
      <trkpt lat="37.1484219" lon="128.899712">
        <ele>1284.2</ele>
      </trkpt>
      <trkpt lat="37.148473" lon="128.900592">
        <ele>1277.4</ele>
      </trkpt>
      <trkpt lat="37.148465" lon="128.900989">
        <ele>1273.7</ele>
      </trkpt>
      <trkpt lat="37.148354" lon="128.9014819">
        <ele>1269.2</ele>
      </trkpt>
      <trkpt lat="37.148456" lon="128.901718">
        <ele>1266.4</ele>
      </trkpt>
      <trkpt lat="37.14891" lon="128.901933">
        <ele>1265.0</ele>
      </trkpt>
      <trkpt lat="37.149423" lon="128.902137">
        <ele>1260.9</ele>
      </trkpt>
      <trkpt lat="37.149423" lon="128.90145">
        <ele>1256.6</ele>
      </trkpt>
      <trkpt lat="37.1495419" lon="128.900903">
        <ele>1255.9</ele>
      </trkpt>
      <trkpt lat="37.149654" lon="128.900624">
        <ele>1257.7</ele>
      </trkpt>
      <trkpt lat="37.149825" lon="128.900613">
        <ele>1255.7</ele>
      </trkpt>
      <trkpt lat="37.14991" lon="128.900796">
        <ele>1251.1</ele>
      </trkpt>
      <trkpt lat="37.149884" lon="128.901295">
        <ele>1248.8</ele>
      </trkpt>
      <trkpt lat="37.150085" lon="128.901659">
        <ele>1243.0</ele>
      </trkpt>
      <trkpt lat="37.150735" lon="128.9024049">
        <ele>1235.4</ele>
      </trkpt>
      <trkpt lat="37.151518" lon="128.903167">
        <ele>1226.4</ele>
      </trkpt>
      <trkpt lat="37.152138" lon="128.903548">
        <ele>1220.7</ele>
      </trkpt>
      <trkpt lat="37.152886" lon="128.9036549">
        <ele>1207.1</ele>
      </trkpt>
      <trkpt lat="37.153117" lon="128.903928">
        <ele>1204.0</ele>
      </trkpt>
      <trkpt lat="37.153177" lon="128.90439">
        <ele>1203.8</ele>
      </trkpt>
      <trkpt lat="37.153065" lon="128.905935">
        <ele>1200.3</ele>
      </trkpt>
      <trkpt lat="37.152942" lon="128.906648">
        <ele>1200.4</ele>
      </trkpt>
      <trkpt lat="37.1531" lon="128.9072119">
        <ele>1197.2</ele>
      </trkpt>
      <trkpt lat="37.153416" lon="128.907759">
        <ele>1195.6</ele>
      </trkpt>
      <trkpt lat="37.153561" lon="128.90792">
        <ele>1198.7</ele>
      </trkpt>
      <trkpt lat="37.153758" lon="128.907877">
        <ele>1198.8</ele>
      </trkpt>
      <trkpt lat="37.154024" lon="128.907398">
        <ele>1189.5</ele>
      </trkpt>
      <trkpt lat="37.154468" lon="128.906117">
        <ele>1173.5</ele>
      </trkpt>
      <trkpt lat="37.155638" lon="128.904378">
        <ele>1150.9</ele>
      </trkpt>
      <trkpt lat="37.155916" lon="128.903795">
        <ele>1141.1</ele>
      </trkpt>
      <trkpt lat="37.156204" lon="128.902609">
        <ele>1126.2</ele>
      </trkpt>
      <trkpt lat="37.156894" lon="128.901714">
        <ele>1114.8</ele>
      </trkpt>
      <trkpt lat="37.157168" lon="128.901269">
        <ele>1111.8</ele>
      </trkpt>
      <trkpt lat="37.157734" lon="128.900581">
        <ele>1102.8</ele>
      </trkpt>
      <trkpt lat="37.15823" lon="128.900527">
        <ele>1100.3</ele>
      </trkpt>
      <trkpt lat="37.158735" lon="128.900656">
        <ele>1097.4</ele>
      </trkpt>
      <trkpt lat="37.159667" lon="128.900882">
        <ele>1091.1</ele>
      </trkpt>
      <trkpt lat="37.159872" lon="128.900871">
        <ele>1089.0</ele>
      </trkpt>
      <trkpt lat="37.160992" lon="128.900452">
        <ele>1081.6</ele>
      </trkpt>
      <trkpt lat="37.161257" lon="128.9001089">
        <ele>1080.2</ele>
      </trkpt>
      <trkpt lat="37.161667" lon="128.900055">
        <ele>1076.9</ele>
      </trkpt>
      <trkpt lat="37.162044" lon="128.900093">
        <ele>1076.1</ele>
      </trkpt>
      <trkpt lat="37.163112" lon="128.900753">
        <ele>1063.8</ele>
      </trkpt>
      <trkpt lat="37.163454" lon="128.900721">
        <ele>1061.7</ele>
      </trkpt>
      <trkpt lat="37.163997" lon="128.900399">
        <ele>1063.1</ele>
      </trkpt>
      <trkpt lat="37.164822" lon="128.900184">
        <ele>1055.9</ele>
      </trkpt>
      <trkpt lat="37.165558" lon="128.9001089">
        <ele>1044.8</ele>
      </trkpt>
      <trkpt lat="37.165836" lon="128.900163">
        <ele>1040.2</ele>
      </trkpt>
      <trkpt lat="37.166267" lon="128.900388">
        <ele>1034.9</ele>
      </trkpt>
      <trkpt lat="37.167114" lon="128.900023">
        <ele>1021.9</ele>
      </trkpt>
      <trkpt lat="37.167528" lon="128.899964">
        <ele>1016.3</ele>
      </trkpt>
      <trkpt lat="37.1681529" lon="128.899948">
        <ele>1006.5</ele>
      </trkpt>
      <trkpt lat="37.170003" lon="128.899213">
        <ele>984.5</ele>
      </trkpt>
      <trkpt lat="37.17061" lon="128.898752">
        <ele>987.4</ele>
      </trkpt>
      <trkpt lat="37.170884" lon="128.898704">
        <ele>984.0</ele>
      </trkpt>
      <trkpt lat="37.171183" lon="128.8988">
        <ele>976.1</ele>
      </trkpt>
      <trkpt lat="37.172047" lon="128.899101">
        <ele>957.1</ele>
      </trkpt>
      <trkpt lat="37.172376" lon="128.899406">
        <ele>957.6</ele>
      </trkpt>
      <trkpt lat="37.17306" lon="128.8994329">
        <ele>954.3</ele>
      </trkpt>
      <trkpt lat="37.173585" lon="128.899385">
        <ele>955.2</ele>
      </trkpt>
      <trkpt lat="37.174047" lon="128.899052">
        <ele>946.9</ele>
      </trkpt>
      <trkpt lat="37.174432" lon="128.898612">
        <ele>936.8</ele>
      </trkpt>
      <trkpt lat="37.174817" lon="128.897566">
        <ele>923.8</ele>
      </trkpt>
      <trkpt lat="37.175252" lon="128.897094">
        <ele>919.7</ele>
      </trkpt>
      <trkpt lat="37.175569" lon="128.896933">
        <ele>916.1</ele>
      </trkpt>
      <trkpt lat="37.176616" lon="128.896708">
        <ele>902.8</ele>
      </trkpt>
      <trkpt lat="37.177022" lon="128.896477">
        <ele>904.1</ele>
      </trkpt>
      <trkpt lat="37.177501" lon="128.8960109">
        <ele>894.8</ele>
      </trkpt>
      <trkpt lat="37.177911" lon="128.895603">
        <ele>897.6</ele>
      </trkpt>
      <trkpt lat="37.178356" lon="128.895249">
        <ele>893.7</ele>
      </trkpt>
      <trkpt lat="37.179484" lon="128.894981">
        <ele>885.0</ele>
      </trkpt>
      <trkpt lat="37.179749" lon="128.894825">
        <ele>885.5</ele>
      </trkpt>
      <trkpt lat="37.180518" lon="128.893897">
        <ele>877.2</ele>
      </trkpt>
      <trkpt lat="37.180745" lon="128.8937149">
        <ele>874.3</ele>
      </trkpt>
      <trkpt lat="37.1810059" lon="128.893575">
        <ele>875.4</ele>
      </trkpt>
      <trkpt lat="37.181215" lon="128.893328">
        <ele>873.8</ele>
      </trkpt>
      <trkpt lat="37.181403" lon="128.893023">
        <ele>875.4</ele>
      </trkpt>
      <trkpt lat="37.181412" lon="128.892663">
        <ele>872.6</ele>
      </trkpt>
      <trkpt lat="37.181587" lon="128.892395">
        <ele>869.4</ele>
      </trkpt>
      <trkpt lat="37.1822019" lon="128.891993">
        <ele>867.3</ele>
      </trkpt>
      <trkpt lat="37.182711" lon="128.891907">
        <ele>858.0</ele>
      </trkpt>
      <trkpt lat="37.18301" lon="128.891789">
        <ele>852.1</ele>
      </trkpt>
      <trkpt lat="37.183309" lon="128.891505">
        <ele>848.0</ele>
      </trkpt>
      <trkpt lat="37.183638" lon="128.891397">
        <ele>850.5</ele>
      </trkpt>
      <trkpt lat="37.183959" lon="128.891344">
        <ele>850.3</ele>
      </trkpt>
      <trkpt lat="37.184519" lon="128.890737">
        <ele>842.8</ele>
      </trkpt>
      <trkpt lat="37.1849459" lon="128.890265">
        <ele>836.7</ele>
      </trkpt>
      <trkpt lat="37.185373" lon="128.889681">
        <ele>836.0</ele>
      </trkpt>
      <trkpt lat="37.186074" lon="128.8891439">
        <ele>822.5</ele>
      </trkpt>
      <trkpt lat="37.18669" lon="128.888779">
        <ele>818.6</ele>
      </trkpt>
      <trkpt lat="37.186891" lon="128.888497">
        <ele>825.1</ele>
      </trkpt>
      <trkpt lat="37.1870059" lon="128.8879">
        <ele>829.2</ele>
      </trkpt>
      <trkpt lat="37.187088" lon="128.88713">
        <ele>834.3</ele>
      </trkpt>
      <trkpt lat="37.186681" lon="128.885743">
        <ele>819.2</ele>
      </trkpt>
      <trkpt lat="37.186549" lon="128.884896">
        <ele>819.5</ele>
      </trkpt>
      <trkpt lat="37.186497" lon="128.884091">
        <ele>814.6</ele>
      </trkpt>
      <trkpt lat="37.186544" lon="128.883329">
        <ele>820.7</ele>
      </trkpt>
      <trkpt lat="37.186647" lon="128.882605">
        <ele>810.1</ele>
      </trkpt>
      <trkpt lat="37.1868089" lon="128.881967">
        <ele>805.9</ele>
      </trkpt>
      <trkpt lat="37.186997" lon="128.881527">
        <ele>803.5</ele>
      </trkpt>
      <trkpt lat="37.187297" lon="128.881216">
        <ele>801.8</ele>
      </trkpt>
      <trkpt lat="37.187955" lon="128.880958">
        <ele>799.4</ele>
      </trkpt>
      <trkpt lat="37.1885059" lon="128.880642">
        <ele>802.4</ele>
      </trkpt>
      <trkpt lat="37.188732" lon="128.88032">
        <ele>806.1</ele>
      </trkpt>
      <trkpt lat="37.188835" lon="128.879917">
        <ele>803.1</ele>
      </trkpt>
      <trkpt lat="37.188698" lon="128.878748">
        <ele>788.7</ele>
      </trkpt>
      <trkpt lat="37.188784" lon="128.878244">
        <ele>784.3</ele>
      </trkpt>
      <trkpt lat="37.1889589" lon="128.87797">
        <ele>782.4</ele>
      </trkpt>
      <trkpt lat="37.18919" lon="128.877702">
        <ele>777.8</ele>
      </trkpt>
      <trkpt lat="37.189497" lon="128.87745">
        <ele>776.9</ele>
      </trkpt>
      <trkpt lat="37.189792" lon="128.877471">
        <ele>779.0</ele>
      </trkpt>
      <trkpt lat="37.1902199" lon="128.876956">
        <ele>777.4</ele>
      </trkpt>
      <trkpt lat="37.19057" lon="128.876259">
        <ele>775.5</ele>
      </trkpt>
      <trkpt lat="37.190874" lon="128.875492">
        <ele>774.9</ele>
      </trkpt>
      <trkpt lat="37.190869" lon="128.875261">
        <ele>773.3</ele>
      </trkpt>
      <trkpt lat="37.190801" lon="128.87495">
        <ele>769.4</ele>
      </trkpt>
      <trkpt lat="37.191292" lon="128.873738">
        <ele>764.9</ele>
      </trkpt>
      <trkpt lat="37.1917029" lon="128.873067">
        <ele>759.5</ele>
      </trkpt>
      <trkpt lat="37.192681" lon="128.871619">
        <ele>760.7</ele>
      </trkpt>
      <trkpt lat="37.192822" lon="128.871254">
        <ele>760.7</ele>
      </trkpt>
      <trkpt lat="37.192938" lon="128.870562">
        <ele>754.2</ele>
      </trkpt>
      <trkpt lat="37.193074" lon="128.870143">
        <ele>751.8</ele>
      </trkpt>
      <trkpt lat="37.193391" lon="128.8698379">
        <ele>750.8</ele>
      </trkpt>
      <trkpt lat="37.193617" lon="128.868754">
        <ele>747.0</ele>
      </trkpt>
      <trkpt lat="37.193826" lon="128.868491">
        <ele>745.0</ele>
      </trkpt>
      <trkpt lat="37.194087" lon="128.868357">
        <ele>743.4</ele>
      </trkpt>
      <trkpt lat="37.194301" lon="128.868303">
        <ele>745.4</ele>
      </trkpt>
      <trkpt lat="37.194502" lon="128.867847">
        <ele>746.9</ele>
      </trkpt>
      <trkpt lat="37.19513" lon="128.866721">
        <ele>746.8</ele>
      </trkpt>
      <trkpt lat="37.195519" lon="128.866388">
        <ele>750.1</ele>
      </trkpt>
      <trkpt lat="37.196066" lon="128.865836">
        <ele>752.1</ele>
      </trkpt>
      <trkpt lat="37.196172" lon="128.865557">
        <ele>753.3</ele>
      </trkpt>
      <trkpt lat="37.196236" lon="128.865315">
        <ele>753.2</ele>
      </trkpt>
      <trkpt lat="37.196142" lon="128.864409">
        <ele>747.4</ele>
      </trkpt>
      <trkpt lat="37.196053" lon="128.863685">
        <ele>744.7</ele>
      </trkpt>
      <trkpt lat="37.196057" lon="128.8627569">
        <ele>741.5</ele>
      </trkpt>
      <trkpt lat="37.196147" lon="128.862107">
        <ele>737.8</ele>
      </trkpt>
      <trkpt lat="37.196348" lon="128.861415">
        <ele>734.1</ele>
      </trkpt>
      <trkpt lat="37.196711" lon="128.858723">
        <ele>719.2</ele>
      </trkpt>
      <trkpt lat="37.19704" lon="128.857446">
        <ele>714.7</ele>
      </trkpt>
      <trkpt lat="37.197544" lon="128.85685">
        <ele>712.5</ele>
      </trkpt>
      <trkpt lat="37.197852" lon="128.856502">
        <ele>712.1</ele>
      </trkpt>
      <trkpt lat="37.199359" lon="128.855169">
        <ele>709.9</ele>
      </trkpt>
      <trkpt lat="37.200131" lon="128.8542129">
        <ele>707.3</ele>
      </trkpt>
      <trkpt lat="37.200816" lon="128.853579">
        <ele>704.8</ele>
      </trkpt>
      <trkpt lat="37.201095" lon="128.853299">
        <ele>703.7</ele>
      </trkpt>
      <trkpt lat="37.201543" lon="128.8527269">
        <ele>702.2</ele>
      </trkpt>
      <trkpt lat="37.201685" lon="128.852183">
        <ele>703.9</ele>
      </trkpt>
      <trkpt lat="37.201945" lon="128.851507">
        <ele>708.2</ele>
      </trkpt>
      <trkpt lat="37.202642" lon="128.850606">
        <ele>702.7</ele>
      </trkpt>
      <trkpt lat="37.203189" lon="128.8500589">
        <ele>700.8</ele>
      </trkpt>
      <trkpt lat="37.203898" lon="128.8494739">
        <ele>703.4</ele>
      </trkpt>
      <trkpt lat="37.204351" lon="128.8492489">
        <ele>699.0</ele>
      </trkpt>
      <trkpt lat="37.204675" lon="128.84897">
        <ele>696.7</ele>
      </trkpt>
      <trkpt lat="37.205154" lon="128.848122">
        <ele>691.1</ele>
      </trkpt>
      <trkpt lat="37.205718" lon="128.846261">
        <ele>691.6</ele>
      </trkpt>
      <trkpt lat="37.206607" lon="128.844807">
        <ele>685.0</ele>
      </trkpt>
      <trkpt lat="37.207286" lon="128.84404">
        <ele>682.2</ele>
      </trkpt>
      <trkpt lat="37.2080119" lon="128.8433269">
        <ele>678.9</ele>
      </trkpt>
      <trkpt lat="37.208346" lon="128.843069">
        <ele>677.7</ele>
      </trkpt>
      <trkpt lat="37.2088449" lon="128.842726">
        <ele>676.6</ele>
      </trkpt>
      <trkpt lat="37.20932" lon="128.842891">
        <ele>684.8</ele>
      </trkpt>
      <trkpt lat="37.209502" lon="128.842851">
        <ele>693.0</ele>
      </trkpt>
      <trkpt lat="37.209717" lon="128.842644">
        <ele>698.3</ele>
      </trkpt>
      <trkpt lat="37.209899" lon="128.84194">
        <ele>692.6</ele>
      </trkpt>
      <trkpt lat="37.210405" lon="128.839336">
        <ele>683.9</ele>
      </trkpt>
      <trkpt lat="37.210657" lon="128.838531">
        <ele>681.1</ele>
      </trkpt>
      <trkpt lat="37.211007" lon="128.8377209">
        <ele>677.9</ele>
      </trkpt>
      <trkpt lat="37.212447" lon="128.835103">
        <ele>666.7</ele>
      </trkpt>
      <trkpt lat="37.21328" lon="128.8341749">
        <ele>658.4</ele>
      </trkpt>
      <trkpt lat="37.213899" lon="128.833692">
        <ele>664.2</ele>
      </trkpt>
      <trkpt lat="37.215156" lon="128.83307">
        <ele>668.4</ele>
      </trkpt>
      <trkpt lat="37.2159369" lon="128.832914">
        <ele>670.3</ele>
      </trkpt>
      <trkpt lat="37.216783" lon="128.833075">
        <ele>667.5</ele>
      </trkpt>
      <trkpt lat="37.217313" lon="128.833301">
        <ele>658.7</ele>
      </trkpt>
      <trkpt lat="37.217612" lon="128.833488">
        <ele>656.5</ele>
      </trkpt>
      <trkpt lat="37.217808" lon="128.833665">
        <ele>657.6</ele>
      </trkpt>
      <trkpt lat="37.218086" lon="128.834078">
        <ele>656.4</ele>
      </trkpt>
      <trkpt lat="37.218244" lon="128.834679">
        <ele>658.3</ele>
      </trkpt>
      <trkpt lat="37.218381" lon="128.834934">
        <ele>657.7</ele>
      </trkpt>
      <trkpt lat="37.218842" lon="128.835242">
        <ele>654.9</ele>
      </trkpt>
      <trkpt lat="37.219278" lon="128.835318">
        <ele>650.0</ele>
      </trkpt>
      <trkpt lat="37.219551" lon="128.835173">
        <ele>648.1</ele>
      </trkpt>
      <trkpt lat="37.2198629" lon="128.834787">
        <ele>645.7</ele>
      </trkpt>
      <trkpt lat="37.219974" lon="128.834465">
        <ele>643.8</ele>
      </trkpt>
      <trkpt lat="37.220222" lon="128.833429">
        <ele>647.9</ele>
      </trkpt>
      <trkpt lat="37.220102" lon="128.83307">
        <ele>650.2</ele>
      </trkpt>
      <trkpt lat="37.2189509" lon="128.832243">
        <ele>652.0</ele>
      </trkpt>
      <trkpt lat="37.2181" lon="128.831712">
        <ele>649.4</ele>
      </trkpt>
      <trkpt lat="37.217996" lon="128.8315409">
        <ele>653.2</ele>
      </trkpt>
      <trkpt lat="37.2180139" lon="128.8313049">
        <ele>652.5</ele>
      </trkpt>
      <trkpt lat="37.218223" lon="128.831048">
        <ele>642.5</ele>
      </trkpt>
      <trkpt lat="37.219205" lon="128.829663">
        <ele>642.3</ele>
      </trkpt>
      <trkpt lat="37.219496" lon="128.829427">
        <ele>646.2</ele>
      </trkpt>
      <trkpt lat="37.220487" lon="128.827947">
        <ele>643.0</ele>
      </trkpt>
      <trkpt lat="37.220953" lon="128.827346">
        <ele>633.4</ele>
      </trkpt>
      <trkpt lat="37.221491" lon="128.82689">
        <ele>632.8</ele>
      </trkpt>
      <trkpt lat="37.222038" lon="128.8266">
        <ele>628.2</ele>
      </trkpt>
      <trkpt lat="37.222208" lon="128.826745">
        <ele>630.5</ele>
      </trkpt>
      <trkpt lat="37.222388" lon="128.8268579">
        <ele>633.3</ele>
      </trkpt>
      <trkpt lat="37.22273" lon="128.826863">
        <ele>634.5</ele>
      </trkpt>
      <trkpt lat="37.223328" lon="128.8268689">
        <ele>637.3</ele>
      </trkpt>
      <trkpt lat="37.223827" lon="128.82667">
        <ele>634.7</ele>
      </trkpt>
      <trkpt lat="37.224366" lon="128.826472">
        <ele>635.0</ele>
      </trkpt>
      <trkpt lat="37.224767" lon="128.826128">
        <ele>628.7</ele>
      </trkpt>
      <trkpt lat="37.225546" lon="128.825469">
        <ele>620.0</ele>
      </trkpt>
      <trkpt lat="37.226203" lon="128.825902">
        <ele>625.9</ele>
      </trkpt>
      <trkpt lat="37.226712" lon="128.82621">
        <ele>628.4</ele>
      </trkpt>
      <trkpt lat="37.2268649" lon="128.826324">
        <ele>630.1</ele>
      </trkpt>
      <trkpt lat="37.227074" lon="128.826515">
        <ele>630.5</ele>
      </trkpt>
      <trkpt lat="37.227223" lon="128.82682">
        <ele>630.2</ele>
      </trkpt>
      <trkpt lat="37.227518" lon="128.828853">
        <ele>637.0</ele>
      </trkpt>
      <trkpt lat="37.227479" lon="128.830597">
        <ele>644.1</ele>
      </trkpt>
      <trkpt lat="37.227649" lon="128.831082">
        <ele>646.5</ele>
      </trkpt>
      <trkpt lat="37.228641" lon="128.832185">
        <ele>647.7</ele>
      </trkpt>
      <trkpt lat="37.228825" lon="128.832571">
        <ele>648.2</ele>
      </trkpt>
      <trkpt lat="37.22894" lon="128.833483">
        <ele>645.6</ele>
      </trkpt>
      <trkpt lat="37.228945" lon="128.83432">
        <ele>647.7</ele>
      </trkpt>
      <trkpt lat="37.22882" lon="128.835207">
        <ele>651.3</ele>
      </trkpt>
      <trkpt lat="37.228816" lon="128.836053">
        <ele>657.5</ele>
      </trkpt>
      <trkpt lat="37.228795" lon="128.836879">
        <ele>664.3</ele>
      </trkpt>
      <trkpt lat="37.228509" lon="128.837903">
        <ele>659.9</ele>
      </trkpt>
      <trkpt lat="37.22826" lon="128.838978">
        <ele>660.0</ele>
      </trkpt>
      <trkpt lat="37.228124" lon="128.839754">
        <ele>661.4</ele>
      </trkpt>
      <trkpt lat="37.228159" lon="128.840215">
        <ele>660.4</ele>
      </trkpt>
      <trkpt lat="37.228415" lon="128.84065">
        <ele>659.4</ele>
      </trkpt>
      <trkpt lat="37.22941" lon="128.841621">
        <ele>668.9</ele>
      </trkpt>
      <trkpt lat="37.22976" lon="128.842265">
        <ele>676.9</ele>
      </trkpt>
      <trkpt lat="37.229679" lon="128.84339">
        <ele>678.5</ele>
      </trkpt>
      <trkpt lat="37.229833" lon="128.8438789">
        <ele>671.8</ele>
      </trkpt>
      <trkpt lat="37.230243" lon="128.844335">
        <ele>672.7</ele>
      </trkpt>
      <trkpt lat="37.231875" lon="128.846207">
        <ele>688.2</ele>
      </trkpt>
      <trkpt lat="37.232695" lon="128.84669">
        <ele>685.1</ele>
      </trkpt>
      <trkpt lat="37.2333519" lon="128.847253">
        <ele>686.7</ele>
      </trkpt>
      <trkpt lat="37.233416" lon="128.8475379">
        <ele>685.5</ele>
      </trkpt>
      <trkpt lat="37.233455" lon="128.848149">
        <ele>683.5</ele>
      </trkpt>
      <trkpt lat="37.233241" lon="128.849228">
        <ele>683.0</ele>
      </trkpt>
      <trkpt lat="37.233088" lon="128.85008">
        <ele>685.2</ele>
      </trkpt>
      <trkpt lat="37.233246" lon="128.850713">
        <ele>683.7</ele>
      </trkpt>
      <trkpt lat="37.233369" lon="128.851127">
        <ele>682.8</ele>
      </trkpt>
      <trkpt lat="37.233463" lon="128.8527379">
        <ele>696.7</ele>
      </trkpt>
      <trkpt lat="37.233502" lon="128.853235">
        <ele>702.4</ele>
      </trkpt>
      <trkpt lat="37.233583" lon="128.853422">
        <ele>705.0</ele>
      </trkpt>
      <trkpt lat="37.234138" lon="128.853707">
        <ele>704.3</ele>
      </trkpt>
      <trkpt lat="37.234339" lon="128.853921">
        <ele>707.4</ele>
      </trkpt>
      <trkpt lat="37.234544" lon="128.8545169">
        <ele>709.6</ele>
      </trkpt>
      <trkpt lat="37.23436" lon="128.855128">
        <ele>702.1</ele>
      </trkpt>
      <trkpt lat="37.234215" lon="128.855906">
        <ele>697.9</ele>
      </trkpt>
      <trkpt lat="37.234279" lon="128.856335">
        <ele>703.2</ele>
      </trkpt>
      <trkpt lat="37.234681" lon="128.857135">
        <ele>714.9</ele>
      </trkpt>
      <trkpt lat="37.23492" lon="128.857778">
        <ele>711.3</ele>
      </trkpt>
      <trkpt lat="37.2352909" lon="128.858433">
        <ele>708.9</ele>
      </trkpt>
      <trkpt lat="37.23647" lon="128.85928">
        <ele>711.5</ele>
      </trkpt>
      <trkpt lat="37.236696" lon="128.860208">
        <ele>706.0</ele>
      </trkpt>
      <trkpt lat="37.236965" lon="128.860718">
        <ele>707.9</ele>
      </trkpt>
      <trkpt lat="37.238008" lon="128.861829">
        <ele>720.3</ele>
      </trkpt>
      <trkpt lat="37.238597" lon="128.8621609">
        <ele>730.0</ele>
      </trkpt>
      <trkpt lat="37.2408519" lon="128.862977">
        <ele>751.0</ele>
      </trkpt>
      <trkpt lat="37.241279" lon="128.863239">
        <ele>750.3</ele>
      </trkpt>
      <trkpt lat="37.241655" lon="128.863577">
        <ele>753.9</ele>
      </trkpt>
      <trkpt lat="37.24215" lon="128.864114">
        <ele>771.6</ele>
      </trkpt>
      <trkpt lat="37.242846" lon="128.864473">
        <ele>777.8</ele>
      </trkpt>
      <trkpt lat="37.243594" lon="128.864548">
        <ele>776.5</ele>
      </trkpt>
      <trkpt lat="37.244674" lon="128.864495">
        <ele>784.7</ele>
      </trkpt>
      <trkpt lat="37.245695" lon="128.864602">
        <ele>789.3</ele>
      </trkpt>
      <trkpt lat="37.246344" lon="128.864452">
        <ele>798.1</ele>
      </trkpt>
      <trkpt lat="37.24739" lon="128.8648">
        <ele>808.8</ele>
      </trkpt>
      <trkpt lat="37.247603" lon="128.864961">
        <ele>809.6</ele>
      </trkpt>
      <trkpt lat="37.247949" lon="128.864967">
        <ele>814.6</ele>
      </trkpt>
      <trkpt lat="37.248795" lon="128.8644459">
        <ele>835.3</ele>
      </trkpt>
      <trkpt lat="37.249" lon="128.864403">
        <ele>840.0</ele>
      </trkpt>
      <trkpt lat="37.2490809" lon="128.864505">
        <ele>842.7</ele>
      </trkpt>
      <trkpt lat="37.249072" lon="128.86472">
        <ele>843.9</ele>
      </trkpt>
      <trkpt lat="37.2487179" lon="128.865165">
        <ele>836.5</ele>
      </trkpt>
      <trkpt lat="37.248872" lon="128.866925">
        <ele>870.9</ele>
      </trkpt>
      <trkpt lat="37.249017" lon="128.867096">
        <ele>873.8</ele>
      </trkpt>
      <trkpt lat="37.2491879" lon="128.867043">
        <ele>871.9</ele>
      </trkpt>
      <trkpt lat="37.249393" lon="128.866796">
        <ele>874.4</ele>
      </trkpt>
      <trkpt lat="37.249469" lon="128.866635">
        <ele>874.6</ele>
      </trkpt>
      <trkpt lat="37.249205" lon="128.865895">
        <ele>862.7</ele>
      </trkpt>
      <trkpt lat="37.249282" lon="128.865487">
        <ele>860.4</ele>
      </trkpt>
      <trkpt lat="37.249495" lon="128.865294">
        <ele>865.1</ele>
      </trkpt>
      <trkpt lat="37.249768" lon="128.865154">
        <ele>872.2</ele>
      </trkpt>
      <trkpt lat="37.250366" lon="128.865101">
        <ele>891.1</ele>
      </trkpt>
      <trkpt lat="37.250725" lon="128.864661">
        <ele>897.2</ele>
      </trkpt>
      <trkpt lat="37.250827" lon="128.864307">
        <ele>897.1</ele>
      </trkpt>
      <trkpt lat="37.2509299" lon="128.864039">
        <ele>900.1</ele>
      </trkpt>
      <trkpt lat="37.251365" lon="128.863846">
        <ele>904.5</ele>
      </trkpt>
      <trkpt lat="37.251707" lon="128.8635449">
        <ele>905.9</ele>
      </trkpt>
      <trkpt lat="37.252091" lon="128.863223">
        <ele>887.9</ele>
      </trkpt>
      <trkpt lat="37.252108" lon="128.862923">
        <ele>889.2</ele>
      </trkpt>
      <trkpt lat="37.2521" lon="128.862665">
        <ele>891.7</ele>
      </trkpt>
      <trkpt lat="37.2522019" lon="128.862451">
        <ele>886.7</ele>
      </trkpt>
      <trkpt lat="37.2521429" lon="128.862193">
        <ele>891.1</ele>
      </trkpt>
      <trkpt lat="37.252091" lon="128.861882">
        <ele>895.0</ele>
      </trkpt>
      <trkpt lat="37.2521" lon="128.861517">
        <ele>898.3</ele>
      </trkpt>
      <trkpt lat="37.252288" lon="128.861174">
        <ele>897.8</ele>
      </trkpt>
      <trkpt lat="37.252578" lon="128.8610239">
        <ele>893.7</ele>
      </trkpt>
      <trkpt lat="37.252578" lon="128.8612489">
        <ele>885.6</ele>
      </trkpt>
      <trkpt lat="37.252382" lon="128.861582">
        <ele>881.4</ele>
      </trkpt>
      <trkpt lat="37.252424" lon="128.8619469">
        <ele>875.1</ele>
      </trkpt>
      <trkpt lat="37.252578" lon="128.8623859">
        <ele>865.5</ele>
      </trkpt>
      <trkpt lat="37.2526719" lon="128.862901">
        <ele>858.8</ele>
      </trkpt>
      <trkpt lat="37.252715" lon="128.863245">
        <ele>855.2</ele>
      </trkpt>
      <trkpt lat="37.252578" lon="128.86361">
        <ele>863.5</ele>
      </trkpt>
      <trkpt lat="37.252467" lon="128.863824">
        <ele>870.1</ele>
      </trkpt>
      <trkpt lat="37.252612" lon="128.864028">
        <ele>866.7</ele>
      </trkpt>
      <trkpt lat="37.252782" lon="128.863968">
        <ele>860.0</ele>
      </trkpt>
      <trkpt lat="37.253056" lon="128.863041">
        <ele>841.6</ele>
      </trkpt>
      <trkpt lat="37.253108" lon="128.862504">
        <ele>842.5</ele>
      </trkpt>
      <trkpt lat="37.253287" lon="128.862322">
        <ele>840.0</ele>
      </trkpt>
      <trkpt lat="37.253458" lon="128.862483">
        <ele>832.8</ele>
      </trkpt>
      <trkpt lat="37.253406" lon="128.862837">
        <ele>829.9</ele>
      </trkpt>
      <trkpt lat="37.2542479" lon="128.863137">
        <ele>809.0</ele>
      </trkpt>
      <trkpt lat="37.254636" lon="128.8630839">
        <ele>803.9</ele>
      </trkpt>
      <trkpt lat="37.255187" lon="128.863046">
        <ele>796.5</ele>
      </trkpt>
      <trkpt lat="37.255439" lon="128.863223">
        <ele>786.7</ele>
      </trkpt>
      <trkpt lat="37.255516" lon="128.863459">
        <ele>782.7</ele>
      </trkpt>
      <trkpt lat="37.255812" lon="128.86391">
        <ele>779.6</ele>
      </trkpt>
      <trkpt lat="37.256447" lon="128.864586">
        <ele>773.0</ele>
      </trkpt>
      <trkpt lat="37.257356" lon="128.865153">
        <ele>762.8</ele>
      </trkpt>
      <trkpt lat="37.259956" lon="128.865841">
        <ele>727.1</ele>
      </trkpt>
      <trkpt lat="37.261186" lon="128.866689">
        <ele>717.6</ele>
      </trkpt>
      <trkpt lat="37.262193" lon="128.866989">
        <ele>695.7</ele>
      </trkpt>
      <trkpt lat="37.262714" lon="128.867526">
        <ele>683.6</ele>
      </trkpt>
      <trkpt lat="37.263056" lon="128.868148">
        <ele>678.0</ele>
      </trkpt>
      <trkpt lat="37.263705" lon="128.868845">
        <ele>680.2</ele>
      </trkpt>
      <trkpt lat="37.264627" lon="128.869682">
        <ele>684.4</ele>
      </trkpt>
      <trkpt lat="37.265139" lon="128.870819">
        <ele>669.6</ele>
      </trkpt>
      <trkpt lat="37.265873" lon="128.8715379">
        <ele>667.6</ele>
      </trkpt>
      <trkpt lat="37.266113" lon="128.872085">
        <ele>670.3</ele>
      </trkpt>
      <trkpt lat="37.266238" lon="128.8727199">
        <ele>670.3</ele>
      </trkpt>
      <trkpt lat="37.266394" lon="128.873319">
        <ele>668.2</ele>
      </trkpt>
      <trkpt lat="37.266702" lon="128.873727">
        <ele>664.0</ele>
      </trkpt>
      <trkpt lat="37.266941" lon="128.874231">
        <ele>668.1</ele>
      </trkpt>
      <trkpt lat="37.267112" lon="128.8747349">
        <ele>670.3</ele>
      </trkpt>
      <trkpt lat="37.267299" lon="128.875403">
        <ele>672.3</ele>
      </trkpt>
      <trkpt lat="37.26753" lon="128.875744">
        <ele>668.2</ele>
      </trkpt>
      <trkpt lat="37.268196" lon="128.876055">
        <ele>660.4</ele>
      </trkpt>
      <trkpt lat="37.268572" lon="128.8765809">
        <ele>660.1</ele>
      </trkpt>
      <trkpt lat="37.268879" lon="128.877342">
        <ele>656.5</ele>
      </trkpt>
      <trkpt lat="37.269152" lon="128.877847">
        <ele>643.7</ele>
      </trkpt>
      <trkpt lat="37.26953" lon="128.878372">
        <ele>635.7</ele>
      </trkpt>
      <trkpt lat="37.269807" lon="128.87848">
        <ele>635.9</ele>
      </trkpt>
      <trkpt lat="37.270271" lon="128.878061">
        <ele>636.1</ele>
      </trkpt>
      <trkpt lat="37.270942" lon="128.877841">
        <ele>638.0</ele>
      </trkpt>
      <trkpt lat="37.271654" lon="128.877297">
        <ele>637.6</ele>
      </trkpt>
      <trkpt lat="37.271984" lon="128.876788">
        <ele>637.4</ele>
      </trkpt>
      <trkpt lat="37.272315" lon="128.8756809">
        <ele>632.5</ele>
      </trkpt>
      <trkpt lat="37.272422" lon="128.8749709">
        <ele>627.7</ele>
      </trkpt>
      <trkpt lat="37.272695" lon="128.874982">
        <ele>630.8</ele>
      </trkpt>
      <trkpt lat="37.272977" lon="128.873437">
        <ele>627.3</ele>
      </trkpt>
      <trkpt lat="37.273558" lon="128.8723">
        <ele>627.2</ele>
      </trkpt>
      <trkpt lat="37.274053" lon="128.871721">
        <ele>624.8</ele>
      </trkpt>
      <trkpt lat="37.274557" lon="128.871366">
        <ele>628.6</ele>
      </trkpt>
      <trkpt lat="37.275163" lon="128.871163">
        <ele>628.4</ele>
      </trkpt>
      <trkpt lat="37.27605" lon="128.871281">
        <ele>622.2</ele>
      </trkpt>
      <trkpt lat="37.276998" lon="128.871742">
        <ele>620.2</ele>
      </trkpt>
      <trkpt lat="37.277903" lon="128.872354">
        <ele>619.5</ele>
      </trkpt>
      <trkpt lat="37.279175" lon="128.872805">
        <ele>618.4</ele>
      </trkpt>
      <trkpt lat="37.2803619" lon="128.873029">
        <ele>615.8</ele>
      </trkpt>
      <trkpt lat="37.281395" lon="128.873008">
        <ele>613.4</ele>
      </trkpt>
      <trkpt lat="37.282208" lon="128.872916">
        <ele>631.3</ele>
      </trkpt>
      <trkpt lat="37.282205" lon="128.872897">
        <ele>631.5</ele>
      </trkpt>
      <trkpt lat="37.282078" lon="128.871989">
        <ele>636.3</ele>
      </trkpt>
      <trkpt lat="37.2816509" lon="128.869435">
        <ele>614.7</ele>
      </trkpt>
      <trkpt lat="37.281565" lon="128.868448">
        <ele>616.1</ele>
      </trkpt>
      <trkpt lat="37.281676" lon="128.8676539">
        <ele>612.4</ele>
      </trkpt>
      <trkpt lat="37.282266" lon="128.86709">
        <ele>619.5</ele>
      </trkpt>
      <trkpt lat="37.283409" lon="128.866388">
        <ele>639.2</ele>
      </trkpt>
      <trkpt lat="37.283682" lon="128.86583">
        <ele>632.8</ele>
      </trkpt>
      <trkpt lat="37.28373" lon="128.865182">
        <ele>630.8</ele>
      </trkpt>
      <trkpt lat="37.282461" lon="128.862707">
        <ele>610.2</ele>
      </trkpt>
      <trkpt lat="37.282282" lon="128.862032">
        <ele>610.2</ele>
      </trkpt>
      <trkpt lat="37.2824529" lon="128.861153">
        <ele>609.2</ele>
      </trkpt>
      <trkpt lat="37.2821799" lon="128.860049">
        <ele>606.5</ele>
      </trkpt>
      <trkpt lat="37.281886" lon="128.859509">
        <ele>605.5</ele>
      </trkpt>
      <trkpt lat="37.281433" lon="128.859116">
        <ele>616.0</ele>
      </trkpt>
      <trkpt lat="37.281326" lon="128.858664">
        <ele>624.7</ele>
      </trkpt>
      <trkpt lat="37.281531" lon="128.858127">
        <ele>618.0</ele>
      </trkpt>
      <trkpt lat="37.2823149" lon="128.857905">
        <ele>605.2</ele>
      </trkpt>
      <trkpt lat="37.283392" lon="128.857054">
        <ele>605.5</ele>
      </trkpt>
      <trkpt lat="37.283477" lon="128.85684">
        <ele>607.6</ele>
      </trkpt>
      <trkpt lat="37.283548" lon="128.856511">
        <ele>607.9</ele>
      </trkpt>
      <trkpt lat="37.282692" lon="128.854801">
        <ele>609.9</ele>
      </trkpt>
      <trkpt lat="37.2827089" lon="128.853685">
        <ele>630.3</ele>
      </trkpt>
      <trkpt lat="37.283051" lon="128.853299">
        <ele>621.5</ele>
      </trkpt>
      <trkpt lat="37.284311" lon="128.853154">
        <ele>597.8</ele>
      </trkpt>
      <trkpt lat="37.284843" lon="128.8528059">
        <ele>598.1</ele>
      </trkpt>
      <trkpt lat="37.285041" lon="128.852033">
        <ele>594.0</ele>
      </trkpt>
      <trkpt lat="37.284776" lon="128.8511739">
        <ele>592.9</ele>
      </trkpt>
      <trkpt lat="37.28307" lon="128.8501939">
        <ele>600.9</ele>
      </trkpt>
      <trkpt lat="37.282829" lon="128.849802">
        <ele>613.0</ele>
      </trkpt>
      <trkpt lat="37.282948" lon="128.849222">
        <ele>616.0</ele>
      </trkpt>
      <trkpt lat="37.283287" lon="128.848952">
        <ele>602.4</ele>
      </trkpt>
      <trkpt lat="37.284214" lon="128.848099">
        <ele>593.7</ele>
      </trkpt>
      <trkpt lat="37.284109" lon="128.847506">
        <ele>598.7</ele>
      </trkpt>
      <trkpt lat="37.282641" lon="128.845767">
        <ele>604.2</ele>
      </trkpt>
      <trkpt lat="37.282449" lon="128.845233">
        <ele>616.5</ele>
      </trkpt>
      <trkpt lat="37.282539" lon="128.844866">
        <ele>621.2</ele>
      </trkpt>
      <trkpt lat="37.282829" lon="128.844373">
        <ele>625.5</ele>
      </trkpt>
      <trkpt lat="37.283436" lon="128.844233">
        <ele>598.6</ele>
      </trkpt>
      <trkpt lat="37.284092" lon="128.844158">
        <ele>592.1</ele>
      </trkpt>
      <trkpt lat="37.28446" lon="128.844315">
        <ele>590.4</ele>
      </trkpt>
      <trkpt lat="37.285415" lon="128.84508">
        <ele>582.4</ele>
      </trkpt>
      <trkpt lat="37.285763" lon="128.844676">
        <ele>585.2</ele>
      </trkpt>
      <trkpt lat="37.286551" lon="128.842377">
        <ele>585.7</ele>
      </trkpt>
      <trkpt lat="37.286917" lon="128.842318">
        <ele>585.5</ele>
      </trkpt>
      <trkpt lat="37.287833" lon="128.842868">
        <ele>577.7</ele>
      </trkpt>
      <trkpt lat="37.288243" lon="128.842831">
        <ele>575.6</ele>
      </trkpt>
      <trkpt lat="37.288307" lon="128.842182">
        <ele>576.2</ele>
      </trkpt>
      <trkpt lat="37.288221" lon="128.840814">
        <ele>573.0</ele>
      </trkpt>
      <trkpt lat="37.287526" lon="128.839706">
        <ele>576.7</ele>
      </trkpt>
      <trkpt lat="37.287327" lon="128.839652">
        <ele>580.2</ele>
      </trkpt>
      <trkpt lat="37.286952" lon="128.8397809">
        <ele>586.7</ele>
      </trkpt>
      <trkpt lat="37.286807" lon="128.839523">
        <ele>588.1</ele>
      </trkpt>
      <trkpt lat="37.287071" lon="128.838558">
        <ele>592.1</ele>
      </trkpt>
      <trkpt lat="37.286926" lon="128.838289">
        <ele>594.4</ele>
      </trkpt>
      <trkpt lat="37.286585" lon="128.838">
        <ele>598.9</ele>
      </trkpt>
      <trkpt lat="37.286144" lon="128.837765">
        <ele>597.9</ele>
      </trkpt>
      <trkpt lat="37.285876" lon="128.837753">
        <ele>593.3</ele>
      </trkpt>
      <trkpt lat="37.285535" lon="128.837828">
        <ele>599.2</ele>
      </trkpt>
      <trkpt lat="37.285356" lon="128.837581">
        <ele>598.7</ele>
      </trkpt>
      <trkpt lat="37.285447" lon="128.837163">
        <ele>600.0</ele>
      </trkpt>
      <trkpt lat="37.285432" lon="128.836208">
        <ele>613.0</ele>
      </trkpt>
      <trkpt lat="37.284459" lon="128.835597">
        <ele>602.1</ele>
      </trkpt>
      <trkpt lat="37.28422" lon="128.835232">
        <ele>599.8</ele>
      </trkpt>
      <trkpt lat="37.283896" lon="128.83417">
        <ele>604.9</ele>
      </trkpt>
      <trkpt lat="37.283691" lon="128.833547">
        <ele>605.0</ele>
      </trkpt>
      <trkpt lat="37.283311" lon="128.8330719">
        <ele>602.9</ele>
      </trkpt>
      <trkpt lat="37.282778" lon="128.8326779">
        <ele>606.1</ele>
      </trkpt>
      <trkpt lat="37.28237" lon="128.832526">
        <ele>605.8</ele>
      </trkpt>
      <trkpt lat="37.281753" lon="128.832721">
        <ele>613.2</ele>
      </trkpt>
      <trkpt lat="37.281345" lon="128.832752">
        <ele>617.5</ele>
      </trkpt>
      <trkpt lat="37.281087" lon="128.832657">
        <ele>617.8</ele>
      </trkpt>
      <trkpt lat="37.280865" lon="128.832378">
        <ele>618.6</ele>
      </trkpt>
      <trkpt lat="37.280606" lon="128.832301">
        <ele>621.1</ele>
      </trkpt>
      <trkpt lat="37.280012" lon="128.832528">
        <ele>622.5</ele>
      </trkpt>
      <trkpt lat="37.279576" lon="128.832354">
        <ele>626.1</ele>
      </trkpt>
      <trkpt lat="37.279295" lon="128.832056">
        <ele>626.3</ele>
      </trkpt>
      <trkpt lat="37.279218" lon="128.831702">
        <ele>623.7</ele>
      </trkpt>
      <trkpt lat="37.27932" lon="128.830693">
        <ele>629.5</ele>
      </trkpt>
      <trkpt lat="37.279175" lon="128.830339">
        <ele>634.0</ele>
      </trkpt>
      <trkpt lat="37.278908" lon="128.830251">
        <ele>632.6</ele>
      </trkpt>
      <trkpt lat="37.277954" lon="128.830243">
        <ele>627.2</ele>
      </trkpt>
      <trkpt lat="37.27734" lon="128.829932">
        <ele>626.5</ele>
      </trkpt>
      <trkpt lat="37.276903" lon="128.829901">
        <ele>629.0</ele>
      </trkpt>
      <trkpt lat="37.276418" lon="128.829932">
        <ele>634.3</ele>
      </trkpt>
      <trkpt lat="37.275274" lon="128.829588">
        <ele>647.8</ele>
      </trkpt>
      <trkpt lat="37.274164" lon="128.828666">
        <ele>652.8</ele>
      </trkpt>
      <trkpt lat="37.273908" lon="128.828505">
        <ele>651.9</ele>
      </trkpt>
      <trkpt lat="37.273558" lon="128.82843">
        <ele>652.4</ele>
      </trkpt>
      <trkpt lat="37.273199" lon="128.828451">
        <ele>656.7</ele>
      </trkpt>
      <trkpt lat="37.27236" lon="128.828038">
        <ele>659.3</ele>
      </trkpt>
      <trkpt lat="37.271765" lon="128.828033">
        <ele>664.3</ele>
      </trkpt>
      <trkpt lat="37.27074" lon="128.828183">
        <ele>673.3</ele>
      </trkpt>
      <trkpt lat="37.270324" lon="128.827785">
        <ele>673.2</ele>
      </trkpt>
      <trkpt lat="37.269938" lon="128.827443">
        <ele>670.7</ele>
      </trkpt>
      <trkpt lat="37.269503" lon="128.8272629">
        <ele>674.3</ele>
      </trkpt>
      <trkpt lat="37.269058" lon="128.827174">
        <ele>677.0</ele>
      </trkpt>
      <trkpt lat="37.268785" lon="128.826981">
        <ele>676.7</ele>
      </trkpt>
      <trkpt lat="37.268436" lon="128.826865">
        <ele>676.4</ele>
      </trkpt>
      <trkpt lat="37.26747" lon="128.826606">
        <ele>675.8</ele>
      </trkpt>
      <trkpt lat="37.26709" lon="128.8266219">
        <ele>677.6</ele>
      </trkpt>
      <trkpt lat="37.266779" lon="128.826842">
        <ele>682.1</ele>
      </trkpt>
      <trkpt lat="37.266518" lon="128.82686">
        <ele>685.0</ele>
      </trkpt>
      <trkpt lat="37.266002" lon="128.826541">
        <ele>688.3</ele>
      </trkpt>
      <trkpt lat="37.265788" lon="128.826477">
        <ele>690.3</ele>
      </trkpt>
      <trkpt lat="37.265643" lon="128.826252">
        <ele>691.0</ele>
      </trkpt>
      <trkpt lat="37.265458" lon="128.82588">
        <ele>691.8</ele>
      </trkpt>
      <trkpt lat="37.265088" lon="128.825501">
        <ele>696.2</ele>
      </trkpt>
      <trkpt lat="37.264584" lon="128.825232">
        <ele>702.3</ele>
      </trkpt>
      <trkpt lat="37.264045" lon="128.825021">
        <ele>706.6</ele>
      </trkpt>
      <trkpt lat="37.263218" lon="128.8249109">
        <ele>723.9</ele>
      </trkpt>
      <trkpt lat="37.262526" lon="128.825029">
        <ele>738.1</ele>
      </trkpt>
      <trkpt lat="37.261758" lon="128.824986">
        <ele>745.4</ele>
      </trkpt>
      <trkpt lat="37.260913" lon="128.824578">
        <ele>759.6</ele>
      </trkpt>
      <trkpt lat="37.260412" lon="128.824161">
        <ele>768.3</ele>
      </trkpt>
      <trkpt lat="37.259999" lon="128.824267">
        <ele>771.9</ele>
      </trkpt>
      <trkpt lat="37.259586" lon="128.8245169">
        <ele>779.0</ele>
      </trkpt>
      <trkpt lat="37.259367" lon="128.824932">
        <ele>780.5</ele>
      </trkpt>
      <trkpt lat="37.259112" lon="128.8249109">
        <ele>784.7</ele>
      </trkpt>
      <trkpt lat="37.258752" lon="128.82476">
        <ele>792.1</ele>
      </trkpt>
      <trkpt lat="37.258795" lon="128.824374">
        <ele>791.9</ele>
      </trkpt>
      <trkpt lat="37.258746" lon="128.824063">
        <ele>795.8</ele>
      </trkpt>
      <trkpt lat="37.258539" lon="128.823891">
        <ele>803.0</ele>
      </trkpt>
      <trkpt lat="37.2583089" lon="128.823835">
        <ele>807.3</ele>
      </trkpt>
      <trkpt lat="37.25783" lon="128.823924">
        <ele>816.9</ele>
      </trkpt>
      <trkpt lat="37.256519" lon="128.823904">
        <ele>833.8</ele>
      </trkpt>
      <trkpt lat="37.256518" lon="128.823904">
        <ele>833.8</ele>
      </trkpt>
      <trkpt lat="37.255593" lon="128.823945">
        <ele>835.9</ele>
      </trkpt>
      <trkpt lat="37.255277" lon="128.823838">
        <ele>834.7</ele>
      </trkpt>
      <trkpt lat="37.255123" lon="128.823655">
        <ele>832.1</ele>
      </trkpt>
      <trkpt lat="37.255123" lon="128.823409">
        <ele>828.9</ele>
      </trkpt>
      <trkpt lat="37.255328" lon="128.822743">
        <ele>820.8</ele>
      </trkpt>
      <trkpt lat="37.254373" lon="128.82152">
        <ele>798.8</ele>
      </trkpt>
      <trkpt lat="37.253697" lon="128.8205649">
        <ele>779.0</ele>
      </trkpt>
      <trkpt lat="37.252826" lon="128.819954">
        <ele>763.9</ele>
      </trkpt>
      <trkpt lat="37.252587" lon="128.819954">
        <ele>761.0</ele>
      </trkpt>
      <trkpt lat="37.252322" lon="128.820319">
        <ele>765.7</ele>
      </trkpt>
      <trkpt lat="37.251536" lon="128.820769">
        <ele>761.0</ele>
      </trkpt>
      <trkpt lat="37.2507329" lon="128.821048">
        <ele>753.1</ele>
      </trkpt>
      <trkpt lat="37.250383" lon="128.820941">
        <ele>747.8</ele>
      </trkpt>
      <trkpt lat="37.250127" lon="128.821053">
        <ele>746.7</ele>
      </trkpt>
      <trkpt lat="37.249922" lon="128.8214999">
        <ele>747.2</ele>
      </trkpt>
      <trkpt lat="37.249785" lon="128.821885">
        <ele>748.6</ele>
      </trkpt>
      <trkpt lat="37.249504" lon="128.822185">
        <ele>747.0</ele>
      </trkpt>
      <trkpt lat="37.249265" lon="128.822336">
        <ele>744.0</ele>
      </trkpt>
      <trkpt lat="37.248957" lon="128.822325">
        <ele>744.0</ele>
      </trkpt>
      <trkpt lat="37.248752" lon="128.82211">
        <ele>744.6</ele>
      </trkpt>
      <trkpt lat="37.2482309" lon="128.820748">
        <ele>741.4</ele>
      </trkpt>
      <trkpt lat="37.247949" lon="128.820286">
        <ele>743.6</ele>
      </trkpt>
      <trkpt lat="37.247847" lon="128.819868">
        <ele>742.0</ele>
      </trkpt>
      <trkpt lat="37.247753" lon="128.81931">
        <ele>737.3</ele>
      </trkpt>
      <trkpt lat="37.247518" lon="128.818642">
        <ele>733.6</ele>
      </trkpt>
      <trkpt lat="37.247158" lon="128.81818">
        <ele>730.1</ele>
      </trkpt>
      <trkpt lat="37.2462159" lon="128.817647">
        <ele>727.3</ele>
      </trkpt>
      <trkpt lat="37.245118" lon="128.816842">
        <ele>722.3</ele>
      </trkpt>
      <trkpt lat="37.2443979" lon="128.816199">
        <ele>722.6</ele>
      </trkpt>
      <trkpt lat="37.244217" lon="128.815898">
        <ele>721.3</ele>
      </trkpt>
      <trkpt lat="37.243944" lon="128.814954">
        <ele>715.3</ele>
      </trkpt>
      <trkpt lat="37.243688" lon="128.814364">
        <ele>716.5</ele>
      </trkpt>
      <trkpt lat="37.24326" lon="128.814053">
        <ele>712.2</ele>
      </trkpt>
      <trkpt lat="37.242223" lon="128.814065">
        <ele>707.0</ele>
      </trkpt>
      <trkpt lat="37.241937" lon="128.814042">
        <ele>706.7</ele>
      </trkpt>
      <trkpt lat="37.241676" lon="128.813806">
        <ele>706.9</ele>
      </trkpt>
      <trkpt lat="37.241219" lon="128.813463">
        <ele>706.6</ele>
      </trkpt>
      <trkpt lat="37.2407759" lon="128.81331">
        <ele>705.4</ele>
      </trkpt>
      <trkpt lat="37.2389409" lon="128.813396">
        <ele>708.8</ele>
      </trkpt>
      <trkpt lat="37.238717" lon="128.813302">
        <ele>707.2</ele>
      </trkpt>
      <trkpt lat="37.238512" lon="128.813141">
        <ele>707.2</ele>
      </trkpt>
      <trkpt lat="37.238196" lon="128.811779">
        <ele>712.8</ele>
      </trkpt>
      <trkpt lat="37.238233" lon="128.81016">
        <ele>709.2</ele>
      </trkpt>
      <trkpt lat="37.237793" lon="128.809246">
        <ele>705.5</ele>
      </trkpt>
      <trkpt lat="37.237504" lon="128.8089029">
        <ele>695.1</ele>
      </trkpt>
      <trkpt lat="37.237384" lon="128.807691">
        <ele>694.9</ele>
      </trkpt>
      <trkpt lat="37.237205" lon="128.807294">
        <ele>694.9</ele>
      </trkpt>
      <trkpt lat="37.236948" lon="128.807111">
        <ele>692.2</ele>
      </trkpt>
      <trkpt lat="37.236607" lon="128.807015">
        <ele>687.8</ele>
      </trkpt>
      <trkpt lat="37.236342" lon="128.806607">
        <ele>686.5</ele>
      </trkpt>
      <trkpt lat="37.23571" lon="128.805416">
        <ele>686.3</ele>
      </trkpt>
      <trkpt lat="37.235445" lon="128.804955">
        <ele>683.6</ele>
      </trkpt>
      <trkpt lat="37.234924" lon="128.804601">
        <ele>683.3</ele>
      </trkpt>
      <trkpt lat="37.234419" lon="128.8045349">
        <ele>683.6</ele>
      </trkpt>
      <trkpt lat="37.234036" lon="128.804311">
        <ele>679.4</ele>
      </trkpt>
      <trkpt lat="37.232997" lon="128.803478">
        <ele>673.6</ele>
      </trkpt>
      <trkpt lat="37.232165" lon="128.802605">
        <ele>662.1</ele>
      </trkpt>
      <trkpt lat="37.231755" lon="128.8018219">
        <ele>650.5</ele>
      </trkpt>
      <trkpt lat="37.230841" lon="128.800728">
        <ele>642.0</ele>
      </trkpt>
      <trkpt lat="37.230465" lon="128.800374">
        <ele>641.8</ele>
      </trkpt>
      <trkpt lat="37.230286" lon="128.79988">
        <ele>636.6</ele>
      </trkpt>
      <trkpt lat="37.229568" lon="128.798925">
        <ele>625.2</ele>
      </trkpt>
      <trkpt lat="37.228398" lon="128.7983889">
        <ele>605.6</ele>
      </trkpt>
      <trkpt lat="37.228107" lon="128.79833">
        <ele>600.2</ele>
      </trkpt>
      <trkpt lat="37.227869" lon="128.798463">
        <ele>596.6</ele>
      </trkpt>
      <trkpt lat="37.227603" lon="128.798646">
        <ele>590.9</ele>
      </trkpt>
      <trkpt lat="37.227505" lon="128.79863">
        <ele>588.7</ele>
      </trkpt>
      <trkpt lat="37.227462" lon="128.798469">
        <ele>588.7</ele>
      </trkpt>
      <trkpt lat="37.227714" lon="128.798196">
        <ele>592.1</ele>
      </trkpt>
      <trkpt lat="37.227975" lon="128.797854">
        <ele>592.8</ele>
      </trkpt>
      <trkpt lat="37.2278189" lon="128.797635">
        <ele>587.8</ele>
      </trkpt>
      <trkpt lat="37.227027" lon="128.798072">
        <ele>581.5</ele>
      </trkpt>
      <trkpt lat="37.226864" lon="128.798201">
        <ele>578.7</ele>
      </trkpt>
      <trkpt lat="37.226775" lon="128.79789">
        <ele>580.1</ele>
      </trkpt>
      <trkpt lat="37.226933" lon="128.797692">
        <ele>582.1</ele>
      </trkpt>
      <trkpt lat="37.227377" lon="128.797472">
        <ele>581.4</ele>
      </trkpt>
      <trkpt lat="37.227649" lon="128.7973079">
        <ele>582.4</ele>
      </trkpt>
      <trkpt lat="37.22774" lon="128.797059">
        <ele>582.5</ele>
      </trkpt>
      <trkpt lat="37.2279709" lon="128.796093">
        <ele>590.2</ele>
      </trkpt>
      <trkpt lat="37.227837" lon="128.795449">
        <ele>588.3</ele>
      </trkpt>
      <trkpt lat="37.227595" lon="128.7941559">
        <ele>569.1</ele>
      </trkpt>
      <trkpt lat="37.227723" lon="128.79369">
        <ele>568.6</ele>
      </trkpt>
      <trkpt lat="37.228099" lon="128.793277">
        <ele>568.8</ele>
      </trkpt>
      <trkpt lat="37.228626" lon="128.79328">
        <ele>568.4</ele>
      </trkpt>
      <trkpt lat="37.229321" lon="128.793304">
        <ele>571.6</ele>
      </trkpt>
      <trkpt lat="37.229927" lon="128.792939">
        <ele>578.0</ele>
      </trkpt>
      <trkpt lat="37.230162" lon="128.792586">
        <ele>578.0</ele>
      </trkpt>
      <trkpt lat="37.230162" lon="128.791909">
        <ele>572.1</ele>
      </trkpt>
      <trkpt lat="37.229948" lon="128.791045">
        <ele>558.2</ele>
      </trkpt>
      <trkpt lat="37.229927" lon="128.790476">
        <ele>557.0</ele>
      </trkpt>
      <trkpt lat="37.230286" lon="128.78979">
        <ele>561.2</ele>
      </trkpt>
      <trkpt lat="37.230644" lon="128.789092">
        <ele>556.9</ele>
      </trkpt>
      <trkpt lat="37.2311059" lon="128.788776">
        <ele>557.8</ele>
      </trkpt>
      <trkpt lat="37.231554" lon="128.788765">
        <ele>557.7</ele>
      </trkpt>
      <trkpt lat="37.232494" lon="128.789108">
        <ele>552.3</ele>
      </trkpt>
      <trkpt lat="37.233092" lon="128.789586">
        <ele>555.7</ele>
      </trkpt>
      <trkpt lat="37.234407" lon="128.790782">
        <ele>552.5</ele>
      </trkpt>
      <trkpt lat="37.235911" lon="128.791485">
        <ele>553.2</ele>
      </trkpt>
      <trkpt lat="37.236778" lon="128.79149">
        <ele>552.4</ele>
      </trkpt>
      <trkpt lat="37.237815" lon="128.7912289">
        <ele>552.9</ele>
      </trkpt>
      <trkpt lat="37.239236" lon="128.790462">
        <ele>546.0</ele>
      </trkpt>
      <trkpt lat="37.239776" lon="128.78986">
        <ele>538.5</ele>
      </trkpt>
      <trkpt lat="37.240266" lon="128.789137">
        <ele>532.1</ele>
      </trkpt>
      <trkpt lat="37.240462" lon="128.7885839">
        <ele>532.8</ele>
      </trkpt>
      <trkpt lat="37.240525" lon="128.787833">
        <ele>532.1</ele>
      </trkpt>
      <trkpt lat="37.2401709" lon="128.787133">
        <ele>529.2</ele>
      </trkpt>
      <trkpt lat="37.238845" lon="128.786523">
        <ele>527.3</ele>
      </trkpt>
      <trkpt lat="37.23858" lon="128.7862979">
        <ele>528.1</ele>
      </trkpt>
      <trkpt lat="37.238195" lon="128.784761">
        <ele>521.8</ele>
      </trkpt>
      <trkpt lat="37.237619" lon="128.783564">
        <ele>528.0</ele>
      </trkpt>
      <trkpt lat="37.23707" lon="128.783239">
        <ele>527.8</ele>
      </trkpt>
      <trkpt lat="37.236641" lon="128.783047">
        <ele>524.3</ele>
      </trkpt>
      <trkpt lat="37.2364869" lon="128.782714">
        <ele>528.7</ele>
      </trkpt>
      <trkpt lat="37.2365039" lon="128.782285">
        <ele>528.8</ele>
      </trkpt>
      <trkpt lat="37.2366839" lon="128.781448">
        <ele>520.9</ele>
      </trkpt>
      <trkpt lat="37.237162" lon="128.780525">
        <ele>519.3</ele>
      </trkpt>
      <trkpt lat="37.237606" lon="128.779817">
        <ele>512.4</ele>
      </trkpt>
      <trkpt lat="37.238392" lon="128.778895">
        <ele>512.1</ele>
      </trkpt>
      <trkpt lat="37.238811" lon="128.778744">
        <ele>511.8</ele>
      </trkpt>
      <trkpt lat="37.239861" lon="128.778616">
        <ele>514.9</ele>
      </trkpt>
      <trkpt lat="37.2402919" lon="128.778481">
        <ele>518.8</ele>
      </trkpt>
      <trkpt lat="37.241228" lon="128.777586">
        <ele>515.0</ele>
      </trkpt>
      <trkpt lat="37.242195" lon="128.776832">
        <ele>506.4</ele>
      </trkpt>
      <trkpt lat="37.24242" lon="128.776794">
        <ele>505.6</ele>
      </trkpt>
      <trkpt lat="37.243372" lon="128.776845">
        <ele>504.4</ele>
      </trkpt>
      <trkpt lat="37.243867" lon="128.776631">
        <ele>499.8</ele>
      </trkpt>
      <trkpt lat="37.244507" lon="128.777028">
        <ele>498.2</ele>
      </trkpt>
      <trkpt lat="37.245071" lon="128.777618">
        <ele>496.9</ele>
      </trkpt>
      <trkpt lat="37.245233" lon="128.777886">
        <ele>498.2</ele>
      </trkpt>
      <trkpt lat="37.245902" lon="128.776957">
        <ele>498.2</ele>
      </trkpt>
      <trkpt lat="37.245959" lon="128.776878">
        <ele>498.4</ele>
      </trkpt>
      <trkpt lat="37.246856" lon="128.777951">
        <ele>494.5</ele>
      </trkpt>
      <trkpt lat="37.247685" lon="128.778015">
        <ele>494.0</ele>
      </trkpt>
      <trkpt lat="37.249068" lon="128.778208">
        <ele>490.7</ele>
      </trkpt>
      <trkpt lat="37.24982" lon="128.778187">
        <ele>491.4</ele>
      </trkpt>
      <trkpt lat="37.250614" lon="128.777886">
        <ele>491.3</ele>
      </trkpt>
      <trkpt lat="37.252433" lon="128.777854">
        <ele>489.1</ele>
      </trkpt>
      <trkpt lat="37.253654" lon="128.777951">
        <ele>484.9</ele>
      </trkpt>
      <trkpt lat="37.254132" lon="128.7791949">
        <ele>487.2</ele>
      </trkpt>
      <trkpt lat="37.254334" lon="128.779595">
        <ele>491.9</ele>
      </trkpt>
      <trkpt lat="37.25472" lon="128.7799609">
        <ele>499.7</ele>
      </trkpt>
      <trkpt lat="37.254764" lon="128.780022">
        <ele>500.8</ele>
      </trkpt>
      <trkpt lat="37.254941" lon="128.7803769">
        <ele>505.5</ele>
      </trkpt>
      <trkpt lat="37.255131" lon="128.780847">
        <ele>512.4</ele>
      </trkpt>
      <trkpt lat="37.254969" lon="128.781116">
        <ele>516.0</ele>
      </trkpt>
      <trkpt lat="37.254456" lon="128.781533">
        <ele>515.0</ele>
      </trkpt>
      <trkpt lat="37.254312" lon="128.781663">
        <ele>513.6</ele>
      </trkpt>
      <trkpt lat="37.254321" lon="128.781838">
        <ele>516.6</ele>
      </trkpt>
      <trkpt lat="37.254479" lon="128.78193">
        <ele>523.1</ele>
      </trkpt>
      <trkpt lat="37.254918" lon="128.781427">
        <ele>522.9</ele>
      </trkpt>
      <trkpt lat="37.255567" lon="128.781137">
        <ele>531.2</ele>
      </trkpt>
      <trkpt lat="37.2556269" lon="128.781362">
        <ele>539.6</ele>
      </trkpt>
      <trkpt lat="37.254873" lon="128.781809">
        <ele>532.0</ele>
      </trkpt>
      <trkpt lat="37.254347" lon="128.782675">
        <ele>531.0</ele>
      </trkpt>
      <trkpt lat="37.254379" lon="128.78351">
        <ele>545.5</ele>
      </trkpt>
      <trkpt lat="37.254318" lon="128.784309">
        <ele>551.3</ele>
      </trkpt>
      <trkpt lat="37.25428" lon="128.785158">
        <ele>551.8</ele>
      </trkpt>
      <trkpt lat="37.254457" lon="128.785439">
        <ele>554.7</ele>
      </trkpt>
      <trkpt lat="37.254713" lon="128.785579">
        <ele>559.2</ele>
      </trkpt>
      <trkpt lat="37.255328" lon="128.785675">
        <ele>571.1</ele>
      </trkpt>
      <trkpt lat="37.255678" lon="128.786008">
        <ele>571.8</ele>
      </trkpt>
      <trkpt lat="37.255968" lon="128.786598">
        <ele>562.5</ele>
      </trkpt>
      <trkpt lat="37.256728" lon="128.786758">
        <ele>565.2</ele>
      </trkpt>
      <trkpt lat="37.257232" lon="128.78692">
        <ele>569.4</ele>
      </trkpt>
      <trkpt lat="37.257838" lon="128.788143">
        <ele>574.3</ele>
      </trkpt>
      <trkpt lat="37.257888" lon="128.789681">
        <ele>558.8</ele>
      </trkpt>
      <trkpt lat="37.258337" lon="128.791119">
        <ele>559.7</ele>
      </trkpt>
      <trkpt lat="37.259533" lon="128.794551">
        <ele>568.7</ele>
      </trkpt>
      <trkpt lat="37.260118" lon="128.795535">
        <ele>572.5</ele>
      </trkpt>
      <trkpt lat="37.260349" lon="128.795868">
        <ele>574.1</ele>
      </trkpt>
      <trkpt lat="37.260708" lon="128.795986">
        <ele>576.7</ele>
      </trkpt>
      <trkpt lat="37.261546" lon="128.796247">
        <ele>581.2</ele>
      </trkpt>
      <trkpt lat="37.26192" lon="128.796093">
        <ele>584.4</ele>
      </trkpt>
      <trkpt lat="37.262287" lon="128.7958779">
        <ele>585.6</ele>
      </trkpt>
      <trkpt lat="37.262586" lon="128.795803">
        <ele>586.1</ele>
      </trkpt>
      <trkpt lat="37.263218" lon="128.796093">
        <ele>585.2</ele>
      </trkpt>
      <trkpt lat="37.263901" lon="128.79605">
        <ele>588.3</ele>
      </trkpt>
      <trkpt lat="37.264226" lon="128.7959">
        <ele>590.2</ele>
      </trkpt>
      <trkpt lat="37.264465" lon="128.795363">
        <ele>599.2</ele>
      </trkpt>
      <trkpt lat="37.265256" lon="128.794612">
        <ele>603.5</ele>
      </trkpt>
      <trkpt lat="37.265533" lon="128.794159">
        <ele>603.8</ele>
      </trkpt>
      <trkpt lat="37.265532" lon="128.7936039">
        <ele>616.5</ele>
      </trkpt>
      <trkpt lat="37.265865" lon="128.793411">
        <ele>604.2</ele>
      </trkpt>
      <trkpt lat="37.266915" lon="128.793239">
        <ele>614.0</ele>
      </trkpt>
      <trkpt lat="37.267462" lon="128.7938179">
        <ele>608.3</ele>
      </trkpt>
      <trkpt lat="37.26776" lon="128.793733">
        <ele>609.5</ele>
      </trkpt>
      <trkpt lat="37.268085" lon="128.7934">
        <ele>607.8</ele>
      </trkpt>
      <trkpt lat="37.268544" lon="128.7934469">
        <ele>608.0</ele>
      </trkpt>
      <trkpt lat="37.268794" lon="128.793432">
        <ele>609.5</ele>
      </trkpt>
      <trkpt lat="37.269092" lon="128.793218">
        <ele>612.7</ele>
      </trkpt>
      <trkpt lat="37.270023" lon="128.792617">
        <ele>622.8</ele>
      </trkpt>
      <trkpt lat="37.270236" lon="128.792424">
        <ele>625.1</ele>
      </trkpt>
      <trkpt lat="37.2707059" lon="128.791587">
        <ele>635.8</ele>
      </trkpt>
      <trkpt lat="37.270954" lon="128.791426">
        <ele>641.0</ele>
      </trkpt>
      <trkpt lat="37.271227" lon="128.791372">
        <ele>644.5</ele>
      </trkpt>
      <trkpt lat="37.271696" lon="128.791909">
        <ele>631.0</ele>
      </trkpt>
      <trkpt lat="37.271935" lon="128.791801">
        <ele>630.7</ele>
      </trkpt>
      <trkpt lat="37.272217" lon="128.791469">
        <ele>638.4</ele>
      </trkpt>
      <trkpt lat="37.272473" lon="128.791362">
        <ele>641.9</ele>
      </trkpt>
      <trkpt lat="37.272875" lon="128.791437">
        <ele>640.6</ele>
      </trkpt>
      <trkpt lat="37.273387" lon="128.791501">
        <ele>640.2</ele>
      </trkpt>
      <trkpt lat="37.275291" lon="128.7912849">
        <ele>641.7</ele>
      </trkpt>
      <trkpt lat="37.2765289" lon="128.791136">
        <ele>640.8</ele>
      </trkpt>
      <trkpt lat="37.277468" lon="128.791286">
        <ele>651.0</ele>
      </trkpt>
      <trkpt lat="37.27856" lon="128.791619">
        <ele>656.7</ele>
      </trkpt>
      <trkpt lat="37.278928" lon="128.792155">
        <ele>660.1</ele>
      </trkpt>
      <trkpt lat="37.2798749" lon="128.792831">
        <ele>666.2</ele>
      </trkpt>
      <trkpt lat="37.280874" lon="128.793271">
        <ele>662.9</ele>
      </trkpt>
      <trkpt lat="37.281318" lon="128.793572">
        <ele>669.2</ele>
      </trkpt>
      <trkpt lat="37.281676" lon="128.7942909">
        <ele>669.2</ele>
      </trkpt>
      <trkpt lat="37.282188" lon="128.794913">
        <ele>679.6</ele>
      </trkpt>
      <trkpt lat="37.282675" lon="128.795481">
        <ele>688.3</ele>
      </trkpt>
      <trkpt lat="37.282991" lon="128.796393">
        <ele>703.5</ele>
      </trkpt>
      <trkpt lat="37.283068" lon="128.79708">
        <ele>706.9</ele>
      </trkpt>
      <trkpt lat="37.283264" lon="128.79723">
        <ele>704.8</ele>
      </trkpt>
      <trkpt lat="37.283691" lon="128.79737">
        <ele>715.7</ele>
      </trkpt>
      <trkpt lat="37.283965" lon="128.79818">
        <ele>714.1</ele>
      </trkpt>
      <trkpt lat="37.284306" lon="128.798496">
        <ele>716.5</ele>
      </trkpt>
      <trkpt lat="37.284664" lon="128.798689">
        <ele>722.5</ele>
      </trkpt>
      <trkpt lat="37.285364" lon="128.798764">
        <ele>731.2</ele>
      </trkpt>
      <trkpt lat="37.285911" lon="128.799257">
        <ele>724.3</ele>
      </trkpt>
      <trkpt lat="37.286064" lon="128.799419">
        <ele>727.7</ele>
      </trkpt>
      <trkpt lat="37.2860299" lon="128.799623">
        <ele>726.6</ele>
      </trkpt>
      <trkpt lat="37.285714" lon="128.799816">
        <ele>726.3</ele>
      </trkpt>
      <trkpt lat="37.285204" lon="128.799303">
        <ele>722.3</ele>
      </trkpt>
      <trkpt lat="37.2850139" lon="128.799344">
        <ele>723.5</ele>
      </trkpt>
      <trkpt lat="37.284895" lon="128.799515">
        <ele>730.8</ele>
      </trkpt>
      <trkpt lat="37.28498" lon="128.799794">
        <ele>738.1</ele>
      </trkpt>
      <trkpt lat="37.2855599" lon="128.800191">
        <ele>736.3</ele>
      </trkpt>
      <trkpt lat="37.286388" lon="128.801865">
        <ele>751.2</ele>
      </trkpt>
      <trkpt lat="37.286474" lon="128.802541">
        <ele>758.0</ele>
      </trkpt>
      <trkpt lat="37.286431" lon="128.803775">
        <ele>771.0</ele>
      </trkpt>
      <trkpt lat="37.286269" lon="128.804086">
        <ele>776.0</ele>
      </trkpt>
      <trkpt lat="37.286056" lon="128.804301">
        <ele>781.0</ele>
      </trkpt>
      <trkpt lat="37.28604" lon="128.804548">
        <ele>784.8</ele>
      </trkpt>
      <trkpt lat="37.286135" lon="128.804774">
        <ele>787.1</ele>
      </trkpt>
      <trkpt lat="37.286316" lon="128.804855">
        <ele>786.6</ele>
      </trkpt>
      <trkpt lat="37.286557" lon="128.804757">
        <ele>782.7</ele>
      </trkpt>
      <trkpt lat="37.286994" lon="128.8045129">
        <ele>781.9</ele>
      </trkpt>
      <trkpt lat="37.287259" lon="128.8045689">
        <ele>787.0</ele>
      </trkpt>
      <trkpt lat="37.287557" lon="128.804867">
        <ele>799.6</ele>
      </trkpt>
      <trkpt lat="37.287728" lon="128.80487">
        <ele>803.1</ele>
      </trkpt>
      <trkpt lat="37.287933" lon="128.804708">
        <ele>803.9</ele>
      </trkpt>
      <trkpt lat="37.288013" lon="128.803807">
        <ele>794.9</ele>
      </trkpt>
      <trkpt lat="37.2881209" lon="128.803442">
        <ele>797.8</ele>
      </trkpt>
      <trkpt lat="37.288347" lon="128.803244">
        <ele>802.7</ele>
      </trkpt>
      <trkpt lat="37.289231" lon="128.803222">
        <ele>821.6</ele>
      </trkpt>
      <trkpt lat="37.289461" lon="128.803051">
        <ele>826.5</ele>
      </trkpt>
      <trkpt lat="37.289571" lon="128.802741">
        <ele>826.0</ele>
      </trkpt>
      <trkpt lat="37.289653" lon="128.80253">
        <ele>826.0</ele>
      </trkpt>
      <trkpt lat="37.289854" lon="128.802337">
        <ele>831.9</ele>
      </trkpt>
      <trkpt lat="37.291113" lon="128.801887">
        <ele>838.1</ele>
      </trkpt>
      <trkpt lat="37.2915009" lon="128.801414">
        <ele>845.2</ele>
      </trkpt>
      <trkpt lat="37.291868" lon="128.801361">
        <ele>840.3</ele>
      </trkpt>
      <trkpt lat="37.292013" lon="128.801184">
        <ele>840.9</ele>
      </trkpt>
      <trkpt lat="37.291988" lon="128.800207">
        <ele>862.3</ele>
      </trkpt>
      <trkpt lat="37.2921369" lon="128.799939">
        <ele>864.4</ele>
      </trkpt>
      <trkpt lat="37.292389" lon="128.799757">
        <ele>863.6</ele>
      </trkpt>
      <trkpt lat="37.292739" lon="128.799692">
        <ele>857.9</ele>
      </trkpt>
      <trkpt lat="37.293016" lon="128.799607">
        <ele>852.1</ele>
      </trkpt>
      <trkpt lat="37.293119" lon="128.799338">
        <ele>850.1</ele>
      </trkpt>
      <trkpt lat="37.292957" lon="128.798684">
        <ele>852.3</ele>
      </trkpt>
      <trkpt lat="37.292735" lon="128.797697">
        <ele>857.5</ele>
      </trkpt>
      <trkpt lat="37.29268" lon="128.797318">
        <ele>861.9</ele>
      </trkpt>
      <trkpt lat="37.292777" lon="128.797026">
        <ele>861.1</ele>
      </trkpt>
      <trkpt lat="37.292982" lon="128.796796">
        <ele>854.0</ele>
      </trkpt>
      <trkpt lat="37.293379" lon="128.796538">
        <ele>835.7</ele>
      </trkpt>
      <trkpt lat="37.293507" lon="128.796281">
        <ele>829.7</ele>
      </trkpt>
      <trkpt lat="37.293447" lon="128.796039">
        <ele>830.2</ele>
      </trkpt>
      <trkpt lat="37.293272" lon="128.7956419">
        <ele>838.1</ele>
      </trkpt>
      <trkpt lat="37.293221" lon="128.795342">
        <ele>843.1</ele>
      </trkpt>
      <trkpt lat="37.293289" lon="128.795111">
        <ele>841.3</ele>
      </trkpt>
      <trkpt lat="37.293464" lon="128.794934">
        <ele>841.1</ele>
      </trkpt>
      <trkpt lat="37.293797" lon="128.794918">
        <ele>837.3</ele>
      </trkpt>
      <trkpt lat="37.294523" lon="128.795052">
        <ele>819.4</ele>
      </trkpt>
      <trkpt lat="37.294975" lon="128.795165">
        <ele>807.7</ele>
      </trkpt>
      <trkpt lat="37.295189" lon="128.795058">
        <ele>807.7</ele>
      </trkpt>
      <trkpt lat="37.295364" lon="128.794752">
        <ele>818.7</ele>
      </trkpt>
      <trkpt lat="37.295513" lon="128.794661">
        <ele>819.7</ele>
      </trkpt>
      <trkpt lat="37.295782" lon="128.794704">
        <ele>811.8</ele>
      </trkpt>
      <trkpt lat="37.296055" lon="128.794907">
        <ele>796.0</ele>
      </trkpt>
      <trkpt lat="37.29646" lon="128.795283">
        <ele>773.7</ele>
      </trkpt>
      <trkpt lat="37.296738" lon="128.795299">
        <ele>767.1</ele>
      </trkpt>
      <trkpt lat="37.296951" lon="128.795133">
        <ele>766.1</ele>
      </trkpt>
      <trkpt lat="37.296942" lon="128.794832">
        <ele>769.5</ele>
      </trkpt>
      <trkpt lat="37.296785" lon="128.794205">
        <ele>776.8</ele>
      </trkpt>
      <trkpt lat="37.296716" lon="128.793636">
        <ele>782.9</ele>
      </trkpt>
      <trkpt lat="37.296759" lon="128.79333">
        <ele>783.5</ele>
      </trkpt>
      <trkpt lat="37.296998" lon="128.793078">
        <ele>787.7</ele>
      </trkpt>
      <trkpt lat="37.297344" lon="128.7930299">
        <ele>780.4</ele>
      </trkpt>
      <trkpt lat="37.297651" lon="128.793191">
        <ele>770.5</ele>
      </trkpt>
      <trkpt lat="37.298423" lon="128.794076">
        <ele>745.3</ele>
      </trkpt>
      <trkpt lat="37.298923" lon="128.794618">
        <ele>736.5</ele>
      </trkpt>
      <trkpt lat="37.299168" lon="128.794794">
        <ele>732.9</ele>
      </trkpt>
      <trkpt lat="37.299503" lon="128.794752">
        <ele>729.6</ele>
      </trkpt>
      <trkpt lat="37.2998059" lon="128.794559">
        <ele>732.6</ele>
      </trkpt>
      <trkpt lat="37.30013" lon="128.794537">
        <ele>730.4</ele>
      </trkpt>
      <trkpt lat="37.301048" lon="128.794682">
        <ele>718.4</ele>
      </trkpt>
      <trkpt lat="37.30147" lon="128.794816">
        <ele>711.6</ele>
      </trkpt>
      <trkpt lat="37.301875" lon="128.795122">
        <ele>698.1</ele>
      </trkpt>
      <trkpt lat="37.302541" lon="128.794977">
        <ele>693.5</ele>
      </trkpt>
      <trkpt lat="37.30281" lon="128.795042">
        <ele>685.6</ele>
      </trkpt>
      <trkpt lat="37.302993" lon="128.794972">
        <ele>682.6</ele>
      </trkpt>
      <trkpt lat="37.303395" lon="128.794355">
        <ele>680.3</ele>
      </trkpt>
      <trkpt lat="37.303578" lon="128.794189">
        <ele>682.6</ele>
      </trkpt>
      <trkpt lat="37.303821" lon="128.794194">
        <ele>683.3</ele>
      </trkpt>
      <trkpt lat="37.304" lon="128.794398">
        <ele>680.2</ele>
      </trkpt>
      <trkpt lat="37.30415" lon="128.7951469">
        <ele>666.4</ele>
      </trkpt>
      <trkpt lat="37.304318" lon="128.795849">
        <ele>662.0</ele>
      </trkpt>
      <trkpt lat="37.304619" lon="128.796404">
        <ele>658.1</ele>
      </trkpt>
      <trkpt lat="37.305204" lon="128.796892">
        <ele>651.1</ele>
      </trkpt>
      <trkpt lat="37.305571" lon="128.797659">
        <ele>642.0</ele>
      </trkpt>
      <trkpt lat="37.305814" lon="128.798357">
        <ele>635.4</ele>
      </trkpt>
      <trkpt lat="37.3061" lon="128.79951">
        <ele>626.0</ele>
      </trkpt>
      <trkpt lat="37.3065179" lon="128.800749">
        <ele>610.0</ele>
      </trkpt>
      <trkpt lat="37.307047" lon="128.80149">
        <ele>599.9</ele>
      </trkpt>
      <trkpt lat="37.30779" lon="128.802305">
        <ele>594.4</ele>
      </trkpt>
      <trkpt lat="37.308408" lon="128.802965">
        <ele>586.4</ele>
      </trkpt>
      <trkpt lat="37.3088989" lon="128.803566">
        <ele>582.4</ele>
      </trkpt>
      <trkpt lat="37.309859" lon="128.805293">
        <ele>564.1</ele>
      </trkpt>
      <trkpt lat="37.310644" lon="128.8065">
        <ele>563.1</ele>
      </trkpt>
      <trkpt lat="37.311002" lon="128.8068649">
        <ele>563.3</ele>
      </trkpt>
      <trkpt lat="37.311318" lon="128.807444">
        <ele>555.4</ele>
      </trkpt>
      <trkpt lat="37.3115359" lon="128.808265">
        <ele>548.7</ele>
      </trkpt>
      <trkpt lat="37.311723" lon="128.808699">
        <ele>544.7</ele>
      </trkpt>
      <trkpt lat="37.312427" lon="128.810089">
        <ele>535.4</ele>
      </trkpt>
      <trkpt lat="37.312551" lon="128.810727">
        <ele>527.5</ele>
      </trkpt>
      <trkpt lat="37.312696" lon="128.81224">
        <ele>535.2</ele>
      </trkpt>
      <trkpt lat="37.313511" lon="128.8124489">
        <ele>537.3</ele>
      </trkpt>
      <trkpt lat="37.314164" lon="128.8127979">
        <ele>537.7</ele>
      </trkpt>
      <trkpt lat="37.314535" lon="128.812803">
        <ele>540.3</ele>
      </trkpt>
      <trkpt lat="37.315124" lon="128.812401">
        <ele>542.7</ele>
      </trkpt>
      <trkpt lat="37.316408" lon="128.811945">
        <ele>569.2</ele>
      </trkpt>
      <trkpt lat="37.316882" lon="128.81092">
        <ele>556.9</ele>
      </trkpt>
      <trkpt lat="37.317035" lon="128.810797">
        <ele>552.8</ele>
      </trkpt>
      <trkpt lat="37.317202" lon="128.810877">
        <ele>552.2</ele>
      </trkpt>
      <trkpt lat="37.317585" lon="128.811424">
        <ele>565.6</ele>
      </trkpt>
      <trkpt lat="37.318106" lon="128.81238">
        <ele>571.2</ele>
      </trkpt>
      <trkpt lat="37.318439" lon="128.812953">
        <ele>568.9</ele>
      </trkpt>
      <trkpt lat="37.318865" lon="128.81357">
        <ele>564.4</ele>
      </trkpt>
      <trkpt lat="37.319147" lon="128.813785">
        <ele>559.9</ele>
      </trkpt>
      <trkpt lat="37.319791" lon="128.814032">
        <ele>545.6</ele>
      </trkpt>
      <trkpt lat="37.320545" lon="128.814143">
        <ele>535.3</ele>
      </trkpt>
      <trkpt lat="37.321667" lon="128.814229">
        <ele>537.4</ele>
      </trkpt>
      <trkpt lat="37.3218559" lon="128.814139">
        <ele>536.5</ele>
      </trkpt>
      <trkpt lat="37.322009" lon="128.813758">
        <ele>534.3</ele>
      </trkpt>
      <trkpt lat="37.322421" lon="128.812178">
        <ele>535.5</ele>
      </trkpt>
      <trkpt lat="37.322538" lon="128.81077">
        <ele>522.2</ele>
      </trkpt>
      <trkpt lat="37.322952" lon="128.809483">
        <ele>523.2</ele>
      </trkpt>
      <trkpt lat="37.3230379" lon="128.808909">
        <ele>520.7</ele>
      </trkpt>
      <trkpt lat="37.323063" lon="128.8084529">
        <ele>517.4</ele>
      </trkpt>
      <trkpt lat="37.323093" lon="128.807219">
        <ele>509.7</ele>
      </trkpt>
      <trkpt lat="37.323392" lon="128.805304">
        <ele>507.6</ele>
      </trkpt>
      <trkpt lat="37.323357" lon="128.804982">
        <ele>508.5</ele>
      </trkpt>
      <trkpt lat="37.323144" lon="128.80474">
        <ele>512.4</ele>
      </trkpt>
      <trkpt lat="37.322218" lon="128.80437">
        <ele>515.1</ele>
      </trkpt>
      <trkpt lat="37.321975" lon="128.80415">
        <ele>515.9</ele>
      </trkpt>
      <trkpt lat="37.32186" lon="128.803812">
        <ele>516.5</ele>
      </trkpt>
      <trkpt lat="37.32186" lon="128.803013">
        <ele>522.3</ele>
      </trkpt>
      <trkpt lat="37.321928" lon="128.802364">
        <ele>531.3</ele>
      </trkpt>
      <trkpt lat="37.321992" lon="128.802031">
        <ele>536.6</ele>
      </trkpt>
      <trkpt lat="37.322189" lon="128.801736">
        <ele>534.4</ele>
      </trkpt>
      <trkpt lat="37.322453" lon="128.801425">
        <ele>536.5</ele>
      </trkpt>
      <trkpt lat="37.322692" lon="128.801318">
        <ele>535.2</ele>
      </trkpt>
      <trkpt lat="37.323089" lon="128.801313">
        <ele>524.4</ele>
      </trkpt>
      <trkpt lat="37.32352" lon="128.801409">
        <ele>517.1</ele>
      </trkpt>
      <trkpt lat="37.324194" lon="128.801645">
        <ele>510.3</ele>
      </trkpt>
      <trkpt lat="37.325196" lon="128.801999">
        <ele>515.7</ele>
      </trkpt>
      <trkpt lat="37.325652" lon="128.802053">
        <ele>518.8</ele>
      </trkpt>
      <trkpt lat="37.326075" lon="128.802031">
        <ele>524.2</ele>
      </trkpt>
      <trkpt lat="37.326804" lon="128.801693">
        <ele>529.2</ele>
      </trkpt>
      <trkpt lat="37.326996" lon="128.801463">
        <ele>534.2</ele>
      </trkpt>
      <trkpt lat="37.327124" lon="128.801184">
        <ele>537.2</ele>
      </trkpt>
      <trkpt lat="37.327128" lon="128.800803">
        <ele>533.2</ele>
      </trkpt>
      <trkpt lat="37.326783" lon="128.79988">
        <ele>532.7</ele>
      </trkpt>
      <trkpt lat="37.32642" lon="128.798877">
        <ele>537.8</ele>
      </trkpt>
      <trkpt lat="37.326169" lon="128.798432">
        <ele>531.0</ele>
      </trkpt>
      <trkpt lat="37.32561" lon="128.797767">
        <ele>511.1</ele>
      </trkpt>
      <trkpt lat="37.325443" lon="128.797279">
        <ele>507.4</ele>
      </trkpt>
      <trkpt lat="37.325401" lon="128.796844">
        <ele>504.6</ele>
      </trkpt>
      <trkpt lat="37.32558" lon="128.795948">
        <ele>503.2</ele>
      </trkpt>
      <trkpt lat="37.326062" lon="128.794108">
        <ele>494.4</ele>
      </trkpt>
      <trkpt lat="37.326275" lon="128.793776">
        <ele>496.2</ele>
      </trkpt>
      <trkpt lat="37.326557" lon="128.793636">
        <ele>496.8</ele>
      </trkpt>
      <trkpt lat="37.3268" lon="128.793561">
        <ele>496.6</ele>
      </trkpt>
      <trkpt lat="37.3271159" lon="128.7935929">
        <ele>499.1</ele>
      </trkpt>
      <trkpt lat="37.327598" lon="128.793768">
        <ele>505.2</ele>
      </trkpt>
      <trkpt lat="37.329428" lon="128.794661">
        <ele>499.9</ele>
      </trkpt>
      <trkpt lat="37.3302" lon="128.7948">
        <ele>501.0</ele>
      </trkpt>
      <trkpt lat="37.3320549" lon="128.795229">
        <ele>492.6</ele>
      </trkpt>
      <trkpt lat="37.332725" lon="128.795245">
        <ele>494.2</ele>
      </trkpt>
      <trkpt lat="37.333339" lon="128.795379">
        <ele>491.7</ele>
      </trkpt>
      <trkpt lat="37.334802" lon="128.795701">
        <ele>502.7</ele>
      </trkpt>
      <trkpt lat="37.335374" lon="128.795685">
        <ele>512.2</ele>
      </trkpt>
      <trkpt lat="37.335783" lon="128.79561">
        <ele>516.4</ele>
      </trkpt>
      <trkpt lat="37.336069" lon="128.795433">
        <ele>511.7</ele>
      </trkpt>
      <trkpt lat="37.337075" lon="128.794344">
        <ele>479.5</ele>
      </trkpt>
      <trkpt lat="37.337621" lon="128.793915">
        <ele>473.4</ele>
      </trkpt>
      <trkpt lat="37.33795" lon="128.793867">
        <ele>476.1</ele>
      </trkpt>
      <trkpt lat="37.337958" lon="128.7935929">
        <ele>475.5</ele>
      </trkpt>
      <trkpt lat="37.337997" lon="128.793325">
        <ele>475.2</ele>
      </trkpt>
      <trkpt lat="37.338125" lon="128.792735">
        <ele>473.9</ele>
      </trkpt>
      <trkpt lat="37.338163" lon="128.792236">
        <ele>473.4</ele>
      </trkpt>
      <trkpt lat="37.338056" lon="128.791801">
        <ele>473.9</ele>
      </trkpt>
      <trkpt lat="37.337715" lon="128.791211">
        <ele>474.5</ele>
      </trkpt>
      <trkpt lat="37.337566" lon="128.790793">
        <ele>471.2</ele>
      </trkpt>
      <trkpt lat="37.337434" lon="128.790042">
        <ele>464.7</ele>
      </trkpt>
      <trkpt lat="37.337459" lon="128.7898109">
        <ele>463.7</ele>
      </trkpt>
      <trkpt lat="37.3375739" lon="128.7894839">
        <ele>463.5</ele>
      </trkpt>
      <trkpt lat="37.337843" lon="128.789076">
        <ele>463.4</ele>
      </trkpt>
      <trkpt lat="37.33824" lon="128.788631">
        <ele>463.1</ele>
      </trkpt>
      <trkpt lat="37.33847" lon="128.788433">
        <ele>462.8</ele>
      </trkpt>
      <trkpt lat="37.338863" lon="128.788261">
        <ele>463.3</ele>
      </trkpt>
      <trkpt lat="37.3394679" lon="128.788175">
        <ele>464.4</ele>
      </trkpt>
      <trkpt lat="37.339869" lon="128.78818">
        <ele>464.3</ele>
      </trkpt>
      <trkpt lat="37.339988" lon="128.786662">
        <ele>457.1</ele>
      </trkpt>
      <trkpt lat="37.340035" lon="128.785825">
        <ele>459.7</ele>
      </trkpt>
      <trkpt lat="37.339532" lon="128.785514">
        <ele>458.2</ele>
      </trkpt>
      <trkpt lat="37.339127" lon="128.785471">
        <ele>458.3</ele>
      </trkpt>
      <trkpt lat="37.338962" lon="128.78552">
        <ele>459.1</ele>
      </trkpt>
      <trkpt lat="37.33873" lon="128.7855889">
        <ele>459.7</ele>
      </trkpt>
      <trkpt lat="37.33844" lon="128.785788">
        <ele>457.9</ele>
      </trkpt>
      <trkpt lat="37.338189" lon="128.786196">
        <ele>460.4</ele>
      </trkpt>
      <trkpt lat="37.33795" lon="128.786705">
        <ele>460.3</ele>
      </trkpt>
      <trkpt lat="37.337459" lon="128.788567">
        <ele>460.9</ele>
      </trkpt>
      <trkpt lat="37.337289" lon="128.789468">
        <ele>465.3</ele>
      </trkpt>
      <trkpt lat="37.33734" lon="128.7900469">
        <ele>465.4</ele>
      </trkpt>
      <trkpt lat="37.336824" lon="128.790428">
        <ele>476.5</ele>
      </trkpt>
      <trkpt lat="37.336683" lon="128.79045">
        <ele>479.0</ele>
      </trkpt>
      <trkpt lat="37.33644" lon="128.790112">
        <ele>482.0</ele>
      </trkpt>
      <trkpt lat="37.336257" lon="128.790026">
        <ele>488.7</ele>
      </trkpt>
      <trkpt lat="37.336005" lon="128.790063">
        <ele>501.2</ele>
      </trkpt>
      <trkpt lat="37.3356" lon="128.79023">
        <ele>512.2</ele>
      </trkpt>
      <trkpt lat="37.335143" lon="128.790133">
        <ele>510.8</ele>
      </trkpt>
      <trkpt lat="37.334503" lon="128.789956">
        <ele>508.2</ele>
      </trkpt>
      <trkpt lat="37.33383" lon="128.78972">
        <ele>514.5</ele>
      </trkpt>
      <trkpt lat="37.33325" lon="128.789865">
        <ele>507.0</ele>
      </trkpt>
      <trkpt lat="37.333058" lon="128.789838">
        <ele>510.2</ele>
      </trkpt>
      <trkpt lat="37.3329" lon="128.789693">
        <ele>512.9</ele>
      </trkpt>
      <trkpt lat="37.332823" lon="128.788867">
        <ele>519.4</ele>
      </trkpt>
      <trkpt lat="37.332712" lon="128.788679">
        <ele>519.6</ele>
      </trkpt>
      <trkpt lat="37.331863" lon="128.788411">
        <ele>508.5</ele>
      </trkpt>
      <trkpt lat="37.331637" lon="128.788282">
        <ele>505.8</ele>
      </trkpt>
      <trkpt lat="37.3313" lon="128.787891">
        <ele>513.5</ele>
      </trkpt>
      <trkpt lat="37.3310559" lon="128.786966">
        <ele>511.4</ele>
      </trkpt>
      <trkpt lat="37.330933" lon="128.786721">
        <ele>507.4</ele>
      </trkpt>
      <trkpt lat="37.3307379" lon="128.7865459">
        <ele>506.8</ele>
      </trkpt>
      <trkpt lat="37.3290719" lon="128.785257">
        <ele>511.5</ele>
      </trkpt>
      <trkpt lat="37.328617" lon="128.784924">
        <ele>516.7</ele>
      </trkpt>
      <trkpt lat="37.328037" lon="128.784688">
        <ele>525.9</ele>
      </trkpt>
      <trkpt lat="37.327704" lon="128.784618">
        <ele>526.4</ele>
      </trkpt>
      <trkpt lat="37.327397" lon="128.784189">
        <ele>523.8</ele>
      </trkpt>
      <trkpt lat="37.327244" lon="128.783985">
        <ele>531.9</ele>
      </trkpt>
      <trkpt lat="37.327013" lon="128.783866">
        <ele>534.1</ele>
      </trkpt>
      <trkpt lat="37.326698" lon="128.783733">
        <ele>531.7</ele>
      </trkpt>
      <trkpt lat="37.326054" lon="128.783202">
        <ele>542.7</ele>
      </trkpt>
      <trkpt lat="37.325832" lon="128.782982">
        <ele>543.6</ele>
      </trkpt>
      <trkpt lat="37.325678" lon="128.782843">
        <ele>547.7</ele>
      </trkpt>
      <trkpt lat="37.325426" lon="128.782832">
        <ele>554.5</ele>
      </trkpt>
      <trkpt lat="37.325217" lon="128.782811">
        <ele>559.8</ele>
      </trkpt>
      <trkpt lat="37.32506" lon="128.7827189">
        <ele>561.6</ele>
      </trkpt>
      <trkpt lat="37.324923" lon="128.782371">
        <ele>562.3</ele>
      </trkpt>
      <trkpt lat="37.3248419" lon="128.78206">
        <ele>570.4</ele>
      </trkpt>
      <trkpt lat="37.324718" lon="128.781904">
        <ele>573.4</ele>
      </trkpt>
      <trkpt lat="37.324526" lon="128.781856">
        <ele>573.1</ele>
      </trkpt>
      <trkpt lat="37.324104" lon="128.781845">
        <ele>571.8</ele>
      </trkpt>
      <trkpt lat="37.323912" lon="128.781727">
        <ele>571.5</ele>
      </trkpt>
      <trkpt lat="37.323434" lon="128.781309">
        <ele>576.4</ele>
      </trkpt>
      <trkpt lat="37.323166" lon="128.781001">
        <ele>576.3</ele>
      </trkpt>
      <trkpt lat="37.32291" lon="128.780879">
        <ele>575.0</ele>
      </trkpt>
      <trkpt lat="37.322596" lon="128.780902">
        <ele>574.2</ele>
      </trkpt>
      <trkpt lat="37.32224" lon="128.780938">
        <ele>577.6</ele>
      </trkpt>
      <trkpt lat="37.322014" lon="128.780842">
        <ele>576.9</ele>
      </trkpt>
      <trkpt lat="37.321587" lon="128.780381">
        <ele>587.1</ele>
      </trkpt>
      <trkpt lat="37.321391" lon="128.780295">
        <ele>591.3</ele>
      </trkpt>
      <trkpt lat="37.320806" lon="128.780574">
        <ele>594.9</ele>
      </trkpt>
      <trkpt lat="37.3204909" lon="128.780745">
        <ele>594.1</ele>
      </trkpt>
      <trkpt lat="37.320094" lon="128.78081">
        <ele>595.7</ele>
      </trkpt>
      <trkpt lat="37.31945" lon="128.780428">
        <ele>607.4</ele>
      </trkpt>
      <trkpt lat="37.319044" lon="128.780327">
        <ele>610.1</ele>
      </trkpt>
      <trkpt lat="37.318571" lon="128.780145">
        <ele>611.8</ele>
      </trkpt>
      <trkpt lat="37.317935" lon="128.779866">
        <ele>616.5</ele>
      </trkpt>
      <trkpt lat="37.317573" lon="128.779823">
        <ele>616.9</ele>
      </trkpt>
      <trkpt lat="37.317223" lon="128.779613">
        <ele>618.5</ele>
      </trkpt>
      <trkpt lat="37.316813" lon="128.779576">
        <ele>619.2</ele>
      </trkpt>
      <trkpt lat="37.3160669" lon="128.779613">
        <ele>624.9</ele>
      </trkpt>
      <trkpt lat="37.315789" lon="128.779388">
        <ele>624.2</ele>
      </trkpt>
      <trkpt lat="37.31413" lon="128.778031">
        <ele>641.4</ele>
      </trkpt>
      <trkpt lat="37.312931" lon="128.777183">
        <ele>657.7</ele>
      </trkpt>
      <trkpt lat="37.312688" lon="128.777006">
        <ele>656.8</ele>
      </trkpt>
      <trkpt lat="37.312551" lon="128.77676">
        <ele>652.5</ele>
      </trkpt>
      <trkpt lat="37.312406" lon="128.776073">
        <ele>658.8</ele>
      </trkpt>
      <trkpt lat="37.312154" lon="128.775537">
        <ele>664.0</ele>
      </trkpt>
      <trkpt lat="37.311898" lon="128.775204">
        <ele>661.4</ele>
      </trkpt>
      <trkpt lat="37.311314" lon="128.774925">
        <ele>660.1</ele>
      </trkpt>
      <trkpt lat="37.31096" lon="128.774378">
        <ele>662.1</ele>
      </trkpt>
      <trkpt lat="37.310819" lon="128.773906">
        <ele>662.2</ele>
      </trkpt>
      <trkpt lat="37.310533" lon="128.773654">
        <ele>666.4</ele>
      </trkpt>
      <trkpt lat="37.310158" lon="128.773165">
        <ele>667.8</ele>
      </trkpt>
      <trkpt lat="37.309569" lon="128.771588">
        <ele>676.1</ele>
      </trkpt>
      <trkpt lat="37.309168" lon="128.770998">
        <ele>677.6</ele>
      </trkpt>
      <trkpt lat="37.308758" lon="128.770215">
        <ele>686.0</ele>
      </trkpt>
      <trkpt lat="37.30869" lon="128.769587">
        <ele>689.0</ele>
      </trkpt>
      <trkpt lat="37.308549" lon="128.769158">
        <ele>690.8</ele>
      </trkpt>
      <trkpt lat="37.308523" lon="128.768799">
        <ele>695.6</ele>
      </trkpt>
      <trkpt lat="37.308331" lon="128.7682189">
        <ele>697.7</ele>
      </trkpt>
      <trkpt lat="37.308547" lon="128.766934">
        <ele>716.6</ele>
      </trkpt>
      <trkpt lat="37.308455" lon="128.766487">
        <ele>718.7</ele>
      </trkpt>
      <trkpt lat="37.308485" lon="128.766202">
        <ele>724.2</ele>
      </trkpt>
      <trkpt lat="37.308378" lon="128.7658">
        <ele>727.2</ele>
      </trkpt>
      <trkpt lat="37.308144" lon="128.765339">
        <ele>739.5</ele>
      </trkpt>
      <trkpt lat="37.308026" lon="128.764616">
        <ele>754.0</ele>
      </trkpt>
      <trkpt lat="37.307841" lon="128.764609">
        <ele>755.8</ele>
      </trkpt>
      <trkpt lat="37.3077169" lon="128.7650219">
        <ele>752.3</ele>
      </trkpt>
      <trkpt lat="37.307559" lon="128.765307">
        <ele>751.5</ele>
      </trkpt>
      <trkpt lat="37.307299" lon="128.765478">
        <ele>763.3</ele>
      </trkpt>
      <trkpt lat="37.307256" lon="128.7657089">
        <ele>764.1</ele>
      </trkpt>
      <trkpt lat="37.3074269" lon="128.765966">
        <ele>751.4</ele>
      </trkpt>
      <trkpt lat="37.307508" lon="128.766186">
        <ele>745.9</ele>
      </trkpt>
      <trkpt lat="37.307478" lon="128.766315">
        <ele>747.2</ele>
      </trkpt>
      <trkpt lat="37.30732" lon="128.766455">
        <ele>756.1</ele>
      </trkpt>
      <trkpt lat="37.307145" lon="128.766986">
        <ele>757.1</ele>
      </trkpt>
      <trkpt lat="37.306834" lon="128.767093">
        <ele>768.2</ele>
      </trkpt>
      <trkpt lat="37.306676" lon="128.767458">
        <ele>761.3</ele>
      </trkpt>
      <trkpt lat="37.306526" lon="128.767603">
        <ele>757.8</ele>
      </trkpt>
      <trkpt lat="37.306121" lon="128.767597">
        <ele>760.4</ele>
      </trkpt>
      <trkpt lat="37.305874" lon="128.767275">
        <ele>776.3</ele>
      </trkpt>
      <trkpt lat="37.305584" lon="128.766943">
        <ele>798.9</ele>
      </trkpt>
      <trkpt lat="37.305451" lon="128.766884">
        <ele>803.2</ele>
      </trkpt>
      <trkpt lat="37.305281" lon="128.766911">
        <ele>804.3</ele>
      </trkpt>
      <trkpt lat="37.305033" lon="128.767377">
        <ele>795.1</ele>
      </trkpt>
      <trkpt lat="37.304739" lon="128.768177">
        <ele>789.4</ele>
      </trkpt>
      <trkpt lat="37.304653" lon="128.768702">
        <ele>792.1</ele>
      </trkpt>
      <trkpt lat="37.304628" lon="128.768944">
        <ele>793.3</ele>
      </trkpt>
      <trkpt lat="37.304197" lon="128.769544">
        <ele>801.4</ele>
      </trkpt>
      <trkpt lat="37.303945" lon="128.769915">
        <ele>794.7</ele>
      </trkpt>
      <trkpt lat="37.303838" lon="128.770435">
        <ele>797.1</ele>
      </trkpt>
      <trkpt lat="37.30365" lon="128.7708419">
        <ele>794.0</ele>
      </trkpt>
      <trkpt lat="37.303369" lon="128.77124">
        <ele>792.7</ele>
      </trkpt>
      <trkpt lat="37.302938" lon="128.771374">
        <ele>781.5</ele>
      </trkpt>
      <trkpt lat="37.302396" lon="128.771771">
        <ele>776.5</ele>
      </trkpt>
      <trkpt lat="37.30194" lon="128.772219">
        <ele>781.8</ele>
      </trkpt>
      <trkpt lat="37.30182" lon="128.772334">
        <ele>781.6</ele>
      </trkpt>
      <trkpt lat="37.301615" lon="128.772275">
        <ele>778.5</ele>
      </trkpt>
      <trkpt lat="37.301509" lon="128.772125">
        <ele>780.9</ele>
      </trkpt>
      <trkpt lat="37.301474" lon="128.7715399">
        <ele>771.1</ele>
      </trkpt>
      <trkpt lat="37.301389" lon="128.771057">
        <ele>764.2</ele>
      </trkpt>
      <trkpt lat="37.301195" lon="128.77053">
        <ele>758.9</ele>
      </trkpt>
      <trkpt lat="37.301018" lon="128.770253">
        <ele>756.7</ele>
      </trkpt>
      <trkpt lat="37.300565" lon="128.7698399">
        <ele>750.0</ele>
      </trkpt>
      <trkpt lat="37.300348" lon="128.769797">
        <ele>749.3</ele>
      </trkpt>
      <trkpt lat="37.299917" lon="128.769904">
        <ele>754.2</ele>
      </trkpt>
      <trkpt lat="37.299639" lon="128.7698289">
        <ele>746.7</ele>
      </trkpt>
      <trkpt lat="37.29929" lon="128.769925">
        <ele>745.3</ele>
      </trkpt>
      <trkpt lat="37.298961" lon="128.7698069">
        <ele>736.4</ele>
      </trkpt>
      <trkpt lat="37.298701" lon="128.76962">
        <ele>727.1</ele>
      </trkpt>
      <trkpt lat="37.298466" lon="128.769657">
        <ele>725.6</ele>
      </trkpt>
      <trkpt lat="37.298146" lon="128.769813">
        <ele>723.6</ele>
      </trkpt>
      <trkpt lat="37.297506" lon="128.7707299">
        <ele>728.6</ele>
      </trkpt>
      <trkpt lat="37.297344" lon="128.770816">
        <ele>734.5</ele>
      </trkpt>
      <trkpt lat="37.297143" lon="128.770773">
        <ele>738.8</ele>
      </trkpt>
      <trkpt lat="37.296998" lon="128.770097">
        <ele>730.4</ele>
      </trkpt>
      <trkpt lat="37.29707" lon="128.769217">
        <ele>717.7</ele>
      </trkpt>
      <trkpt lat="37.297181" lon="128.768804">
        <ele>706.1</ele>
      </trkpt>
      <trkpt lat="37.297205" lon="128.768311">
        <ele>697.9</ele>
      </trkpt>
      <trkpt lat="37.297207" lon="128.767898">
        <ele>690.0</ele>
      </trkpt>
      <trkpt lat="37.2971519" lon="128.767549">
        <ele>685.8</ele>
      </trkpt>
      <trkpt lat="37.296977" lon="128.767248">
        <ele>682.9</ele>
      </trkpt>
      <trkpt lat="37.296738" lon="128.767055">
        <ele>683.2</ele>
      </trkpt>
      <trkpt lat="37.29646" lon="128.76698">
        <ele>686.0</ele>
      </trkpt>
      <trkpt lat="37.296115" lon="128.76676">
        <ele>682.5</ele>
      </trkpt>
      <trkpt lat="37.295705" lon="128.766583">
        <ele>682.9</ele>
      </trkpt>
      <trkpt lat="37.2951229" lon="128.766185">
        <ele>681.3</ele>
      </trkpt>
      <trkpt lat="37.294886" lon="128.765714">
        <ele>665.5</ele>
      </trkpt>
      <trkpt lat="37.294634" lon="128.765489">
        <ele>659.5</ele>
      </trkpt>
      <trkpt lat="37.294365" lon="128.765296">
        <ele>655.0</ele>
      </trkpt>
      <trkpt lat="37.294233" lon="128.76528">
        <ele>655.7</ele>
      </trkpt>
      <trkpt lat="37.294006" lon="128.765435">
        <ele>660.5</ele>
      </trkpt>
      <trkpt lat="37.293755" lon="128.765586">
        <ele>663.5</ele>
      </trkpt>
      <trkpt lat="37.2935329" lon="128.765559">
        <ele>660.2</ele>
      </trkpt>
      <trkpt lat="37.293008" lon="128.765231">
        <ele>651.2</ele>
      </trkpt>
      <trkpt lat="37.292453" lon="128.764894">
        <ele>645.1</ele>
      </trkpt>
      <trkpt lat="37.292112" lon="128.764663">
        <ele>636.9</ele>
      </trkpt>
      <trkpt lat="37.291877" lon="128.76455">
        <ele>633.3</ele>
      </trkpt>
      <trkpt lat="37.291685" lon="128.764616">
        <ele>635.5</ele>
      </trkpt>
      <trkpt lat="37.291258" lon="128.765248">
        <ele>650.4</ele>
      </trkpt>
      <trkpt lat="37.29107" lon="128.765286">
        <ele>649.6</ele>
      </trkpt>
      <trkpt lat="37.290968" lon="128.765178">
        <ele>647.5</ele>
      </trkpt>
      <trkpt lat="37.290942" lon="128.765152">
        <ele>647.0</ele>
      </trkpt>
      <trkpt lat="37.290878" lon="128.765001">
        <ele>645.1</ele>
      </trkpt>
      <trkpt lat="37.290818" lon="128.764652">
        <ele>639.8</ele>
      </trkpt>
      <trkpt lat="37.290767" lon="128.764041">
        <ele>629.7</ele>
      </trkpt>
      <trkpt lat="37.289848" lon="128.763794">
        <ele>650.6</ele>
      </trkpt>
      <trkpt lat="37.289679" lon="128.763611">
        <ele>649.2</ele>
      </trkpt>
      <trkpt lat="37.289449" lon="128.7633219">
        <ele>645.1</ele>
      </trkpt>
      <trkpt lat="37.289111" lon="128.763225">
        <ele>651.3</ele>
      </trkpt>
      <trkpt lat="37.288881" lon="128.763118">
        <ele>649.6</ele>
      </trkpt>
      <trkpt lat="37.288527" lon="128.762817">
        <ele>641.5</ele>
      </trkpt>
      <trkpt lat="37.288352" lon="128.762855">
        <ele>644.9</ele>
      </trkpt>
      <trkpt lat="37.288079" lon="128.76322">
        <ele>653.1</ele>
      </trkpt>
      <trkpt lat="37.287878" lon="128.7633109">
        <ele>651.2</ele>
      </trkpt>
      <trkpt lat="37.287618" lon="128.763193">
        <ele>640.7</ele>
      </trkpt>
      <trkpt lat="37.287323" lon="128.763273">
        <ele>638.5</ele>
      </trkpt>
      <trkpt lat="37.286617" lon="128.764226">
        <ele>647.1</ele>
      </trkpt>
      <trkpt lat="37.285811" lon="128.765293">
        <ele>655.5</ele>
      </trkpt>
      <trkpt lat="37.2855429" lon="128.765151">
        <ele>658.4</ele>
      </trkpt>
      <trkpt lat="37.285402" lon="128.765001">
        <ele>659.9</ele>
      </trkpt>
      <trkpt lat="37.285496" lon="128.764588">
        <ele>662.5</ele>
      </trkpt>
      <trkpt lat="37.285663" lon="128.764228">
        <ele>658.1</ele>
      </trkpt>
      <trkpt lat="37.285688" lon="128.763826">
        <ele>663.4</ele>
      </trkpt>
      <trkpt lat="37.285577" lon="128.76337">
        <ele>678.4</ele>
      </trkpt>
      <trkpt lat="37.285646" lon="128.763107">
        <ele>679.9</ele>
      </trkpt>
      <trkpt lat="37.2861369" lon="128.762254">
        <ele>675.0</ele>
      </trkpt>
      <trkpt lat="37.286329" lon="128.7615779">
        <ele>676.3</ele>
      </trkpt>
      <trkpt lat="37.286376" lon="128.761133">
        <ele>673.2</ele>
      </trkpt>
      <trkpt lat="37.286343" lon="128.760904">
        <ele>673.5</ele>
      </trkpt>
      <trkpt lat="37.286132" lon="128.76065">
        <ele>674.0</ele>
      </trkpt>
      <trkpt lat="37.285804" lon="128.7605639">
        <ele>678.9</ele>
      </trkpt>
      <trkpt lat="37.2853769" lon="128.760581">
        <ele>683.3</ele>
      </trkpt>
      <trkpt lat="37.28507" lon="128.760629">
        <ele>688.0</ele>
      </trkpt>
      <trkpt lat="37.284728" lon="128.760747">
        <ele>699.7</ele>
      </trkpt>
      <trkpt lat="37.284464" lon="128.7606879">
        <ele>703.4</ele>
      </trkpt>
      <trkpt lat="37.284284" lon="128.760522">
        <ele>700.9</ele>
      </trkpt>
      <trkpt lat="37.2840879" lon="128.760135">
        <ele>691.6</ele>
      </trkpt>
      <trkpt lat="37.2833619" lon="128.759626">
        <ele>695.4</ele>
      </trkpt>
      <trkpt lat="37.283076" lon="128.759492">
        <ele>693.2</ele>
      </trkpt>
      <trkpt lat="37.282824" lon="128.759513">
        <ele>698.4</ele>
      </trkpt>
      <trkpt lat="37.282329" lon="128.759722">
        <ele>720.0</ele>
      </trkpt>
      <trkpt lat="37.28212" lon="128.759685">
        <ele>724.8</ele>
      </trkpt>
      <trkpt lat="37.282069" lon="128.759475">
        <ele>719.5</ele>
      </trkpt>
      <trkpt lat="37.282039" lon="128.759014">
        <ele>706.7</ele>
      </trkpt>
      <trkpt lat="37.281945" lon="128.758585">
        <ele>699.3</ele>
      </trkpt>
      <trkpt lat="37.281711" lon="128.758317">
        <ele>703.0</ele>
      </trkpt>
      <trkpt lat="37.281429" lon="128.758084">
        <ele>715.4</ele>
      </trkpt>
      <trkpt lat="37.28122" lon="128.757834">
        <ele>722.6</ele>
      </trkpt>
      <trkpt lat="37.281075" lon="128.757534">
        <ele>725.2</ele>
      </trkpt>
      <trkpt lat="37.281053" lon="128.757308">
        <ele>730.7</ele>
      </trkpt>
      <trkpt lat="37.281173" lon="128.75711">
        <ele>732.9</ele>
      </trkpt>
      <trkpt lat="37.282009" lon="128.756825">
        <ele>725.7</ele>
      </trkpt>
      <trkpt lat="37.282641" lon="128.756804">
        <ele>716.8</ele>
      </trkpt>
      <trkpt lat="37.283853" lon="128.756648">
        <ele>716.9</ele>
      </trkpt>
      <trkpt lat="37.284173" lon="128.7565459">
        <ele>719.6</ele>
      </trkpt>
      <trkpt lat="37.2847579" lon="128.756498">
        <ele>714.4</ele>
      </trkpt>
      <trkpt lat="37.285232" lon="128.756294">
        <ele>712.6</ele>
      </trkpt>
      <trkpt lat="37.285509" lon="128.755956">
        <ele>715.4</ele>
      </trkpt>
      <trkpt lat="37.285607" lon="128.755731">
        <ele>716.2</ele>
      </trkpt>
      <trkpt lat="37.285599" lon="128.755238">
        <ele>717.9</ele>
      </trkpt>
      <trkpt lat="37.285506" lon="128.75481">
        <ele>719.3</ele>
      </trkpt>
      <trkpt lat="37.2853939" lon="128.754556">
        <ele>719.0</ele>
      </trkpt>
      <trkpt lat="37.285088" lon="128.754199">
        <ele>719.9</ele>
      </trkpt>
      <trkpt lat="37.284954" lon="128.753993">
        <ele>720.9</ele>
      </trkpt>
      <trkpt lat="37.284937" lon="128.753693">
        <ele>719.0</ele>
      </trkpt>
      <trkpt lat="37.285112" lon="128.753462">
        <ele>713.2</ele>
      </trkpt>
      <trkpt lat="37.28559" lon="128.753006">
        <ele>703.7</ele>
      </trkpt>
      <trkpt lat="37.2861199" lon="128.752636">
        <ele>694.3</ele>
      </trkpt>
      <trkpt lat="37.28629" lon="128.752405">
        <ele>690.7</ele>
      </trkpt>
      <trkpt lat="37.286333" lon="128.752132">
        <ele>690.2</ele>
      </trkpt>
      <trkpt lat="37.2862859" lon="128.751944">
        <ele>690.8</ele>
      </trkpt>
      <trkpt lat="37.2860299" lon="128.751611">
        <ele>691.5</ele>
      </trkpt>
      <trkpt lat="37.285599" lon="128.751552">
        <ele>692.3</ele>
      </trkpt>
      <trkpt lat="37.2853" lon="128.751391">
        <ele>691.3</ele>
      </trkpt>
      <trkpt lat="37.284728" lon="128.751214">
        <ele>691.2</ele>
      </trkpt>
      <trkpt lat="37.284429" lon="128.751123">
        <ele>691.1</ele>
      </trkpt>
      <trkpt lat="37.2841049" lon="128.75122">
        <ele>694.1</ele>
      </trkpt>
      <trkpt lat="37.283875" lon="128.751112">
        <ele>694.5</ele>
      </trkpt>
      <trkpt lat="37.2835589" lon="128.751059">
        <ele>696.1</ele>
      </trkpt>
      <trkpt lat="37.282927" lon="128.750505">
        <ele>691.9</ele>
      </trkpt>
      <trkpt lat="37.282192" lon="128.750027">
        <ele>688.8</ele>
      </trkpt>
      <trkpt lat="37.282009" lon="128.750007">
        <ele>689.0</ele>
      </trkpt>
      <trkpt lat="37.281753" lon="128.750104">
        <ele>693.0</ele>
      </trkpt>
      <trkpt lat="37.281548" lon="128.750367">
        <ele>699.6</ele>
      </trkpt>
      <trkpt lat="37.281356" lon="128.750469">
        <ele>698.7</ele>
      </trkpt>
      <trkpt lat="37.280865" lon="128.750565">
        <ele>690.6</ele>
      </trkpt>
      <trkpt lat="37.280662" lon="128.751096">
        <ele>699.3</ele>
      </trkpt>
      <trkpt lat="37.280413" lon="128.751568">
        <ele>705.5</ele>
      </trkpt>
      <trkpt lat="37.280191" lon="128.751627">
        <ele>701.7</ele>
      </trkpt>
      <trkpt lat="37.280063" lon="128.751488">
        <ele>695.4</ele>
      </trkpt>
      <trkpt lat="37.2798749" lon="128.751241">
        <ele>683.5</ele>
      </trkpt>
      <trkpt lat="37.279777" lon="128.751241">
        <ele>679.7</ele>
      </trkpt>
      <trkpt lat="37.279704" lon="128.751418">
        <ele>680.7</ele>
      </trkpt>
      <trkpt lat="37.279657" lon="128.752014">
        <ele>692.8</ele>
      </trkpt>
      <trkpt lat="37.279461" lon="128.752239">
        <ele>690.4</ele>
      </trkpt>
      <trkpt lat="37.279248" lon="128.752759">
        <ele>697.9</ele>
      </trkpt>
      <trkpt lat="37.279047" lon="128.752824">
        <ele>699.8</ele>
      </trkpt>
      <trkpt lat="37.278501" lon="128.752121">
        <ele>686.9</ele>
      </trkpt>
      <trkpt lat="37.278146" lon="128.75167">
        <ele>680.3</ele>
      </trkpt>
      <trkpt lat="37.277865" lon="128.751445">
        <ele>678.0</ele>
      </trkpt>
      <trkpt lat="37.277024" lon="128.751053">
        <ele>673.3</ele>
      </trkpt>
      <trkpt lat="37.276418" lon="128.750667">
        <ele>660.2</ele>
      </trkpt>
      <trkpt lat="37.276021" lon="128.7503879">
        <ele>648.7</ele>
      </trkpt>
      <trkpt lat="37.275756" lon="128.750319">
        <ele>645.2</ele>
      </trkpt>
      <trkpt lat="37.2755" lon="128.750351">
        <ele>638.8</ele>
      </trkpt>
      <trkpt lat="37.275372" lon="128.750463">
        <ele>637.2</ele>
      </trkpt>
      <trkpt lat="37.275393" lon="128.7507259">
        <ele>643.5</ele>
      </trkpt>
      <trkpt lat="37.2755129" lon="128.751305">
        <ele>644.0</ele>
      </trkpt>
      <trkpt lat="37.275555" lon="128.75159">
        <ele>641.9</ele>
      </trkpt>
      <trkpt lat="37.275752" lon="128.752331">
        <ele>636.9</ele>
      </trkpt>
      <trkpt lat="37.27588" lon="128.752968">
        <ele>627.7</ele>
      </trkpt>
      <trkpt lat="37.275969" lon="128.753344">
        <ele>623.4</ele>
      </trkpt>
      <trkpt lat="37.276046" lon="128.7535959">
        <ele>627.1</ele>
      </trkpt>
      <trkpt lat="37.275982" lon="128.753902">
        <ele>620.7</ele>
      </trkpt>
      <trkpt lat="37.275927" lon="128.754251">
        <ele>614.6</ele>
      </trkpt>
      <trkpt lat="37.275957" lon="128.754626">
        <ele>613.6</ele>
      </trkpt>
      <trkpt lat="37.27594" lon="128.754948">
        <ele>610.0</ele>
      </trkpt>
      <trkpt lat="37.27585" lon="128.755602">
        <ele>612.5</ele>
      </trkpt>
      <trkpt lat="37.2757689" lon="128.755672">
        <ele>610.8</ele>
      </trkpt>
      <trkpt lat="37.275274" lon="128.7555">
        <ele>593.5</ele>
      </trkpt>
      <trkpt lat="37.275137" lon="128.755597">
        <ele>590.3</ele>
      </trkpt>
      <trkpt lat="37.2749359" lon="128.7557009">
        <ele>588.7</ele>
      </trkpt>
      <trkpt lat="37.274796" lon="128.755726">
        <ele>593.1</ele>
      </trkpt>
      <trkpt lat="37.274741" lon="128.755601">
        <ele>593.1</ele>
      </trkpt>
      <trkpt lat="37.274565" lon="128.754562">
        <ele>581.6</ele>
      </trkpt>
      <trkpt lat="37.273891" lon="128.75329">
        <ele>567.7</ele>
      </trkpt>
      <trkpt lat="37.273767" lon="128.753076">
        <ele>567.3</ele>
      </trkpt>
      <trkpt lat="37.273724" lon="128.752759">
        <ele>563.2</ele>
      </trkpt>
      <trkpt lat="37.2738439" lon="128.752689">
        <ele>560.7</ele>
      </trkpt>
      <trkpt lat="37.274467" lon="128.753081">
        <ele>564.9</ele>
      </trkpt>
      <trkpt lat="37.274582" lon="128.753027">
        <ele>567.1</ele>
      </trkpt>
      <trkpt lat="37.274569" lon="128.752743">
        <ele>567.8</ele>
      </trkpt>
      <trkpt lat="37.274437" lon="128.752346">
        <ele>565.2</ele>
      </trkpt>
      <trkpt lat="37.273993" lon="128.751643">
        <ele>554.4</ele>
      </trkpt>
      <trkpt lat="37.273767" lon="128.751112">
        <ele>555.4</ele>
      </trkpt>
      <trkpt lat="37.2734809" lon="128.750243">
        <ele>545.5</ele>
      </trkpt>
      <trkpt lat="37.273263" lon="128.749809">
        <ele>536.3</ele>
      </trkpt>
      <trkpt lat="37.273173" lon="128.749396">
        <ele>530.5</ele>
      </trkpt>
      <trkpt lat="37.273348" lon="128.748612">
        <ele>514.9</ele>
      </trkpt>
      <trkpt lat="37.273412" lon="128.748017">
        <ele>509.9</ele>
      </trkpt>
      <trkpt lat="37.273677" lon="128.747491">
        <ele>500.4</ele>
      </trkpt>
      <trkpt lat="37.273929" lon="128.747336">
        <ele>497.8</ele>
      </trkpt>
      <trkpt lat="37.27436" lon="128.747159">
        <ele>492.7</ele>
      </trkpt>
      <trkpt lat="37.275111" lon="128.747041">
        <ele>485.2</ele>
      </trkpt>
      <trkpt lat="37.2754059" lon="128.746901">
        <ele>480.4</ele>
      </trkpt>
      <trkpt lat="37.275683" lon="128.746526">
        <ele>471.0</ele>
      </trkpt>
      <trkpt lat="37.275987" lon="128.746">
        <ele>468.4</ele>
      </trkpt>
      <trkpt lat="37.276217" lon="128.744729">
        <ele>455.8</ele>
      </trkpt>
      <trkpt lat="37.2765709" lon="128.743704">
        <ele>439.7</ele>
      </trkpt>
      <trkpt lat="37.276815" lon="128.742808">
        <ele>426.5</ele>
      </trkpt>
      <trkpt lat="37.277109" lon="128.742079">
        <ele>419.0</ele>
      </trkpt>
      <trkpt lat="37.2781809" lon="128.742358">
        <ele>421.9</ele>
      </trkpt>
      <trkpt lat="37.278996" lon="128.742443">
        <ele>424.2</ele>
      </trkpt>
      <trkpt lat="37.280938" lon="128.7423839">
        <ele>418.3</ele>
      </trkpt>
      <trkpt lat="37.281689" lon="128.742272">
        <ele>418.7</ele>
      </trkpt>
      <trkpt lat="37.282637" lon="128.741902">
        <ele>430.3</ele>
      </trkpt>
      <trkpt lat="37.283051" lon="128.741612">
        <ele>427.2</ele>
      </trkpt>
      <trkpt lat="37.283512" lon="128.741145">
        <ele>423.0</ele>
      </trkpt>
      <trkpt lat="37.284032" lon="128.74062">
        <ele>415.3</ele>
      </trkpt>
      <trkpt lat="37.285061" lon="128.739429">
        <ele>408.1</ele>
      </trkpt>
      <trkpt lat="37.285343" lon="128.738994">
        <ele>408.9</ele>
      </trkpt>
      <trkpt lat="37.285949" lon="128.737921">
        <ele>406.9</ele>
      </trkpt>
      <trkpt lat="37.287123" lon="128.735169">
        <ele>407.7</ele>
      </trkpt>
      <trkpt lat="37.28749" lon="128.734831">
        <ele>405.5</ele>
      </trkpt>
      <trkpt lat="37.287989" lon="128.734681">
        <ele>408.5</ele>
      </trkpt>
      <trkpt lat="37.288488" lon="128.734767">
        <ele>409.9</ele>
      </trkpt>
      <trkpt lat="37.288868" lon="128.734939">
        <ele>405.2</ele>
      </trkpt>
      <trkpt lat="37.289495" lon="128.735239">
        <ele>401.8</ele>
      </trkpt>
      <trkpt lat="37.290507" lon="128.735797">
        <ele>405.8</ele>
      </trkpt>
      <trkpt lat="37.291762" lon="128.736714">
        <ele>410.5</ele>
      </trkpt>
      <trkpt lat="37.29227" lon="128.736961">
        <ele>415.1</ele>
      </trkpt>
      <trkpt lat="37.2928629" lon="128.7371">
        <ele>414.8</ele>
      </trkpt>
      <trkpt lat="37.293362" lon="128.737165">
        <ele>415.3</ele>
      </trkpt>
      <trkpt lat="37.293853" lon="128.737106">
        <ele>418.3</ele>
      </trkpt>
      <trkpt lat="37.295095" lon="128.7365">
        <ele>400.1</ele>
      </trkpt>
      <trkpt lat="37.2957899" lon="128.736371">
        <ele>402.1</ele>
      </trkpt>
      <trkpt lat="37.2969719" lon="128.736135">
        <ele>396.8</ele>
      </trkpt>
      <trkpt lat="37.298116" lon="128.735775">
        <ele>393.2</ele>
      </trkpt>
      <trkpt lat="37.299755" lon="128.735019">
        <ele>397.1</ele>
      </trkpt>
      <trkpt lat="37.300228" lon="128.73452">
        <ele>403.9</ele>
      </trkpt>
      <trkpt lat="37.300792" lon="128.733249">
        <ele>395.6</ele>
      </trkpt>
      <trkpt lat="37.3016409" lon="128.730341">
        <ele>392.1</ele>
      </trkpt>
      <trkpt lat="37.301777" lon="128.729231">
        <ele>386.6</ele>
      </trkpt>
      <trkpt lat="37.301982" lon="128.728228">
        <ele>387.7</ele>
      </trkpt>
      <trkpt lat="37.302234" lon="128.727922">
        <ele>390.1</ele>
      </trkpt>
      <trkpt lat="37.304299" lon="128.725771">
        <ele>384.0</ele>
      </trkpt>
      <trkpt lat="37.3052" lon="128.724955">
        <ele>381.5</ele>
      </trkpt>
      <trkpt lat="37.305737" lon="128.724687">
        <ele>382.9</ele>
      </trkpt>
      <trkpt lat="37.306403" lon="128.724521">
        <ele>381.4</ele>
      </trkpt>
      <trkpt lat="37.307781" lon="128.724151">
        <ele>381.3</ele>
      </trkpt>
      <trkpt lat="37.308152" lon="128.724188">
        <ele>383.5</ele>
      </trkpt>
      <trkpt lat="37.308455" lon="128.724306">
        <ele>386.9</ele>
      </trkpt>
      <trkpt lat="37.309052" lon="128.724617">
        <ele>393.9</ele>
      </trkpt>
      <trkpt lat="37.309424" lon="128.724864">
        <ele>402.1</ele>
      </trkpt>
      <trkpt lat="37.309803" lon="128.724805">
        <ele>405.8</ele>
      </trkpt>
      <trkpt lat="37.310819" lon="128.724135">
        <ele>407.1</ele>
      </trkpt>
      <trkpt lat="37.31131" lon="128.724033">
        <ele>401.8</ele>
      </trkpt>
      <trkpt lat="37.311566" lon="128.724092">
        <ele>400.7</ele>
      </trkpt>
      <trkpt lat="37.31174" lon="128.724306">
        <ele>401.0</ele>
      </trkpt>
      <trkpt lat="37.312112" lon="128.725041">
        <ele>396.9</ele>
      </trkpt>
      <trkpt lat="37.312308" lon="128.725326">
        <ele>395.9</ele>
      </trkpt>
      <trkpt lat="37.31256" lon="128.725562">
        <ele>392.5</ele>
      </trkpt>
      <trkpt lat="37.3129909" lon="128.725704">
        <ele>385.5</ele>
      </trkpt>
      <trkpt lat="37.313759" lon="128.725991">
        <ele>385.1</ele>
      </trkpt>
      <trkpt lat="37.314164" lon="128.726071">
        <ele>388.6</ele>
      </trkpt>
      <trkpt lat="37.314565" lon="128.725942">
        <ele>392.0</ele>
      </trkpt>
      <trkpt lat="37.314876" lon="128.725674">
        <ele>388.7</ele>
      </trkpt>
      <trkpt lat="37.315159" lon="128.725279">
        <ele>389.0</ele>
      </trkpt>
      <trkpt lat="37.315358" lon="128.724639">
        <ele>386.3</ele>
      </trkpt>
      <trkpt lat="37.315478" lon="128.724022">
        <ele>385.1</ele>
      </trkpt>
      <trkpt lat="37.315546" lon="128.723115">
        <ele>386.4</ele>
      </trkpt>
      <trkpt lat="37.315559" lon="128.722048">
        <ele>379.9</ele>
      </trkpt>
      <trkpt lat="37.315695" lon="128.721372">
        <ele>378.4</ele>
      </trkpt>
      <trkpt lat="37.3158109" lon="128.721023">
        <ele>376.7</ele>
      </trkpt>
      <trkpt lat="37.316677" lon="128.718341">
        <ele>362.1</ele>
      </trkpt>
      <trkpt lat="37.3168" lon="128.717928">
        <ele>362.8</ele>
      </trkpt>
      <trkpt lat="37.31698" lon="128.71759">
        <ele>362.5</ele>
      </trkpt>
      <trkpt lat="37.317317" lon="128.717413">
        <ele>361.3</ele>
      </trkpt>
      <trkpt lat="37.3186139" lon="128.717322">
        <ele>364.8</ele>
      </trkpt>
      <trkpt lat="37.32003" lon="128.717333">
        <ele>378.4</ele>
      </trkpt>
      <trkpt lat="37.320354" lon="128.717043">
        <ele>382.0</ele>
      </trkpt>
      <trkpt lat="37.321813" lon="128.715047">
        <ele>364.8</ele>
      </trkpt>
      <trkpt lat="37.322231" lon="128.714801">
        <ele>369.4</ele>
      </trkpt>
      <trkpt lat="37.322662" lon="128.714795">
        <ele>373.8</ele>
      </trkpt>
      <trkpt lat="37.323042" lon="128.714999">
        <ele>375.8</ele>
      </trkpt>
      <trkpt lat="37.323363" lon="128.715678">
        <ele>392.9</ele>
      </trkpt>
      <trkpt lat="37.323502" lon="128.716045">
        <ele>397.1</ele>
      </trkpt>
      <trkpt lat="37.32343" lon="128.7166389">
        <ele>404.6</ele>
      </trkpt>
      <trkpt lat="37.323537" lon="128.716893">
        <ele>406.4</ele>
      </trkpt>
      <trkpt lat="37.32378" lon="128.717188">
        <ele>404.4</ele>
      </trkpt>
      <trkpt lat="37.323904" lon="128.718062">
        <ele>413.2</ele>
      </trkpt>
      <trkpt lat="37.324369" lon="128.71847">
        <ele>413.3</ele>
      </trkpt>
      <trkpt lat="37.324642" lon="128.718679">
        <ele>417.8</ele>
      </trkpt>
      <trkpt lat="37.324915" lon="128.71876">
        <ele>418.1</ele>
      </trkpt>
      <trkpt lat="37.325209" lon="128.718582">
        <ele>420.9</ele>
      </trkpt>
      <trkpt lat="37.325345" lon="128.718277">
        <ele>422.9</ele>
      </trkpt>
      <trkpt lat="37.325328" lon="128.71803">
        <ele>426.8</ele>
      </trkpt>
      <trkpt lat="37.3250249" lon="128.717488">
        <ele>426.9</ele>
      </trkpt>
      <trkpt lat="37.324897" lon="128.717054">
        <ele>426.0</ele>
      </trkpt>
      <trkpt lat="37.324799" lon="128.716523">
        <ele>422.2</ele>
      </trkpt>
      <trkpt lat="37.324787" lon="128.71619">
        <ele>415.4</ele>
      </trkpt>
      <trkpt lat="37.324966" lon="128.715911">
        <ele>418.0</ele>
      </trkpt>
      <trkpt lat="37.325162" lon="128.715798">
        <ele>419.1</ele>
      </trkpt>
      <trkpt lat="37.3253879" lon="128.71575">
        <ele>420.5</ele>
      </trkpt>
      <trkpt lat="37.32564" lon="128.715814">
        <ele>426.5</ele>
      </trkpt>
      <trkpt lat="37.325766" lon="128.716163">
        <ele>437.6</ele>
      </trkpt>
      <trkpt lat="37.326173" lon="128.717005">
        <ele>448.1</ele>
      </trkpt>
      <trkpt lat="37.3265529" lon="128.717257">
        <ele>451.0</ele>
      </trkpt>
      <trkpt lat="37.326881" lon="128.717161">
        <ele>446.3</ele>
      </trkpt>
      <trkpt lat="37.327133" lon="128.717274">
        <ele>449.0</ele>
      </trkpt>
      <trkpt lat="37.327278" lon="128.717713">
        <ele>459.9</ele>
      </trkpt>
      <trkpt lat="37.327367" lon="128.717907">
        <ele>463.4</ele>
      </trkpt>
      <trkpt lat="37.327657" lon="128.718062">
        <ele>464.8</ele>
      </trkpt>
      <trkpt lat="37.327973" lon="128.718073">
        <ele>459.9</ele>
      </trkpt>
      <trkpt lat="37.328186" lon="128.718153">
        <ele>458.7</ele>
      </trkpt>
      <trkpt lat="37.328319" lon="128.718346">
        <ele>462.6</ele>
      </trkpt>
      <trkpt lat="37.328485" lon="128.7189579">
        <ele>479.1</ele>
      </trkpt>
      <trkpt lat="37.328651" lon="128.719221">
        <ele>483.7</ele>
      </trkpt>
      <trkpt lat="37.329082" lon="128.719623">
        <ele>489.2</ele>
      </trkpt>
      <trkpt lat="37.329526" lon="128.719832">
        <ele>503.8</ele>
      </trkpt>
      <trkpt lat="37.329679" lon="128.719752">
        <ele>505.7</ele>
      </trkpt>
      <trkpt lat="37.329752" lon="128.719559">
        <ele>503.9</ele>
      </trkpt>
      <trkpt lat="37.329679" lon="128.718953">
        <ele>486.2</ele>
      </trkpt>
      <trkpt lat="37.329718" lon="128.71869">
        <ele>478.2</ele>
      </trkpt>
      <trkpt lat="37.329901" lon="128.718486">
        <ele>476.2</ele>
      </trkpt>
      <trkpt lat="37.33014" lon="128.718379">
        <ele>478.0</ele>
      </trkpt>
      <trkpt lat="37.330656" lon="128.718443">
        <ele>493.7</ele>
      </trkpt>
      <trkpt lat="37.331095" lon="128.7183949">
        <ele>505.6</ele>
      </trkpt>
      <trkpt lat="37.331428" lon="128.718137">
        <ele>511.2</ele>
      </trkpt>
      <trkpt lat="37.331637" lon="128.717864">
        <ele>514.7</ele>
      </trkpt>
      <trkpt lat="37.331693" lon="128.717628">
        <ele>513.0</ele>
      </trkpt>
      <trkpt lat="37.331697" lon="128.71707">
        <ele>501.1</ele>
      </trkpt>
      <trkpt lat="37.331859" lon="128.716882">
        <ele>506.7</ele>
      </trkpt>
      <trkpt lat="37.332192" lon="128.716662">
        <ele>522.0</ele>
      </trkpt>
      <trkpt lat="37.332384" lon="128.715954">
        <ele>509.9</ele>
      </trkpt>
      <trkpt lat="37.332537" lon="128.715729">
        <ele>510.3</ele>
      </trkpt>
      <trkpt lat="37.333143" lon="128.715643">
        <ele>531.0</ele>
      </trkpt>
      <trkpt lat="37.333326" lon="128.71546">
        <ele>534.1</ele>
      </trkpt>
      <trkpt lat="37.333352" lon="128.7148599">
        <ele>525.0</ele>
      </trkpt>
      <trkpt lat="37.333548" lon="128.714661">
        <ele>532.6</ele>
      </trkpt>
      <trkpt lat="37.333608" lon="128.714554">
        <ele>534.5</ele>
      </trkpt>
      <trkpt lat="37.333612" lon="128.714141">
        <ele>532.0</ele>
      </trkpt>
      <trkpt lat="37.333766" lon="128.713803">
        <ele>536.2</ele>
      </trkpt>
      <trkpt lat="37.334039" lon="128.713508">
        <ele>542.0</ele>
      </trkpt>
      <trkpt lat="37.334158" lon="128.713272">
        <ele>543.9</ele>
      </trkpt>
      <trkpt lat="37.334167" lon="128.713041">
        <ele>548.3</ele>
      </trkpt>
      <trkpt lat="37.3341" lon="128.712836">
        <ele>550.8</ele>
      </trkpt>
      <trkpt lat="37.3336619" lon="128.712552">
        <ele>551.2</ele>
      </trkpt>
      <trkpt lat="37.333331" lon="128.712501">
        <ele>549.0</ele>
      </trkpt>
      <trkpt lat="37.332951" lon="128.712505">
        <ele>547.0</ele>
      </trkpt>
      <trkpt lat="37.332644" lon="128.712397">
        <ele>546.8</ele>
      </trkpt>
      <trkpt lat="37.332567" lon="128.712236">
        <ele>547.4</ele>
      </trkpt>
      <trkpt lat="37.332678" lon="128.71148">
        <ele>559.0</ele>
      </trkpt>
      <trkpt lat="37.332725" lon="128.710911">
        <ele>569.9</ele>
      </trkpt>
      <trkpt lat="37.332559" lon="128.710541">
        <ele>574.7</ele>
      </trkpt>
      <trkpt lat="37.332337" lon="128.710193">
        <ele>581.0</ele>
      </trkpt>
      <trkpt lat="37.332038" lon="128.71001">
        <ele>576.2</ele>
      </trkpt>
      <trkpt lat="37.3317819" lon="128.709855">
        <ele>569.9</ele>
      </trkpt>
      <trkpt lat="37.331714" lon="128.709393">
        <ele>579.3</ele>
      </trkpt>
      <trkpt lat="37.331501" lon="128.7090399">
        <ele>575.3</ele>
      </trkpt>
      <trkpt lat="37.331415" lon="128.708868">
        <ele>572.3</ele>
      </trkpt>
      <trkpt lat="37.331454" lon="128.708621">
        <ele>577.7</ele>
      </trkpt>
      <trkpt lat="37.331467" lon="128.708465">
        <ele>580.4</ele>
      </trkpt>
      <trkpt lat="37.331368" lon="128.708186">
        <ele>573.1</ele>
      </trkpt>
      <trkpt lat="37.3313" lon="128.707934">
        <ele>565.2</ele>
      </trkpt>
      <trkpt lat="37.331368" lon="128.70758">
        <ele>564.2</ele>
      </trkpt>
      <trkpt lat="37.331565" lon="128.707526">
        <ele>573.4</ele>
      </trkpt>
      <trkpt lat="37.331987" lon="128.70751">
        <ele>581.7</ele>
      </trkpt>
      <trkpt lat="37.332204" lon="128.707349">
        <ele>577.2</ele>
      </trkpt>
      <trkpt lat="37.332341" lon="128.70728">
        <ele>576.1</ele>
      </trkpt>
      <trkpt lat="37.332477" lon="128.707371">
        <ele>581.6</ele>
      </trkpt>
      <trkpt lat="37.3326009" lon="128.707607">
        <ele>585.6</ele>
      </trkpt>
      <trkpt lat="37.33275" lon="128.708256">
        <ele>600.4</ele>
      </trkpt>
      <trkpt lat="37.3329" lon="128.708471">
        <ele>601.7</ele>
      </trkpt>
      <trkpt lat="37.333109" lon="128.708605">
        <ele>599.9</ele>
      </trkpt>
      <trkpt lat="37.3335269" lon="128.708594">
        <ele>586.1</ele>
      </trkpt>
      <trkpt lat="37.33368" lon="128.7086689">
        <ele>583.1</ele>
      </trkpt>
      <trkpt lat="37.333727" lon="128.70891">
        <ele>589.9</ele>
      </trkpt>
      <trkpt lat="37.333855" lon="128.710203">
        <ele>606.1</ele>
      </trkpt>
      <trkpt lat="37.334022" lon="128.710643">
        <ele>606.8</ele>
      </trkpt>
      <trkpt lat="37.3344949" lon="128.71118">
        <ele>606.0</ele>
      </trkpt>
      <trkpt lat="37.334713" lon="128.711271">
        <ele>607.3</ele>
      </trkpt>
      <trkpt lat="37.334998" lon="128.711287">
        <ele>609.8</ele>
      </trkpt>
      <trkpt lat="37.336282" lon="128.710831">
        <ele>632.7</ele>
      </trkpt>
      <trkpt lat="37.336463" lon="128.710658">
        <ele>635.1</ele>
      </trkpt>
      <trkpt lat="37.336739" lon="128.710396">
        <ele>638.9</ele>
      </trkpt>
      <trkpt lat="37.337302" lon="128.709951">
        <ele>643.4</ele>
      </trkpt>
      <trkpt lat="37.337711" lon="128.709726">
        <ele>646.1</ele>
      </trkpt>
      <trkpt lat="37.338496" lon="128.709533">
        <ele>637.5</ele>
      </trkpt>
      <trkpt lat="37.338743" lon="128.709484">
        <ele>636.3</ele>
      </trkpt>
      <trkpt lat="37.339148" lon="128.709549">
        <ele>628.9</ele>
      </trkpt>
      <trkpt lat="37.3394679" lon="128.709538">
        <ele>625.0</ele>
      </trkpt>
      <trkpt lat="37.339988" lon="128.709313">
        <ele>621.8</ele>
      </trkpt>
      <trkpt lat="37.3402869" lon="128.708953">
        <ele>617.6</ele>
      </trkpt>
      <trkpt lat="37.340743" lon="128.708143">
        <ele>619.5</ele>
      </trkpt>
      <trkpt lat="37.340935" lon="128.707972">
        <ele>619.2</ele>
      </trkpt>
      <trkpt lat="37.341285" lon="128.707918">
        <ele>615.4</ele>
      </trkpt>
      <trkpt lat="37.341588" lon="128.707988">
        <ele>608.1</ele>
      </trkpt>
      <trkpt lat="37.3418909" lon="128.708176">
        <ele>596.2</ele>
      </trkpt>
      <trkpt lat="37.342108" lon="128.708422">
        <ele>585.3</ele>
      </trkpt>
      <trkpt lat="37.3423" lon="128.708454">
        <ele>582.1</ele>
      </trkpt>
      <trkpt lat="37.342432" lon="128.70824">
        <ele>585.5</ele>
      </trkpt>
      <trkpt lat="37.342675" lon="128.707682">
        <ele>594.2</ele>
      </trkpt>
      <trkpt lat="37.342863" lon="128.707462">
        <ele>594.9</ele>
      </trkpt>
      <trkpt lat="37.34317" lon="128.707226">
        <ele>596.0</ele>
      </trkpt>
      <trkpt lat="37.3433319" lon="128.707237">
        <ele>591.7</ele>
      </trkpt>
      <trkpt lat="37.343635" lon="128.707505">
        <ele>583.1</ele>
      </trkpt>
      <trkpt lat="37.343874" lon="128.707639">
        <ele>581.0</ele>
      </trkpt>
      <trkpt lat="37.344236" lon="128.707709">
        <ele>582.6</ele>
      </trkpt>
      <trkpt lat="37.344309" lon="128.707811">
        <ele>580.8</ele>
      </trkpt>
      <trkpt lat="37.344245" lon="128.707923">
        <ele>574.6</ele>
      </trkpt>
      <trkpt lat="37.343371" lon="128.707827">
        <ele>571.9</ele>
      </trkpt>
      <trkpt lat="37.343204" lon="128.707843">
        <ele>575.0</ele>
      </trkpt>
      <trkpt lat="37.343098" lon="128.707929">
        <ele>575.8</ele>
      </trkpt>
      <trkpt lat="37.343046" lon="128.7082179">
        <ele>569.9</ele>
      </trkpt>
      <trkpt lat="37.343038" lon="128.708943">
        <ele>554.2</ele>
      </trkpt>
      <trkpt lat="37.342936" lon="128.70949">
        <ele>544.4</ele>
      </trkpt>
      <trkpt lat="37.342842" lon="128.709699">
        <ele>541.3</ele>
      </trkpt>
      <trkpt lat="37.34259" lon="128.709812">
        <ele>543.7</ele>
      </trkpt>
      <trkpt lat="37.3420739" lon="128.709518">
        <ele>557.4</ele>
      </trkpt>
      <trkpt lat="37.341886" lon="128.70949">
        <ele>559.3</ele>
      </trkpt>
      <trkpt lat="37.341758" lon="128.709549">
        <ele>559.0</ele>
      </trkpt>
      <trkpt lat="37.34169" lon="128.70979">
        <ele>554.8</ele>
      </trkpt>
      <trkpt lat="37.341737" lon="128.710423">
        <ele>547.5</ele>
      </trkpt>
      <trkpt lat="37.341818" lon="128.710772">
        <ele>543.1</ele>
      </trkpt>
      <trkpt lat="37.342249" lon="128.711485">
        <ele>530.1</ele>
      </trkpt>
      <trkpt lat="37.3426029" lon="128.7118879">
        <ele>519.1</ele>
      </trkpt>
      <trkpt lat="37.342744" lon="128.712145">
        <ele>516.5</ele>
      </trkpt>
      <trkpt lat="37.342692" lon="128.712435">
        <ele>519.6</ele>
      </trkpt>
      <trkpt lat="37.342483" lon="128.7127889">
        <ele>517.0</ele>
      </trkpt>
      <trkpt lat="37.342223" lon="128.712939">
        <ele>517.1</ele>
      </trkpt>
      <trkpt lat="37.341741" lon="128.712993">
        <ele>523.2</ele>
      </trkpt>
      <trkpt lat="37.34111" lon="128.712961">
        <ele>521.7</ele>
      </trkpt>
      <trkpt lat="37.3409989" lon="128.713116">
        <ele>517.4</ele>
      </trkpt>
      <trkpt lat="37.3412719" lon="128.713266">
        <ele>513.9</ele>
      </trkpt>
      <trkpt lat="37.341844" lon="128.713518">
        <ele>510.9</ele>
      </trkpt>
      <trkpt lat="37.342961" lon="128.713583">
        <ele>497.6</ele>
      </trkpt>
      <trkpt lat="37.343801" lon="128.71361">
        <ele>487.2</ele>
      </trkpt>
      <trkpt lat="37.344212" lon="128.713742">
        <ele>485.1</ele>
      </trkpt>
      <trkpt lat="37.344927" lon="128.714141">
        <ele>475.1</ele>
      </trkpt>
      <trkpt lat="37.34575" lon="128.7144889">
        <ele>467.2</ele>
      </trkpt>
      <trkpt lat="37.346514" lon="128.715053">
        <ele>458.2</ele>
      </trkpt>
      <trkpt lat="37.347332" lon="128.715396">
        <ele>460.8</ele>
      </trkpt>
      <trkpt lat="37.347691" lon="128.715466">
        <ele>459.4</ele>
      </trkpt>
      <trkpt lat="37.348066" lon="128.7154339">
        <ele>453.7</ele>
      </trkpt>
      <trkpt lat="37.34848" lon="128.715519">
        <ele>449.5</ele>
      </trkpt>
      <trkpt lat="37.348821" lon="128.715696">
        <ele>444.5</ele>
      </trkpt>
      <trkpt lat="37.349209" lon="128.715965">
        <ele>438.8</ele>
      </trkpt>
      <trkpt lat="37.349783" lon="128.716218">
        <ele>434.6</ele>
      </trkpt>
      <trkpt lat="37.35028" lon="128.71633">
        <ele>431.9</ele>
      </trkpt>
      <trkpt lat="37.350582" lon="128.716565">
        <ele>428.6</ele>
      </trkpt>
      <trkpt lat="37.3510599" lon="128.717102">
        <ele>433.9</ele>
      </trkpt>
      <trkpt lat="37.351234" lon="128.717129">
        <ele>432.4</ele>
      </trkpt>
      <trkpt lat="37.351819" lon="128.717021">
        <ele>425.1</ele>
      </trkpt>
      <trkpt lat="37.35288" lon="128.716748">
        <ele>415.1</ele>
      </trkpt>
      <trkpt lat="37.353405" lon="128.71634">
        <ele>414.3</ele>
      </trkpt>
      <trkpt lat="37.353887" lon="128.71597">
        <ele>413.4</ele>
      </trkpt>
      <trkpt lat="37.354232" lon="128.715321">
        <ele>402.7</ele>
      </trkpt>
      <trkpt lat="37.354462" lon="128.715144">
        <ele>400.2</ele>
      </trkpt>
      <trkpt lat="37.354846" lon="128.715224">
        <ele>400.7</ele>
      </trkpt>
      <trkpt lat="37.355149" lon="128.715391">
        <ele>402.8</ele>
      </trkpt>
      <trkpt lat="37.355541" lon="128.71546">
        <ele>398.9</ele>
      </trkpt>
      <trkpt lat="37.355772" lon="128.715686">
        <ele>394.0</ele>
      </trkpt>
      <trkpt lat="37.355857" lon="128.7159969">
        <ele>391.4</ele>
      </trkpt>
      <trkpt lat="37.3557289" lon="128.7167">
        <ele>396.9</ele>
      </trkpt>
      <trkpt lat="37.355861" lon="128.717257">
        <ele>387.5</ele>
      </trkpt>
      <trkpt lat="37.3557879" lon="128.717664">
        <ele>386.0</ele>
      </trkpt>
      <trkpt lat="37.355541" lon="128.718239">
        <ele>388.2</ele>
      </trkpt>
      <trkpt lat="37.355464" lon="128.718588">
        <ele>382.8</ele>
      </trkpt>
      <trkpt lat="37.3559089" lon="128.718791">
        <ele>372.6</ele>
      </trkpt>
      <trkpt lat="37.356599" lon="128.719031">
        <ele>376.3</ele>
      </trkpt>
      <trkpt lat="37.357371" lon="128.71913">
        <ele>373.2</ele>
      </trkpt>
      <trkpt lat="37.358129" lon="128.718996">
        <ele>367.4</ele>
      </trkpt>
      <trkpt lat="37.358556" lon="128.718743">
        <ele>366.6</ele>
      </trkpt>
      <trkpt lat="37.358816" lon="128.718223">
        <ele>369.0</ele>
      </trkpt>
      <trkpt lat="37.359021" lon="128.717429">
        <ele>369.2</ele>
      </trkpt>
      <trkpt lat="37.359055" lon="128.71678">
        <ele>368.8</ele>
      </trkpt>
      <trkpt lat="37.359029" lon="128.7162339">
        <ele>367.6</ele>
      </trkpt>
      <trkpt lat="37.358889" lon="128.715943">
        <ele>369.4</ele>
      </trkpt>
      <trkpt lat="37.358663" lon="128.715707">
        <ele>373.1</ele>
      </trkpt>
      <trkpt lat="37.357886" lon="128.715117">
        <ele>389.2</ele>
      </trkpt>
      <trkpt lat="37.3576989" lon="128.714833">
        <ele>393.9</ele>
      </trkpt>
      <trkpt lat="37.357635" lon="128.7144889">
        <ele>395.8</ele>
      </trkpt>
      <trkpt lat="37.357801" lon="128.713256">
        <ele>398.7</ele>
      </trkpt>
      <trkpt lat="37.357968" lon="128.712859">
        <ele>404.0</ele>
      </trkpt>
      <trkpt lat="37.358931" lon="128.7121129">
        <ele>406.1</ele>
      </trkpt>
      <trkpt lat="37.3591229" lon="128.711984">
        <ele>407.1</ele>
      </trkpt>
      <trkpt lat="37.359345" lon="128.71192">
        <ele>406.9</ele>
      </trkpt>
      <trkpt lat="37.359856" lon="128.711974">
        <ele>400.5</ele>
      </trkpt>
      <trkpt lat="37.360151" lon="128.711915">
        <ele>401.9</ele>
      </trkpt>
      <trkpt lat="37.360385" lon="128.711786">
        <ele>405.9</ele>
      </trkpt>
      <trkpt lat="37.360662" lon="128.711362">
        <ele>408.6</ele>
      </trkpt>
      <trkpt lat="37.361153" lon="128.710611">
        <ele>408.7</ele>
      </trkpt>
      <trkpt lat="37.3614" lon="128.71052">
        <ele>411.4</ele>
      </trkpt>
      <trkpt lat="37.36192" lon="128.710649">
        <ele>414.4</ele>
      </trkpt>
      <trkpt lat="37.363302" lon="128.711416">
        <ele>418.5</ele>
      </trkpt>
      <trkpt lat="37.363579" lon="128.711432">
        <ele>416.9</ele>
      </trkpt>
      <trkpt lat="37.3640479" lon="128.710793">
        <ele>422.3</ele>
      </trkpt>
      <trkpt lat="37.364619" lon="128.709887">
        <ele>431.5</ele>
      </trkpt>
      <trkpt lat="37.364858" lon="128.709415">
        <ele>430.6</ele>
      </trkpt>
      <trkpt lat="37.364964" lon="128.709034">
        <ele>425.5</ele>
      </trkpt>
      <trkpt lat="37.364879" lon="128.708782">
        <ele>422.1</ele>
      </trkpt>
      <trkpt lat="37.364483" lon="128.708304">
        <ele>430.4</ele>
      </trkpt>
      <trkpt lat="37.364346" lon="128.708031">
        <ele>434.1</ele>
      </trkpt>
      <trkpt lat="37.3643209" lon="128.707671">
        <ele>432.1</ele>
      </trkpt>
      <trkpt lat="37.364423" lon="128.707441">
        <ele>427.0</ele>
      </trkpt>
      <trkpt lat="37.36615" lon="128.7060569">
        <ele>402.2</ele>
      </trkpt>
      <trkpt lat="37.366269" lon="128.705788">
        <ele>402.4</ele>
      </trkpt>
      <trkpt lat="37.366073" lon="128.705456">
        <ele>402.3</ele>
      </trkpt>
      <trkpt lat="37.365595" lon="128.705241">
        <ele>408.8</ele>
      </trkpt>
      <trkpt lat="37.365527" lon="128.705016">
        <ele>405.5</ele>
      </trkpt>
      <trkpt lat="37.365544" lon="128.704791">
        <ele>405.0</ele>
      </trkpt>
      <trkpt lat="37.365711" lon="128.704715">
        <ele>402.6</ele>
      </trkpt>
      <trkpt lat="37.366" lon="128.704757">
        <ele>398.8</ele>
      </trkpt>
      <trkpt lat="37.366547" lon="128.704742">
        <ele>394.6</ele>
      </trkpt>
      <trkpt lat="37.36787" lon="128.70385">
        <ele>376.7</ele>
      </trkpt>
      <trkpt lat="37.3686549" lon="128.703121">
        <ele>363.1</ele>
      </trkpt>
      <trkpt lat="37.369419" lon="128.702332">
        <ele>356.0</ele>
      </trkpt>
      <trkpt lat="37.369604" lon="128.701895">
        <ele>356.3</ele>
      </trkpt>
      <trkpt lat="37.369673" lon="128.701479">
        <ele>355.5</ele>
      </trkpt>
      <trkpt lat="37.369675" lon="128.701249">
        <ele>354.4</ele>
      </trkpt>
      <trkpt lat="37.369424" lon="128.700413">
        <ele>361.6</ele>
      </trkpt>
      <trkpt lat="37.369287" lon="128.699018">
        <ele>373.0</ele>
      </trkpt>
      <trkpt lat="37.369373" lon="128.698557">
        <ele>373.0</ele>
      </trkpt>
      <trkpt lat="37.369356" lon="128.697838">
        <ele>377.2</ele>
      </trkpt>
      <trkpt lat="37.36962" lon="128.696959">
        <ele>374.2</ele>
      </trkpt>
      <trkpt lat="37.370089" lon="128.69625">
        <ele>367.6</ele>
      </trkpt>
      <trkpt lat="37.370311" lon="128.6960039">
        <ele>364.7</ele>
      </trkpt>
      <trkpt lat="37.37026" lon="128.695489">
        <ele>364.5</ele>
      </trkpt>
      <trkpt lat="37.370089" lon="128.694974">
        <ele>361.1</ele>
      </trkpt>
      <trkpt lat="37.369748" lon="128.694748">
        <ele>355.4</ele>
      </trkpt>
      <trkpt lat="37.368742" lon="128.694974">
        <ele>357.3</ele>
      </trkpt>
      <trkpt lat="37.3668229" lon="128.695049">
        <ele>347.5</ele>
      </trkpt>
      <trkpt lat="37.3655169" lon="128.694909">
        <ele>341.1</ele>
      </trkpt>
      <trkpt lat="37.36412" lon="128.694952">
        <ele>347.9</ele>
      </trkpt>
      <trkpt lat="37.363319" lon="128.694695">
        <ele>352.6</ele>
      </trkpt>
      <trkpt lat="37.36227" lon="128.694276">
        <ele>352.7</ele>
      </trkpt>
      <trkpt lat="37.360641" lon="128.692978">
        <ele>344.7</ele>
      </trkpt>
      <trkpt lat="37.36018" lon="128.69242">
        <ele>335.3</ele>
      </trkpt>
      <trkpt lat="37.359984" lon="128.6918619">
        <ele>337.8</ele>
      </trkpt>
      <trkpt lat="37.359737" lon="128.690854">
        <ele>357.2</ele>
      </trkpt>
      <trkpt lat="37.359882" lon="128.689738">
        <ele>356.2</ele>
      </trkpt>
      <trkpt lat="37.36036" lon="128.688064">
        <ele>353.6</ele>
      </trkpt>
      <trkpt lat="37.360846" lon="128.686895">
        <ele>348.7</ele>
      </trkpt>
      <trkpt lat="37.36163" lon="128.685725">
        <ele>341.3</ele>
      </trkpt>
      <trkpt lat="37.362543" lon="128.6847919">
        <ele>345.1</ele>
      </trkpt>
      <trkpt lat="37.363319" lon="128.684374">
        <ele>343.3</ele>
      </trkpt>
      <trkpt lat="37.364572" lon="128.683955">
        <ele>338.2</ele>
      </trkpt>
      <trkpt lat="37.364811" lon="128.683451">
        <ele>346.4</ele>
      </trkpt>
      <trkpt lat="37.3650329" lon="128.682625">
        <ele>355.8</ele>
      </trkpt>
      <trkpt lat="37.365143" lon="128.6822709">
        <ele>357.0</ele>
      </trkpt>
      <trkpt lat="37.3651259" lon="128.681638">
        <ele>361.2</ele>
      </trkpt>
      <trkpt lat="37.365425" lon="128.681337">
        <ele>364.0</ele>
      </trkpt>
      <trkpt lat="37.365885" lon="128.681219">
        <ele>359.4</ele>
      </trkpt>
      <trkpt lat="37.366181" lon="128.680872">
        <ele>360.6</ele>
      </trkpt>
      <trkpt lat="37.366329" lon="128.680468">
        <ele>365.3</ele>
      </trkpt>
      <trkpt lat="37.366678" lon="128.68034">
        <ele>360.7</ele>
      </trkpt>
      <trkpt lat="37.366985" lon="128.680471">
        <ele>358.3</ele>
      </trkpt>
      <trkpt lat="37.367198" lon="128.680522">
        <ele>357.2</ele>
      </trkpt>
      <trkpt lat="37.367437" lon="128.680329">
        <ele>359.9</ele>
      </trkpt>
      <trkpt lat="37.367693" lon="128.679975">
        <ele>361.2</ele>
      </trkpt>
      <trkpt lat="37.368119" lon="128.679688">
        <ele>353.3</ele>
      </trkpt>
      <trkpt lat="37.368205" lon="128.679256">
        <ele>352.1</ele>
      </trkpt>
      <trkpt lat="37.368051" lon="128.678677">
        <ele>351.0</ele>
      </trkpt>
      <trkpt lat="37.367906" lon="128.678183">
        <ele>350.1</ele>
      </trkpt>
      <trkpt lat="37.367727" lon="128.677861">
        <ele>352.0</ele>
      </trkpt>
      <trkpt lat="37.367548" lon="128.676896">
        <ele>355.2</ele>
      </trkpt>
      <trkpt lat="37.367633" lon="128.676166">
        <ele>357.9</ele>
      </trkpt>
      <trkpt lat="37.367582" lon="128.675673">
        <ele>368.8</ele>
      </trkpt>
      <trkpt lat="37.367923" lon="128.675222">
        <ele>359.1</ele>
      </trkpt>
      <trkpt lat="37.368341" lon="128.674589">
        <ele>354.1</ele>
      </trkpt>
      <trkpt lat="37.368614" lon="128.674299">
        <ele>358.6</ele>
      </trkpt>
      <trkpt lat="37.369253" lon="128.674107">
        <ele>351.6</ele>
      </trkpt>
      <trkpt lat="37.369432" lon="128.673956">
        <ele>348.6</ele>
      </trkpt>
      <trkpt lat="37.369492" lon="128.673484">
        <ele>355.8</ele>
      </trkpt>
      <trkpt lat="37.369535" lon="128.6724429">
        <ele>358.0</ele>
      </trkpt>
      <trkpt lat="37.369748" lon="128.671917">
        <ele>348.9</ele>
      </trkpt>
      <trkpt lat="37.3702169" lon="128.671166">
        <ele>339.5</ele>
      </trkpt>
      <trkpt lat="37.370515" lon="128.670598">
        <ele>337.2</ele>
      </trkpt>
      <trkpt lat="37.370727" lon="128.669997">
        <ele>333.7</ele>
      </trkpt>
      <trkpt lat="37.3707629" lon="128.669621">
        <ele>337.8</ele>
      </trkpt>
      <trkpt lat="37.370899" lon="128.6692459">
        <ele>338.7</ele>
      </trkpt>
      <trkpt lat="37.371163" lon="128.669042">
        <ele>338.3</ele>
      </trkpt>
      <trkpt lat="37.371436" lon="128.669053">
        <ele>333.4</ele>
      </trkpt>
      <trkpt lat="37.37165" lon="128.669188">
        <ele>326.1</ele>
      </trkpt>
      <trkpt lat="37.371787" lon="128.669408">
        <ele>322.3</ele>
      </trkpt>
      <trkpt lat="37.371786" lon="128.669408">
        <ele>322.3</ele>
      </trkpt>
      <trkpt lat="37.3719899" lon="128.669793">
        <ele>318.0</ele>
      </trkpt>
      <trkpt lat="37.3729579" lon="128.670662">
        <ele>310.4</ele>
      </trkpt>
      <trkpt lat="37.374531" lon="128.672111">
        <ele>313.2</ele>
      </trkpt>
      <trkpt lat="37.375043" lon="128.67254">
        <ele>313.1</ele>
      </trkpt>
      <trkpt lat="37.377127" lon="128.673044">
        <ele>311.6</ele>
      </trkpt>
      <trkpt lat="37.377605" lon="128.673124">
        <ele>311.0</ele>
      </trkpt>
      <trkpt lat="37.378457" lon="128.672883">
        <ele>311.1</ele>
      </trkpt>
      <trkpt lat="37.379348" lon="128.6725669">
        <ele>310.4</ele>
      </trkpt>
      <trkpt lat="37.38067" lon="128.672078">
        <ele>311.2</ele>
      </trkpt>
      <trkpt lat="37.38087" lon="128.67195">
        <ele>311.0</ele>
      </trkpt>
      <trkpt lat="37.381245" lon="128.671601">
        <ele>311.2</ele>
      </trkpt>
      <trkpt lat="37.382106" lon="128.67078">
        <ele>314.0</ele>
      </trkpt>
      <trkpt lat="37.381697" lon="128.667948">
        <ele>306.4</ele>
      </trkpt>
      <trkpt lat="37.38148" lon="128.666542">
        <ele>313.6</ele>
      </trkpt>
      <trkpt lat="37.382724" lon="128.666564">
        <ele>319.0</ele>
      </trkpt>
      <trkpt lat="37.383811" lon="128.666735">
        <ele>329.7</ele>
      </trkpt>
      <trkpt lat="37.384527" lon="128.666644">
        <ele>330.3</ele>
      </trkpt>
      <trkpt lat="37.385729" lon="128.66622">
        <ele>346.4</ele>
      </trkpt>
      <trkpt lat="37.386859" lon="128.665974">
        <ele>345.0</ele>
      </trkpt>
      <trkpt lat="37.38812" lon="128.666102">
        <ele>335.0</ele>
      </trkpt>
      <trkpt lat="37.388956" lon="128.665968">
        <ele>339.6</ele>
      </trkpt>
      <trkpt lat="37.389254" lon="128.66599">
        <ele>340.4</ele>
      </trkpt>
      <trkpt lat="37.389506" lon="128.666151">
        <ele>338.9</ele>
      </trkpt>
      <trkpt lat="37.3899959" lon="128.6664989">
        <ele>336.8</ele>
      </trkpt>
      <trkpt lat="37.390298" lon="128.666671">
        <ele>333.9</ele>
      </trkpt>
      <trkpt lat="37.390592" lon="128.666671">
        <ele>335.0</ele>
      </trkpt>
      <trkpt lat="37.391846" lon="128.666564">
        <ele>342.1</ele>
      </trkpt>
      <trkpt lat="37.392199" lon="128.666639">
        <ele>343.8</ele>
      </trkpt>
      <trkpt lat="37.393388" lon="128.667106">
        <ele>345.6</ele>
      </trkpt>
      <trkpt lat="37.394296" lon="128.667207">
        <ele>350.4</ele>
      </trkpt>
      <trkpt lat="37.394799" lon="128.667127">
        <ele>353.5</ele>
      </trkpt>
      <trkpt lat="37.396154" lon="128.666751">
        <ele>358.7</ele>
      </trkpt>
      <trkpt lat="37.3971469" lon="128.666462">
        <ele>363.6</ele>
      </trkpt>
      <trkpt lat="37.398954" lon="128.665051">
        <ele>382.6</ele>
      </trkpt>
      <trkpt lat="37.399244" lon="128.664911">
        <ele>384.3</ele>
      </trkpt>
      <trkpt lat="37.399521" lon="128.664863">
        <ele>385.1</ele>
      </trkpt>
      <trkpt lat="37.399913" lon="128.665051">
        <ele>383.6</ele>
      </trkpt>
      <trkpt lat="37.400216" lon="128.665266">
        <ele>388.6</ele>
      </trkpt>
      <trkpt lat="37.400425" lon="128.6655869">
        <ele>392.9</ele>
      </trkpt>
      <trkpt lat="37.400829" lon="128.66732">
        <ele>400.1</ele>
      </trkpt>
      <trkpt lat="37.401196" lon="128.668881">
        <ele>405.7</ele>
      </trkpt>
      <trkpt lat="37.4014049" lon="128.669632">
        <ele>408.1</ele>
      </trkpt>
      <trkpt lat="37.4016" lon="128.67012">
        <ele>410.6</ele>
      </trkpt>
      <trkpt lat="37.401873" lon="128.670399">
        <ele>411.3</ele>
      </trkpt>
      <trkpt lat="37.40218" lon="128.670571">
        <ele>411.6</ele>
      </trkpt>
      <trkpt lat="37.403352" lon="128.670544">
        <ele>424.5</ele>
      </trkpt>
      <trkpt lat="37.40403" lon="128.670893">
        <ele>426.6</ele>
      </trkpt>
      <trkpt lat="37.404354" lon="128.6710809">
        <ele>428.3</ele>
      </trkpt>
      <trkpt lat="37.404545" lon="128.671301">
        <ele>428.2</ele>
      </trkpt>
      <trkpt lat="37.4050269" lon="128.672186">
        <ele>432.4</ele>
      </trkpt>
      <trkpt lat="37.4053169" lon="128.672782">
        <ele>439.0</ele>
      </trkpt>
      <trkpt lat="37.405568" lon="128.673049">
        <ele>442.0</ele>
      </trkpt>
      <trkpt lat="37.405828" lon="128.673221">
        <ele>443.4</ele>
      </trkpt>
      <trkpt lat="37.406586" lon="128.67343">
        <ele>450.0</ele>
      </trkpt>
      <trkpt lat="37.407089" lon="128.673495">
        <ele>451.4</ele>
      </trkpt>
      <trkpt lat="37.407417" lon="128.673452">
        <ele>452.3</ele>
      </trkpt>
      <trkpt lat="37.407707" lon="128.673318">
        <ele>452.7</ele>
      </trkpt>
      <trkpt lat="37.4085759" lon="128.672706">
        <ele>452.3</ele>
      </trkpt>
      <trkpt lat="37.408687" lon="128.672524">
        <ele>452.1</ele>
      </trkpt>
      <trkpt lat="37.408747" lon="128.672143">
        <ele>450.3</ele>
      </trkpt>
      <trkpt lat="37.408542" lon="128.671478">
        <ele>458.5</ele>
      </trkpt>
      <trkpt lat="37.408444" lon="128.671113">
        <ele>460.9</ele>
      </trkpt>
      <trkpt lat="37.408504" lon="128.67041">
        <ele>459.9</ele>
      </trkpt>
      <trkpt lat="37.408628" lon="128.66989">
        <ele>458.6</ele>
      </trkpt>
      <trkpt lat="37.4089389" lon="128.669562">
        <ele>452.9</ele>
      </trkpt>
      <trkpt lat="37.40925" lon="128.669546">
        <ele>447.5</ele>
      </trkpt>
      <trkpt lat="37.4095439" lon="128.669734">
        <ele>445.9</ele>
      </trkpt>
      <trkpt lat="37.410647" lon="128.670556">
        <ele>429.0</ele>
      </trkpt>
      <trkpt lat="37.410958" lon="128.670657">
        <ele>423.6</ele>
      </trkpt>
      <trkpt lat="37.411274" lon="128.670582">
        <ele>421.3</ele>
      </trkpt>
      <trkpt lat="37.413097" lon="128.669337">
        <ele>420.4</ele>
      </trkpt>
      <trkpt lat="37.416216" lon="128.667803">
        <ele>380.7</ele>
      </trkpt>
      <trkpt lat="37.417038" lon="128.667299">
        <ele>370.8</ele>
      </trkpt>
      <trkpt lat="37.418197" lon="128.666065">
        <ele>363.9</ele>
      </trkpt>
      <trkpt lat="37.418611" lon="128.665539">
        <ele>359.7</ele>
      </trkpt>
      <trkpt lat="37.418994" lon="128.665314">
        <ele>348.8</ele>
      </trkpt>
      <trkpt lat="37.419186" lon="128.66503">
        <ele>344.3</ele>
      </trkpt>
      <trkpt lat="37.419203" lon="128.664332">
        <ele>352.7</ele>
      </trkpt>
      <trkpt lat="37.419429" lon="128.663678">
        <ele>355.1</ele>
      </trkpt>
      <trkpt lat="37.419548" lon="128.663023">
        <ele>359.8</ele>
      </trkpt>
      <trkpt lat="37.419654" lon="128.662878">
        <ele>356.2</ele>
      </trkpt>
      <trkpt lat="37.419873" lon="128.662794">
        <ele>345.0</ele>
      </trkpt>
      <trkpt lat="37.421425" lon="128.662161">
        <ele>342.4</ele>
      </trkpt>
      <trkpt lat="37.421546" lon="128.660497">
        <ele>335.8</ele>
      </trkpt>
      <trkpt lat="37.422019" lon="128.656758">
        <ele>333.5</ele>
      </trkpt>
      <trkpt lat="37.42227" lon="128.655787">
        <ele>333.6</ele>
      </trkpt>
      <trkpt lat="37.422509" lon="128.655175">
        <ele>335.0</ele>
      </trkpt>
      <trkpt lat="37.422671" lon="128.6551859">
        <ele>335.3</ele>
      </trkpt>
      <trkpt lat="37.423399" lon="128.6556359">
        <ele>335.4</ele>
      </trkpt>
      <trkpt lat="37.424803" lon="128.656491">
        <ele>343.7</ele>
      </trkpt>
      <trkpt lat="37.426283" lon="128.656489">
        <ele>344.2</ele>
      </trkpt>
      <trkpt lat="37.42734" lon="128.656522">
        <ele>341.1</ele>
      </trkpt>
      <trkpt lat="37.429743" lon="128.657932">
        <ele>346.5</ele>
      </trkpt>
      <trkpt lat="37.429943" lon="128.658211">
        <ele>346.9</ele>
      </trkpt>
      <trkpt lat="37.430403" lon="128.659145">
        <ele>351.5</ele>
      </trkpt>
      <trkpt lat="37.430407" lon="128.659402">
        <ele>352.2</ele>
      </trkpt>
      <trkpt lat="37.430218" lon="128.659963">
        <ele>354.6</ele>
      </trkpt>
      <trkpt lat="37.429913" lon="128.661162">
        <ele>361.4</ele>
      </trkpt>
      <trkpt lat="37.429892" lon="128.661403">
        <ele>362.6</ele>
      </trkpt>
      <trkpt lat="37.429964" lon="128.6616019">
        <ele>362.3</ele>
      </trkpt>
      <trkpt lat="37.430352" lon="128.662079">
        <ele>364.1</ele>
      </trkpt>
      <trkpt lat="37.430827" lon="128.66305">
        <ele>370.0</ele>
      </trkpt>
      <trkpt lat="37.4309269" lon="128.663377">
        <ele>373.3</ele>
      </trkpt>
      <trkpt lat="37.430948" lon="128.664359">
        <ele>377.0</ele>
      </trkpt>
      <trkpt lat="37.431208" lon="128.665212">
        <ele>377.4</ele>
      </trkpt>
      <trkpt lat="37.431868" lon="128.666918">
        <ele>379.8</ele>
      </trkpt>
      <trkpt lat="37.432162" lon="128.667653">
        <ele>379.2</ele>
      </trkpt>
      <trkpt lat="37.433223" lon="128.668962">
        <ele>382.8</ele>
      </trkpt>
      <trkpt lat="37.433419" lon="128.669112">
        <ele>383.0</ele>
      </trkpt>
      <trkpt lat="37.43361" lon="128.66923">
        <ele>383.3</ele>
      </trkpt>
      <trkpt lat="37.434377" lon="128.669396">
        <ele>380.4</ele>
      </trkpt>
      <trkpt lat="37.43485" lon="128.66967">
        <ele>381.1</ele>
      </trkpt>
      <trkpt lat="37.435097" lon="128.669761">
        <ele>381.3</ele>
      </trkpt>
      <trkpt lat="37.435693" lon="128.669782">
        <ele>381.6</ele>
      </trkpt>
      <trkpt lat="37.436524" lon="128.669573">
        <ele>382.1</ele>
      </trkpt>
      <trkpt lat="37.436805" lon="128.669568">
        <ele>383.2</ele>
      </trkpt>
      <trkpt lat="37.437142" lon="128.669621">
        <ele>385.7</ele>
      </trkpt>
      <trkpt lat="37.437819" lon="128.669782">
        <ele>388.8</ele>
      </trkpt>
      <trkpt lat="37.438356" lon="128.670206">
        <ele>391.5</ele>
      </trkpt>
      <trkpt lat="37.438488" lon="128.670254">
        <ele>392.0</ele>
      </trkpt>
      <trkpt lat="37.438637" lon="128.670244">
        <ele>391.9</ele>
      </trkpt>
      <trkpt lat="37.439467" lon="128.670678">
        <ele>394.6</ele>
      </trkpt>
      <trkpt lat="37.439821" lon="128.670887">
        <ele>396.2</ele>
      </trkpt>
      <trkpt lat="37.440213" lon="128.671252">
        <ele>402.9</ele>
      </trkpt>
      <trkpt lat="37.4403999" lon="128.671574">
        <ele>405.8</ele>
      </trkpt>
      <trkpt lat="37.440912" lon="128.672933">
        <ele>415.3</ele>
      </trkpt>
      <trkpt lat="37.441175" lon="128.673666">
        <ele>420.5</ele>
      </trkpt>
      <trkpt lat="37.441277" lon="128.6739399">
        <ele>421.0</ele>
      </trkpt>
      <trkpt lat="37.441329" lon="128.674798">
        <ele>429.0</ele>
      </trkpt>
      <trkpt lat="37.441248" lon="128.675372">
        <ele>435.6</ele>
      </trkpt>
      <trkpt lat="37.44126" lon="128.675565">
        <ele>436.4</ele>
      </trkpt>
      <trkpt lat="37.441384" lon="128.675673">
        <ele>434.9</ele>
      </trkpt>
      <trkpt lat="37.441541" lon="128.675608">
        <ele>431.5</ele>
      </trkpt>
      <trkpt lat="37.441721" lon="128.675511">
        <ele>430.3</ele>
      </trkpt>
      <trkpt lat="37.441916" lon="128.675292">
        <ele>434.8</ele>
      </trkpt>
      <trkpt lat="37.44207" lon="128.674991">
        <ele>435.9</ele>
      </trkpt>
      <trkpt lat="37.442242" lon="128.674461">
        <ele>431.7</ele>
      </trkpt>
      <trkpt lat="37.442291" lon="128.674015">
        <ele>426.1</ele>
      </trkpt>
      <trkpt lat="37.442393" lon="128.673944">
        <ele>427.8</ele>
      </trkpt>
      <trkpt lat="37.44276" lon="128.674139">
        <ele>429.8</ele>
      </trkpt>
      <trkpt lat="37.443104" lon="128.674305">
        <ele>430.9</ele>
      </trkpt>
      <trkpt lat="37.443288" lon="128.674578">
        <ele>436.2</ele>
      </trkpt>
      <trkpt lat="37.443309" lon="128.67504">
        <ele>447.2</ele>
      </trkpt>
      <trkpt lat="37.443453" lon="128.675419">
        <ele>448.8</ele>
      </trkpt>
      <trkpt lat="37.4437349" lon="128.67601">
        <ele>445.6</ele>
      </trkpt>
      <trkpt lat="37.444088" lon="128.677293">
        <ele>459.6</ele>
      </trkpt>
      <trkpt lat="37.444242" lon="128.677539">
        <ele>460.4</ele>
      </trkpt>
      <trkpt lat="37.444346" lon="128.677887">
        <ele>464.1</ele>
      </trkpt>
      <trkpt lat="37.444511" lon="128.678563">
        <ele>469.0</ele>
      </trkpt>
      <trkpt lat="37.444648" lon="128.678944">
        <ele>466.8</ele>
      </trkpt>
      <trkpt lat="37.444774" lon="128.6791969">
        <ele>464.2</ele>
      </trkpt>
      <trkpt lat="37.444844" lon="128.679451">
        <ele>465.2</ele>
      </trkpt>
      <trkpt lat="37.445034" lon="128.680055">
        <ele>469.9</ele>
      </trkpt>
      <trkpt lat="37.445081" lon="128.680216">
        <ele>475.0</ele>
      </trkpt>
      <trkpt lat="37.44526" lon="128.680243">
        <ele>475.9</ele>
      </trkpt>
      <trkpt lat="37.445536" lon="128.680205">
        <ele>475.0</ele>
      </trkpt>
      <trkpt lat="37.445847" lon="128.680254">
        <ele>475.8</ele>
      </trkpt>
      <trkpt lat="37.446116" lon="128.680393">
        <ele>474.3</ele>
      </trkpt>
      <trkpt lat="37.446401" lon="128.680635">
        <ele>472.1</ele>
      </trkpt>
      <trkpt lat="37.446733" lon="128.680994">
        <ele>470.5</ele>
      </trkpt>
      <trkpt lat="37.447082" lon="128.681305">
        <ele>472.4</ele>
      </trkpt>
      <trkpt lat="37.447538" lon="128.681482">
        <ele>470.2</ele>
      </trkpt>
      <trkpt lat="37.447798" lon="128.681611">
        <ele>468.4</ele>
      </trkpt>
      <trkpt lat="37.448041" lon="128.681858">
        <ele>466.9</ele>
      </trkpt>
      <trkpt lat="37.448088" lon="128.682144">
        <ele>469.3</ele>
      </trkpt>
      <trkpt lat="37.448088" lon="128.68268">
        <ele>475.9</ele>
      </trkpt>
      <trkpt lat="37.448018" lon="128.682908">
        <ele>480.9</ele>
      </trkpt>
      <trkpt lat="37.447794" lon="128.683272">
        <ele>492.5</ele>
      </trkpt>
      <trkpt lat="37.447752" lon="128.683468">
        <ele>498.0</ele>
      </trkpt>
      <trkpt lat="37.447803" lon="128.683916">
        <ele>509.0</ele>
      </trkpt>
      <trkpt lat="37.4479339" lon="128.6839819">
        <ele>509.4</ele>
      </trkpt>
      <trkpt lat="37.448177" lon="128.683875">
        <ele>502.6</ele>
      </trkpt>
      <trkpt lat="37.448467" lon="128.683676">
        <ele>490.4</ele>
      </trkpt>
      <trkpt lat="37.448748" lon="128.683574">
        <ele>483.8</ele>
      </trkpt>
      <trkpt lat="37.44908" lon="128.683703">
        <ele>488.8</ele>
      </trkpt>
      <trkpt lat="37.449382" lon="128.683955">
        <ele>491.5</ele>
      </trkpt>
      <trkpt lat="37.449629" lon="128.684197">
        <ele>492.5</ele>
      </trkpt>
      <trkpt lat="37.449884" lon="128.684548">
        <ele>500.5</ele>
      </trkpt>
      <trkpt lat="37.450081" lon="128.684765">
        <ele>502.3</ele>
      </trkpt>
      <trkpt lat="37.450328" lon="128.685243">
        <ele>510.9</ele>
      </trkpt>
      <trkpt lat="37.450636" lon="128.685583">
        <ele>508.6</ele>
      </trkpt>
      <trkpt lat="37.450941" lon="128.685758">
        <ele>502.7</ele>
      </trkpt>
      <trkpt lat="37.451213" lon="128.6860529">
        <ele>506.6</ele>
      </trkpt>
      <trkpt lat="37.451405" lon="128.686155">
        <ele>505.1</ele>
      </trkpt>
      <trkpt lat="37.451627" lon="128.686337">
        <ele>506.3</ele>
      </trkpt>
      <trkpt lat="37.451683" lon="128.686622">
        <ele>517.0</ele>
      </trkpt>
      <trkpt lat="37.4517669" lon="128.686745">
        <ele>520.5</ele>
      </trkpt>
      <trkpt lat="37.452061" lon="128.686686">
        <ele>517.2</ele>
      </trkpt>
      <trkpt lat="37.4522989" lon="128.686798">
        <ele>519.5</ele>
      </trkpt>
      <trkpt lat="37.452444" lon="128.686809">
        <ele>519.2</ele>
      </trkpt>
      <trkpt lat="37.452772" lon="128.686594">
        <ele>508.8</ele>
      </trkpt>
      <trkpt lat="37.452866" lon="128.6866269">
        <ele>509.6</ele>
      </trkpt>
      <trkpt lat="37.452998" lon="128.6868299">
        <ele>515.3</ele>
      </trkpt>
      <trkpt lat="37.453266" lon="128.686975">
        <ele>516.8</ele>
      </trkpt>
      <trkpt lat="37.453462" lon="128.68734">
        <ele>523.8</ele>
      </trkpt>
      <trkpt lat="37.453743" lon="128.687646">
        <ele>527.9</ele>
      </trkpt>
      <trkpt lat="37.453918" lon="128.6877749">
        <ele>528.6</ele>
      </trkpt>
      <trkpt lat="37.4542969" lon="128.68786">
        <ele>526.0</ele>
      </trkpt>
      <trkpt lat="37.454565" lon="128.687807">
        <ele>522.7</ele>
      </trkpt>
      <trkpt lat="37.454808" lon="128.687641">
        <ele>518.1</ele>
      </trkpt>
      <trkpt lat="37.454961" lon="128.687748">
        <ele>518.6</ele>
      </trkpt>
      <trkpt lat="37.455072" lon="128.687976">
        <ele>519.2</ele>
      </trkpt>
      <trkpt lat="37.455129" lon="128.688239">
        <ele>520.8</ele>
      </trkpt>
      <trkpt lat="37.4551159" lon="128.688533">
        <ele>520.3</ele>
      </trkpt>
      <trkpt lat="37.454994" lon="128.688871">
        <ele>520.3</ele>
      </trkpt>
      <trkpt lat="37.454861" lon="128.68896">
        <ele>520.7</ele>
      </trkpt>
      <trkpt lat="37.454591" lon="128.689051">
        <ele>522.5</ele>
      </trkpt>
      <trkpt lat="37.454318" lon="128.689223">
        <ele>522.5</ele>
      </trkpt>
      <trkpt lat="37.453994" lon="128.689518">
        <ele>520.3</ele>
      </trkpt>
      <trkpt lat="37.45379" lon="128.689459">
        <ele>522.9</ele>
      </trkpt>
      <trkpt lat="37.4533259" lon="128.689507">
        <ele>525.4</ele>
      </trkpt>
      <trkpt lat="37.453023" lon="128.689647">
        <ele>528.6</ele>
      </trkpt>
      <trkpt lat="37.452787" lon="128.689886">
        <ele>528.3</ele>
      </trkpt>
      <trkpt lat="37.452749" lon="128.690111">
        <ele>528.0</ele>
      </trkpt>
      <trkpt lat="37.452808" lon="128.690374">
        <ele>530.5</ele>
      </trkpt>
      <trkpt lat="37.4529" lon="128.690473">
        <ele>531.1</ele>
      </trkpt>
      <trkpt lat="37.453339" lon="128.690382">
        <ele>525.0</ele>
      </trkpt>
      <trkpt lat="37.453568" lon="128.690339">
        <ele>522.6</ele>
      </trkpt>
      <trkpt lat="37.4538749" lon="128.690553">
        <ele>526.7</ele>
      </trkpt>
      <trkpt lat="37.454271" lon="128.690655">
        <ele>525.6</ele>
      </trkpt>
      <trkpt lat="37.4543899" lon="128.6909719">
        <ele>531.6</ele>
      </trkpt>
      <trkpt lat="37.454599" lon="128.691031">
        <ele>529.0</ele>
      </trkpt>
      <trkpt lat="37.454744" lon="128.690999">
        <ele>525.2</ele>
      </trkpt>
      <trkpt lat="37.454893" lon="128.6908">
        <ele>517.3</ele>
      </trkpt>
      <trkpt lat="37.455016" lon="128.690789">
        <ele>515.0</ele>
      </trkpt>
      <trkpt lat="37.455366" lon="128.690838">
        <ele>514.3</ele>
      </trkpt>
      <trkpt lat="37.455804" lon="128.690993">
        <ele>514.1</ele>
      </trkpt>
      <trkpt lat="37.455847" lon="128.691149">
        <ele>515.6</ele>
      </trkpt>
      <trkpt lat="37.455872" lon="128.69138">
        <ele>517.9</ele>
      </trkpt>
      <trkpt lat="37.456072" lon="128.691439">
        <ele>515.3</ele>
      </trkpt>
      <trkpt lat="37.456515" lon="128.691503">
        <ele>508.4</ele>
      </trkpt>
      <trkpt lat="37.456681" lon="128.691626">
        <ele>506.1</ele>
      </trkpt>
      <trkpt lat="37.456794" lon="128.691886">
        <ele>504.5</ele>
      </trkpt>
      <trkpt lat="37.456835" lon="128.692055">
        <ele>504.6</ele>
      </trkpt>
      <trkpt lat="37.456784" lon="128.692313">
        <ele>509.9</ele>
      </trkpt>
      <trkpt lat="37.456877" lon="128.692415">
        <ele>506.5</ele>
      </trkpt>
      <trkpt lat="37.45709" lon="128.6924359">
        <ele>496.2</ele>
      </trkpt>
      <trkpt lat="37.457167" lon="128.692667">
        <ele>495.1</ele>
      </trkpt>
      <trkpt lat="37.45721" lon="128.692983">
        <ele>496.7</ele>
      </trkpt>
      <trkpt lat="37.457202" lon="128.693274">
        <ele>501.0</ele>
      </trkpt>
      <trkpt lat="37.45719" lon="128.693702">
        <ele>503.4</ele>
      </trkpt>
      <trkpt lat="37.457229" lon="128.6948559">
        <ele>488.6</ele>
      </trkpt>
      <trkpt lat="37.457192" lon="128.695054">
        <ele>486.5</ele>
      </trkpt>
      <trkpt lat="37.456847" lon="128.695344">
        <ele>497.0</ele>
      </trkpt>
      <trkpt lat="37.455784" lon="128.696734">
        <ele>501.0</ele>
      </trkpt>
      <trkpt lat="37.455706" lon="128.6969049">
        <ele>503.5</ele>
      </trkpt>
      <trkpt lat="37.455682" lon="128.697048">
        <ele>503.5</ele>
      </trkpt>
      <trkpt lat="37.455731" lon="128.69739">
        <ele>499.1</ele>
      </trkpt>
      <trkpt lat="37.455843" lon="128.697554">
        <ele>498.2</ele>
      </trkpt>
      <trkpt lat="37.456332" lon="128.697575">
        <ele>492.8</ele>
      </trkpt>
      <trkpt lat="37.456928" lon="128.697661">
        <ele>484.6</ele>
      </trkpt>
      <trkpt lat="37.457405" lon="128.697892">
        <ele>478.6</ele>
      </trkpt>
      <trkpt lat="37.457593" lon="128.698117">
        <ele>477.6</ele>
      </trkpt>
      <trkpt lat="37.457712" lon="128.698503">
        <ele>478.8</ele>
      </trkpt>
      <trkpt lat="37.457699" lon="128.698868">
        <ele>482.9</ele>
      </trkpt>
      <trkpt lat="37.457584" lon="128.699307">
        <ele>492.0</ele>
      </trkpt>
      <trkpt lat="37.457337" lon="128.699727">
        <ele>499.7</ele>
      </trkpt>
      <trkpt lat="37.457295" lon="128.69992">
        <ele>498.8</ele>
      </trkpt>
      <trkpt lat="37.45731" lon="128.700043">
        <ele>498.5</ele>
      </trkpt>
      <trkpt lat="37.457835" lon="128.700354">
        <ele>488.5</ele>
      </trkpt>
      <trkpt lat="37.458342" lon="128.70066">
        <ele>474.1</ele>
      </trkpt>
      <trkpt lat="37.458495" lon="128.700896">
        <ele>471.2</ele>
      </trkpt>
      <trkpt lat="37.458544" lon="128.701308">
        <ele>476.7</ele>
      </trkpt>
      <trkpt lat="37.458705" lon="128.702179">
        <ele>483.4</ele>
      </trkpt>
      <trkpt lat="37.458951" lon="128.702602">
        <ele>471.9</ele>
      </trkpt>
      <trkpt lat="37.458985" lon="128.702828">
        <ele>467.8</ele>
      </trkpt>
      <trkpt lat="37.458961" lon="128.703056">
        <ele>467.6</ele>
      </trkpt>
      <trkpt lat="37.458656" lon="128.703662">
        <ele>477.3</ele>
      </trkpt>
      <trkpt lat="37.458388" lon="128.703869">
        <ele>484.6</ele>
      </trkpt>
      <trkpt lat="37.458099" lon="128.704018">
        <ele>492.7</ele>
      </trkpt>
      <trkpt lat="37.458036" lon="128.704115">
        <ele>492.2</ele>
      </trkpt>
      <trkpt lat="37.458007" lon="128.704217">
        <ele>491.2</ele>
      </trkpt>
      <trkpt lat="37.457996" lon="128.704386">
        <ele>490.0</ele>
      </trkpt>
      <trkpt lat="37.45801" lon="128.704638">
        <ele>487.0</ele>
      </trkpt>
      <trkpt lat="37.457948" lon="128.704829">
        <ele>487.0</ele>
      </trkpt>
      <trkpt lat="37.4577079" lon="128.705163">
        <ele>495.6</ele>
      </trkpt>
      <trkpt lat="37.457668" lon="128.7052689">
        <ele>498.8</ele>
      </trkpt>
      <trkpt lat="37.4576939" lon="128.705433">
        <ele>502.4</ele>
      </trkpt>
      <trkpt lat="37.457831" lon="128.705488">
        <ele>503.1</ele>
      </trkpt>
      <trkpt lat="37.4581159" lon="128.705429">
        <ele>499.2</ele>
      </trkpt>
      <trkpt lat="37.458585" lon="128.705397">
        <ele>499.8</ele>
      </trkpt>
      <trkpt lat="37.458781" lon="128.705289">
        <ele>497.2</ele>
      </trkpt>
      <trkpt lat="37.4589209" lon="128.70515">
        <ele>492.4</ele>
      </trkpt>
      <trkpt lat="37.459168" lon="128.705059">
        <ele>491.9</ele>
      </trkpt>
      <trkpt lat="37.459317" lon="128.704882">
        <ele>481.2</ele>
      </trkpt>
      <trkpt lat="37.459441" lon="128.704892">
        <ele>479.6</ele>
      </trkpt>
      <trkpt lat="37.459824" lon="128.705397">
        <ele>493.7</ele>
      </trkpt>
      <trkpt lat="37.460267" lon="128.705837">
        <ele>496.5</ele>
      </trkpt>
      <trkpt lat="37.4604799" lon="128.705906">
        <ele>489.8</ele>
      </trkpt>
      <trkpt lat="37.460527" lon="128.706218">
        <ele>492.0</ele>
      </trkpt>
      <trkpt lat="37.460426" lon="128.706796">
        <ele>504.9</ele>
      </trkpt>
      <trkpt lat="37.460382" lon="128.707444">
        <ele>510.1</ele>
      </trkpt>
      <trkpt lat="37.460338" lon="128.70787">
        <ele>521.6</ele>
      </trkpt>
      <trkpt lat="37.460384" lon="128.7079929">
        <ele>523.5</ele>
      </trkpt>
      <trkpt lat="37.460539" lon="128.7079929">
        <ele>519.7</ele>
      </trkpt>
      <trkpt lat="37.461008" lon="128.707736">
        <ele>503.6</ele>
      </trkpt>
      <trkpt lat="37.461365" lon="128.7074299">
        <ele>496.3</ele>
      </trkpt>
      <trkpt lat="37.461796" lon="128.70729">
        <ele>491.4</ele>
      </trkpt>
      <trkpt lat="37.462128" lon="128.707269">
        <ele>483.9</ele>
      </trkpt>
      <trkpt lat="37.462234" lon="128.707403">
        <ele>489.2</ele>
      </trkpt>
      <trkpt lat="37.462353" lon="128.707687">
        <ele>501.2</ele>
      </trkpt>
      <trkpt lat="37.462613" lon="128.70788">
        <ele>499.4</ele>
      </trkpt>
      <trkpt lat="37.4627709" lon="128.70809">
        <ele>498.3</ele>
      </trkpt>
      <trkpt lat="37.462807" lon="128.70835">
        <ele>507.1</ele>
      </trkpt>
      <trkpt lat="37.462776" lon="128.708812">
        <ele>521.4</ele>
      </trkpt>
      <trkpt lat="37.462802" lon="128.709112">
        <ele>527.5</ele>
      </trkpt>
      <trkpt lat="37.462903" lon="128.709449">
        <ele>534.1</ele>
      </trkpt>
      <trkpt lat="37.463062" lon="128.7096929">
        <ele>534.3</ele>
      </trkpt>
      <trkpt lat="37.463316" lon="128.709822">
        <ele>523.8</ele>
      </trkpt>
      <trkpt lat="37.463788" lon="128.709919">
        <ele>514.7</ele>
      </trkpt>
      <trkpt lat="37.463933" lon="128.710016">
        <ele>515.4</ele>
      </trkpt>
      <trkpt lat="37.464086" lon="128.710252">
        <ele>524.6</ele>
      </trkpt>
      <trkpt lat="37.464303" lon="128.710353">
        <ele>522.4</ele>
      </trkpt>
      <trkpt lat="37.464657" lon="128.710471">
        <ele>514.4</ele>
      </trkpt>
      <trkpt lat="37.464998" lon="128.7109539">
        <ele>522.6</ele>
      </trkpt>
      <trkpt lat="37.465236" lon="128.711051">
        <ele>519.3</ele>
      </trkpt>
      <trkpt lat="37.4657" lon="128.711147">
        <ele>510.1</ele>
      </trkpt>
      <trkpt lat="37.465909" lon="128.7113139">
        <ele>509.4</ele>
      </trkpt>
      <trkpt lat="37.466198" lon="128.71156">
        <ele>509.8</ele>
      </trkpt>
      <trkpt lat="37.466205" lon="128.711709">
        <ele>512.3</ele>
      </trkpt>
      <trkpt lat="37.466011" lon="128.7118879">
        <ele>513.3</ele>
      </trkpt>
      <trkpt lat="37.465755" lon="128.712129">
        <ele>514.6</ele>
      </trkpt>
      <trkpt lat="37.465491" lon="128.712521">
        <ele>513.8</ele>
      </trkpt>
      <trkpt lat="37.4652" lon="128.713041">
        <ele>510.0</ele>
      </trkpt>
      <trkpt lat="37.465015" lon="128.713528">
        <ele>504.0</ele>
      </trkpt>
      <trkpt lat="37.464904" lon="128.713685">
        <ele>503.9</ele>
      </trkpt>
      <trkpt lat="37.464657" lon="128.713792">
        <ele>507.4</ele>
      </trkpt>
      <trkpt lat="37.464521" lon="128.713964">
        <ele>507.7</ele>
      </trkpt>
      <trkpt lat="37.4644059" lon="128.714323">
        <ele>505.9</ele>
      </trkpt>
      <trkpt lat="37.464407" lon="128.715037">
        <ele>500.2</ele>
      </trkpt>
      <trkpt lat="37.46441" lon="128.715282">
        <ele>497.2</ele>
      </trkpt>
      <trkpt lat="37.464355" lon="128.715656">
        <ele>494.5</ele>
      </trkpt>
      <trkpt lat="37.464144" lon="128.716185">
        <ele>493.1</ele>
      </trkpt>
      <trkpt lat="37.46382" lon="128.716857">
        <ele>491.2</ele>
      </trkpt>
      <trkpt lat="37.4635589" lon="128.717387">
        <ele>490.8</ele>
      </trkpt>
      <trkpt lat="37.463401" lon="128.717713">
        <ele>490.8</ele>
      </trkpt>
      <trkpt lat="37.463471" lon="128.718131">
        <ele>484.2</ele>
      </trkpt>
      <trkpt lat="37.463488" lon="128.718587">
        <ele>480.7</ele>
      </trkpt>
      <trkpt lat="37.463619" lon="128.719195">
        <ele>476.3</ele>
      </trkpt>
      <trkpt lat="37.4636489" lon="128.719606">
        <ele>473.1</ele>
      </trkpt>
      <trkpt lat="37.463751" lon="128.719996">
        <ele>469.0</ele>
      </trkpt>
      <trkpt lat="37.463706" lon="128.720251">
        <ele>466.0</ele>
      </trkpt>
      <trkpt lat="37.463584" lon="128.720327">
        <ele>466.2</ele>
      </trkpt>
      <trkpt lat="37.463404" lon="128.720307">
        <ele>468.4</ele>
      </trkpt>
      <trkpt lat="37.463145" lon="128.720305">
        <ele>471.2</ele>
      </trkpt>
      <trkpt lat="37.462992" lon="128.720347">
        <ele>472.3</ele>
      </trkpt>
      <trkpt lat="37.462949" lon="128.720522">
        <ele>470.3</ele>
      </trkpt>
      <trkpt lat="37.462979" lon="128.720684">
        <ele>467.6</ele>
      </trkpt>
      <trkpt lat="37.463218" lon="128.720825">
        <ele>461.2</ele>
      </trkpt>
      <trkpt lat="37.46349" lon="128.720911">
        <ele>457.6</ele>
      </trkpt>
      <trkpt lat="37.463852" lon="128.720996">
        <ele>454.8</ele>
      </trkpt>
      <trkpt lat="37.464052" lon="128.721039">
        <ele>453.2</ele>
      </trkpt>
      <trkpt lat="37.46432" lon="128.720954">
        <ele>450.4</ele>
      </trkpt>
      <trkpt lat="37.464435" lon="128.720836">
        <ele>449.2</ele>
      </trkpt>
      <trkpt lat="37.464487" lon="128.720256">
        <ele>449.6</ele>
      </trkpt>
      <trkpt lat="37.464614" lon="128.719832">
        <ele>446.3</ele>
      </trkpt>
      <trkpt lat="37.4649379" lon="128.7189689">
        <ele>440.9</ele>
      </trkpt>
      <trkpt lat="37.465121" lon="128.718727">
        <ele>438.4</ele>
      </trkpt>
      <trkpt lat="37.465606" lon="128.718443">
        <ele>430.0</ele>
      </trkpt>
      <trkpt lat="37.46576" lon="128.718346">
        <ele>427.5</ele>
      </trkpt>
      <trkpt lat="37.466177" lon="128.717917">
        <ele>429.1</ele>
      </trkpt>
      <trkpt lat="37.4663899" lon="128.717848">
        <ele>429.3</ele>
      </trkpt>
      <trkpt lat="37.466543" lon="128.71789">
        <ele>427.7</ele>
      </trkpt>
      <trkpt lat="37.466471" lon="128.718051">
        <ele>424.8</ele>
      </trkpt>
      <trkpt lat="37.466251" lon="128.718211">
        <ele>423.6</ele>
      </trkpt>
      <trkpt lat="37.466096" lon="128.718341">
        <ele>423.1</ele>
      </trkpt>
      <trkpt lat="37.466032" lon="128.718566">
        <ele>421.1</ele>
      </trkpt>
      <trkpt lat="37.466099" lon="128.719309">
        <ele>411.7</ele>
      </trkpt>
      <trkpt lat="37.466129" lon="128.720315">
        <ele>405.6</ele>
      </trkpt>
      <trkpt lat="37.466079" lon="128.720653">
        <ele>406.4</ele>
      </trkpt>
      <trkpt lat="37.466119" lon="128.720863">
        <ele>405.6</ele>
      </trkpt>
      <trkpt lat="37.46622" lon="128.720852">
        <ele>403.2</ele>
      </trkpt>
      <trkpt lat="37.466377" lon="128.720723">
        <ele>399.9</ele>
      </trkpt>
      <trkpt lat="37.466862" lon="128.720144">
        <ele>394.3</ele>
      </trkpt>
      <trkpt lat="37.467063" lon="128.71994">
        <ele>392.2</ele>
      </trkpt>
      <trkpt lat="37.467143" lon="128.719629">
        <ele>393.0</ele>
      </trkpt>
      <trkpt lat="37.467267" lon="128.7195">
        <ele>391.8</ele>
      </trkpt>
      <trkpt lat="37.467591" lon="128.719285">
        <ele>388.4</ele>
      </trkpt>
      <trkpt lat="37.467948" lon="128.718813">
        <ele>391.9</ele>
      </trkpt>
      <trkpt lat="37.46817" lon="128.718615">
        <ele>393.4</ele>
      </trkpt>
      <trkpt lat="37.468374" lon="128.718529">
        <ele>392.8</ele>
      </trkpt>
      <trkpt lat="37.468561" lon="128.718545">
        <ele>390.8</ele>
      </trkpt>
      <trkpt lat="37.468676" lon="128.7186309">
        <ele>388.5</ele>
      </trkpt>
      <trkpt lat="37.469207" lon="128.719507">
        <ele>381.5</ele>
      </trkpt>
      <trkpt lat="37.469357" lon="128.719854">
        <ele>380.8</ele>
      </trkpt>
      <trkpt lat="37.470852" lon="128.721286">
        <ele>382.5</ele>
      </trkpt>
      <trkpt lat="37.471133" lon="128.721731">
        <ele>383.0</ele>
      </trkpt>
      <trkpt lat="37.471307" lon="128.722185">
        <ele>383.0</ele>
      </trkpt>
      <trkpt lat="37.471433" lon="128.722627">
        <ele>383.0</ele>
      </trkpt>
      <trkpt lat="37.471811" lon="128.724383">
        <ele>384.7</ele>
      </trkpt>
      <trkpt lat="37.472585" lon="128.727514">
        <ele>389.6</ele>
      </trkpt>
      <trkpt lat="37.472955" lon="128.728366">
        <ele>388.0</ele>
      </trkpt>
      <trkpt lat="37.473071" lon="128.728633">
        <ele>385.7</ele>
      </trkpt>
      <trkpt lat="37.47238" lon="128.729939">
        <ele>383.2</ele>
      </trkpt>
      <trkpt lat="37.471782" lon="128.73057">
        <ele>387.5</ele>
      </trkpt>
      <trkpt lat="37.471435" lon="128.730797">
        <ele>393.2</ele>
      </trkpt>
      <trkpt lat="37.470967" lon="128.731123">
        <ele>399.7</ele>
      </trkpt>
      <trkpt lat="37.47055" lon="128.731516">
        <ele>407.8</ele>
      </trkpt>
      <trkpt lat="37.469805" lon="128.733666">
        <ele>402.9</ele>
      </trkpt>
      <trkpt lat="37.469571" lon="128.735155">
        <ele>395.7</ele>
      </trkpt>
      <trkpt lat="37.469391" lon="128.73672">
        <ele>390.2</ele>
      </trkpt>
      <trkpt lat="37.46928" lon="128.738258">
        <ele>389.5</ele>
      </trkpt>
      <trkpt lat="37.469221" lon="128.739498">
        <ele>387.7</ele>
      </trkpt>
      <trkpt lat="37.469034" lon="128.740496">
        <ele>388.9</ele>
      </trkpt>
      <trkpt lat="37.468727" lon="128.741869">
        <ele>394.2</ele>
      </trkpt>
      <trkpt lat="37.4683629" lon="128.742618">
        <ele>393.5</ele>
      </trkpt>
      <trkpt lat="37.467791" lon="128.743661">
        <ele>397.8</ele>
      </trkpt>
      <trkpt lat="37.467143" lon="128.744112">
        <ele>411.6</ele>
      </trkpt>
      <trkpt lat="37.466494" lon="128.744719">
        <ele>412.3</ele>
      </trkpt>
      <trkpt lat="37.465764" lon="128.745453">
        <ele>399.4</ele>
      </trkpt>
      <trkpt lat="37.465139" lon="128.745881">
        <ele>400.0</ele>
      </trkpt>
      <trkpt lat="37.463943" lon="128.747174">
        <ele>402.4</ele>
      </trkpt>
      <trkpt lat="37.463049" lon="128.748153">
        <ele>406.4</ele>
      </trkpt>
      <trkpt lat="37.462707" lon="128.748961">
        <ele>406.8</ele>
      </trkpt>
      <trkpt lat="37.462471" lon="128.749989">
        <ele>402.3</ele>
      </trkpt>
      <trkpt lat="37.462366" lon="128.750785">
        <ele>405.4</ele>
      </trkpt>
      <trkpt lat="37.4623149" lon="128.751794">
        <ele>408.2</ele>
      </trkpt>
      <trkpt lat="37.462264" lon="128.752164">
        <ele>407.1</ele>
      </trkpt>
      <trkpt lat="37.462235" lon="128.752465">
        <ele>405.7</ele>
      </trkpt>
      <trkpt lat="37.462341" lon="128.753188">
        <ele>410.9</ele>
      </trkpt>
      <trkpt lat="37.462426" lon="128.754111">
        <ele>418.0</ele>
      </trkpt>
      <trkpt lat="37.462662" lon="128.75481">
        <ele>420.1</ele>
      </trkpt>
      <trkpt lat="37.4629369" lon="128.755549">
        <ele>416.0</ele>
      </trkpt>
      <trkpt lat="37.463243" lon="128.756225">
        <ele>410.0</ele>
      </trkpt>
      <trkpt lat="37.4639669" lon="128.757061">
        <ele>400.7</ele>
      </trkpt>
      <trkpt lat="37.4643159" lon="128.757501">
        <ele>395.8</ele>
      </trkpt>
      <trkpt lat="37.464657" lon="128.758124">
        <ele>394.7</ele>
      </trkpt>
      <trkpt lat="37.4649379" lon="128.758714">
        <ele>393.3</ele>
      </trkpt>
      <trkpt lat="37.4652869" lon="128.75984">
        <ele>393.3</ele>
      </trkpt>
      <trkpt lat="37.46544" lon="128.760709">
        <ele>392.5</ele>
      </trkpt>
      <trkpt lat="37.465525" lon="128.761632">
        <ele>392.4</ele>
      </trkpt>
      <trkpt lat="37.46556" lon="128.762492">
        <ele>393.3</ele>
      </trkpt>
      <trkpt lat="37.4656189" lon="128.7636379">
        <ele>395.2</ele>
      </trkpt>
      <trkpt lat="37.465677" lon="128.765712">
        <ele>408.9</ele>
      </trkpt>
      <trkpt lat="37.46567" lon="128.767136">
        <ele>409.7</ele>
      </trkpt>
      <trkpt lat="37.465322" lon="128.769085">
        <ele>416.2</ele>
      </trkpt>
      <trkpt lat="37.464819" lon="128.770194">
        <ele>402.3</ele>
      </trkpt>
      <trkpt lat="37.464631" lon="128.770751">
        <ele>400.5</ele>
      </trkpt>
      <trkpt lat="37.464495" lon="128.771449">
        <ele>424.9</ele>
      </trkpt>
      <trkpt lat="37.464418" lon="128.771551">
        <ele>427.7</ele>
      </trkpt>
      <trkpt lat="37.464248" lon="128.771578">
        <ele>425.6</ele>
      </trkpt>
      <trkpt lat="37.463716" lon="128.771524">
        <ele>428.8</ele>
      </trkpt>
      <trkpt lat="37.463311" lon="128.771427">
        <ele>431.6</ele>
      </trkpt>
      <trkpt lat="37.463022" lon="128.7713149">
        <ele>437.2</ele>
      </trkpt>
      <trkpt lat="37.462532" lon="128.770473">
        <ele>432.0</ele>
      </trkpt>
      <trkpt lat="37.462366" lon="128.770312">
        <ele>428.8</ele>
      </trkpt>
      <trkpt lat="37.462128" lon="128.770338">
        <ele>427.2</ele>
      </trkpt>
      <trkpt lat="37.4619659" lon="128.770526">
        <ele>428.5</ele>
      </trkpt>
      <trkpt lat="37.4616929" lon="128.771224">
        <ele>436.5</ele>
      </trkpt>
      <trkpt lat="37.461423" lon="128.772121">
        <ele>443.0</ele>
      </trkpt>
      <trkpt lat="37.461208" lon="128.772811">
        <ele>450.1</ele>
      </trkpt>
      <trkpt lat="37.460969" lon="128.773192">
        <ele>450.2</ele>
      </trkpt>
      <trkpt lat="37.460757" lon="128.773369">
        <ele>447.2</ele>
      </trkpt>
      <trkpt lat="37.460429" lon="128.773568">
        <ele>445.8</ele>
      </trkpt>
      <trkpt lat="37.45999" lon="128.7738249">
        <ele>443.2</ele>
      </trkpt>
      <trkpt lat="37.459722" lon="128.7739379">
        <ele>447.0</ele>
      </trkpt>
      <trkpt lat="37.458355" lon="128.773879">
        <ele>447.1</ele>
      </trkpt>
      <trkpt lat="37.45807" lon="128.77375">
        <ele>445.1</ele>
      </trkpt>
      <trkpt lat="37.457499" lon="128.773053">
        <ele>429.0</ele>
      </trkpt>
      <trkpt lat="37.456762" lon="128.7722">
        <ele>425.7</ele>
      </trkpt>
      <trkpt lat="37.456733" lon="128.771932">
        <ele>420.2</ele>
      </trkpt>
      <trkpt lat="37.4568" lon="128.771253">
        <ele>410.1</ele>
      </trkpt>
      <trkpt lat="37.4567369" lon="128.771122">
        <ele>409.7</ele>
      </trkpt>
      <trkpt lat="37.456601" lon="128.771036">
        <ele>409.9</ele>
      </trkpt>
      <trkpt lat="37.45563" lon="128.770827">
        <ele>409.0</ele>
      </trkpt>
      <trkpt lat="37.454867" lon="128.770751">
        <ele>408.2</ele>
      </trkpt>
      <trkpt lat="37.454246" lon="128.770816">
        <ele>406.2</ele>
      </trkpt>
      <trkpt lat="37.454003" lon="128.770907">
        <ele>407.0</ele>
      </trkpt>
      <trkpt lat="37.453896" lon="128.77102">
        <ele>408.3</ele>
      </trkpt>
      <trkpt lat="37.453811" lon="128.771374">
        <ele>412.2</ele>
      </trkpt>
      <trkpt lat="37.453644" lon="128.772065">
        <ele>417.0</ele>
      </trkpt>
      <trkpt lat="37.4535089" lon="128.772253">
        <ele>414.4</ele>
      </trkpt>
      <trkpt lat="37.452094" lon="128.773209">
        <ele>410.3</ele>
      </trkpt>
      <trkpt lat="37.451967" lon="128.7733529">
        <ele>410.9</ele>
      </trkpt>
      <trkpt lat="37.4519329" lon="128.773503">
        <ele>411.1</ele>
      </trkpt>
      <trkpt lat="37.452035" lon="128.7737019">
        <ele>410.9</ele>
      </trkpt>
      <trkpt lat="37.452338" lon="128.773986">
        <ele>410.2</ele>
      </trkpt>
      <trkpt lat="37.452598" lon="128.774372">
        <ele>410.1</ele>
      </trkpt>
      <trkpt lat="37.453006" lon="128.775102">
        <ele>410.1</ele>
      </trkpt>
      <trkpt lat="37.45339" lon="128.77559">
        <ele>409.8</ele>
      </trkpt>
      <trkpt lat="37.455945" lon="128.777044">
        <ele>412.0</ele>
      </trkpt>
      <trkpt lat="37.457516" lon="128.777897">
        <ele>412.9</ele>
      </trkpt>
      <trkpt lat="37.457746" lon="128.778133">
        <ele>415.0</ele>
      </trkpt>
      <trkpt lat="37.457887" lon="128.778294">
        <ele>416.6</ele>
      </trkpt>
      <trkpt lat="37.458095" lon="128.77831">
        <ele>417.2</ele>
      </trkpt>
      <trkpt lat="37.459181" lon="128.778229">
        <ele>412.8</ele>
      </trkpt>
      <trkpt lat="37.4600579" lon="128.778203">
        <ele>414.1</ele>
      </trkpt>
      <trkpt lat="37.461046" lon="128.778219">
        <ele>415.5</ele>
      </trkpt>
      <trkpt lat="37.461787" lon="128.778444">
        <ele>418.8</ele>
      </trkpt>
      <trkpt lat="37.462366" lon="128.778562">
        <ele>418.8</ele>
      </trkpt>
      <trkpt lat="37.462617" lon="128.778879">
        <ele>423.0</ele>
      </trkpt>
      <trkpt lat="37.462762" lon="128.779243">
        <ele>427.5</ele>
      </trkpt>
      <trkpt lat="37.4629199" lon="128.779764">
        <ele>435.6</ele>
      </trkpt>
      <trkpt lat="37.462911" lon="128.780252">
        <ele>440.5</ele>
      </trkpt>
      <trkpt lat="37.462673" lon="128.781196">
        <ele>444.6</ele>
      </trkpt>
      <trkpt lat="37.46237" lon="128.781791">
        <ele>446.5</ele>
      </trkpt>
      <trkpt lat="37.462038" lon="128.782945">
        <ele>440.5</ele>
      </trkpt>
      <trkpt lat="37.462013" lon="128.783229">
        <ele>435.0</ele>
      </trkpt>
      <trkpt lat="37.462077" lon="128.783851">
        <ele>429.1</ele>
      </trkpt>
      <trkpt lat="37.462072" lon="128.784345">
        <ele>427.6</ele>
      </trkpt>
      <trkpt lat="37.462" lon="128.7847789">
        <ele>426.6</ele>
      </trkpt>
      <trkpt lat="37.461757" lon="128.7853">
        <ele>423.8</ele>
      </trkpt>
      <trkpt lat="37.461549" lon="128.785552">
        <ele>422.9</ele>
      </trkpt>
      <trkpt lat="37.4610119" lon="128.785847">
        <ele>426.6</ele>
      </trkpt>
      <trkpt lat="37.459591" lon="128.786067">
        <ele>438.4</ele>
      </trkpt>
      <trkpt lat="37.4588449" lon="128.78634">
        <ele>448.8</ele>
      </trkpt>
      <trkpt lat="37.458155" lon="128.786641">
        <ele>458.3</ele>
      </trkpt>
      <trkpt lat="37.457776" lon="128.786984">
        <ele>465.1</ele>
      </trkpt>
      <trkpt lat="37.457571" lon="128.787274">
        <ele>458.9</ele>
      </trkpt>
      <trkpt lat="37.457456" lon="128.787547">
        <ele>450.0</ele>
      </trkpt>
      <trkpt lat="37.45735" lon="128.788041">
        <ele>445.2</ele>
      </trkpt>
      <trkpt lat="37.457358" lon="128.788717">
        <ele>433.6</ele>
      </trkpt>
      <trkpt lat="37.457546" lon="128.789747">
        <ele>421.2</ele>
      </trkpt>
      <trkpt lat="37.457588" lon="128.790246">
        <ele>421.1</ele>
      </trkpt>
      <trkpt lat="37.457588" lon="128.7906319">
        <ele>421.5</ele>
      </trkpt>
      <trkpt lat="37.457469" lon="128.7909809">
        <ele>422.7</ele>
      </trkpt>
      <trkpt lat="37.456973" lon="128.791945">
        <ele>426.4</ele>
      </trkpt>
      <trkpt lat="37.456809" lon="128.7924339">
        <ele>427.0</ele>
      </trkpt>
      <trkpt lat="37.456784" lon="128.792767">
        <ele>430.5</ele>
      </trkpt>
      <trkpt lat="37.456877" lon="128.79362">
        <ele>440.2</ele>
      </trkpt>
      <trkpt lat="37.457167" lon="128.79494">
        <ele>446.4</ele>
      </trkpt>
      <trkpt lat="37.45733" lon="128.795291">
        <ele>443.2</ele>
      </trkpt>
      <trkpt lat="37.457495" lon="128.795605">
        <ele>438.8</ele>
      </trkpt>
      <trkpt lat="37.457854" lon="128.795842">
        <ele>431.6</ele>
      </trkpt>
      <trkpt lat="37.458972" lon="128.796388">
        <ele>424.4</ele>
      </trkpt>
      <trkpt lat="37.459586" lon="128.796694">
        <ele>431.1</ele>
      </trkpt>
      <trkpt lat="37.459747" lon="128.796908">
        <ele>433.0</ele>
      </trkpt>
      <trkpt lat="37.460024" lon="128.797611">
        <ele>436.2</ele>
      </trkpt>
      <trkpt lat="37.460373" lon="128.79863">
        <ele>440.2</ele>
      </trkpt>
      <trkpt lat="37.460565" lon="128.799022">
        <ele>442.7</ele>
      </trkpt>
      <trkpt lat="37.460923" lon="128.7995369">
        <ele>445.5</ele>
      </trkpt>
      <trkpt lat="37.4612679" lon="128.799746">
        <ele>445.8</ele>
      </trkpt>
      <trkpt lat="37.461595" lon="128.799746">
        <ele>447.5</ele>
      </trkpt>
      <trkpt lat="37.462162" lon="128.799558">
        <ele>458.5</ele>
      </trkpt>
      <trkpt lat="37.462332" lon="128.799666">
        <ele>459.3</ele>
      </trkpt>
      <trkpt lat="37.462877" lon="128.80032">
        <ele>453.1</ele>
      </trkpt>
      <trkpt lat="37.463357" lon="128.8009549">
        <ele>446.4</ele>
      </trkpt>
      <trkpt lat="37.46352" lon="128.801313">
        <ele>439.4</ele>
      </trkpt>
      <trkpt lat="37.463609" lon="128.801431">
        <ele>437.4</ele>
      </trkpt>
      <trkpt lat="37.463758" lon="128.801431">
        <ele>438.1</ele>
      </trkpt>
      <trkpt lat="37.464214" lon="128.800776">
        <ele>450.3</ele>
      </trkpt>
      <trkpt lat="37.464623" lon="128.800315">
        <ele>451.5</ele>
      </trkpt>
      <trkpt lat="37.464883" lon="128.800159">
        <ele>449.6</ele>
      </trkpt>
      <trkpt lat="37.465623" lon="128.800181">
        <ele>442.6</ele>
      </trkpt>
      <trkpt lat="37.465947" lon="128.800025">
        <ele>442.2</ele>
      </trkpt>
      <trkpt lat="37.4669219" lon="128.799269">
        <ele>450.9</ele>
      </trkpt>
      <trkpt lat="37.467595" lon="128.798781">
        <ele>453.8</ele>
      </trkpt>
      <trkpt lat="37.467897" lon="128.798716">
        <ele>453.9</ele>
      </trkpt>
      <trkpt lat="37.467935" lon="128.7983889">
        <ele>452.8</ele>
      </trkpt>
      <trkpt lat="37.468106" lon="128.797997">
        <ele>453.9</ele>
      </trkpt>
      <trkpt lat="37.468144" lon="128.797654">
        <ele>454.7</ele>
      </trkpt>
      <trkpt lat="37.468591" lon="128.797461">
        <ele>457.3</ele>
      </trkpt>
      <trkpt lat="37.468795" lon="128.797257">
        <ele>460.2</ele>
      </trkpt>
      <trkpt lat="37.468961" lon="128.797214">
        <ele>461.2</ele>
      </trkpt>
      <trkpt lat="37.469302" lon="128.797166">
        <ele>464.9</ele>
      </trkpt>
      <trkpt lat="37.469489" lon="128.797187">
        <ele>468.6</ele>
      </trkpt>
      <trkpt lat="37.469715" lon="128.797203">
        <ele>473.3</ele>
      </trkpt>
      <trkpt lat="37.470094" lon="128.796823">
        <ele>476.5</ele>
      </trkpt>
      <trkpt lat="37.470937" lon="128.795793">
        <ele>480.1</ele>
      </trkpt>
      <trkpt lat="37.4712729" lon="128.795363">
        <ele>485.7</ele>
      </trkpt>
      <trkpt lat="37.471461" lon="128.795251">
        <ele>486.1</ele>
      </trkpt>
      <trkpt lat="37.471976" lon="128.795063">
        <ele>489.1</ele>
      </trkpt>
      <trkpt lat="37.4731979" lon="128.7945159">
        <ele>506.8</ele>
      </trkpt>
      <trkpt lat="37.474168" lon="128.793765">
        <ele>513.6</ele>
      </trkpt>
      <trkpt lat="37.474296" lon="128.793518">
        <ele>519.6</ele>
      </trkpt>
      <trkpt lat="37.474339" lon="128.793169">
        <ele>523.0</ele>
      </trkpt>
      <trkpt lat="37.474373" lon="128.79252">
        <ele>529.1</ele>
      </trkpt>
      <trkpt lat="37.474435" lon="128.792209">
        <ele>535.1</ele>
      </trkpt>
      <trkpt lat="37.474765" lon="128.7917919">
        <ele>537.8</ele>
      </trkpt>
      <trkpt lat="37.4749089" lon="128.791571">
        <ele>537.5</ele>
      </trkpt>
      <trkpt lat="37.475131" lon="128.7910829">
        <ele>545.5</ele>
      </trkpt>
      <trkpt lat="37.47539" lon="128.790552">
        <ele>553.8</ele>
      </trkpt>
      <trkpt lat="37.475705" lon="128.790214">
        <ele>553.6</ele>
      </trkpt>
      <trkpt lat="37.475841" lon="128.789824">
        <ele>553.5</ele>
      </trkpt>
      <trkpt lat="37.4761049" lon="128.7889209">
        <ele>563.9</ele>
      </trkpt>
      <trkpt lat="37.476663" lon="128.788138">
        <ele>565.8</ele>
      </trkpt>
      <trkpt lat="37.476825" lon="128.7876489">
        <ele>576.2</ele>
      </trkpt>
      <trkpt lat="37.476991" lon="128.786995">
        <ele>588.0</ele>
      </trkpt>
      <trkpt lat="37.477021" lon="128.786684">
        <ele>592.6</ele>
      </trkpt>
      <trkpt lat="37.476982" lon="128.78633">
        <ele>594.4</ele>
      </trkpt>
      <trkpt lat="37.476863" lon="128.785943">
        <ele>595.5</ele>
      </trkpt>
      <trkpt lat="37.476748" lon="128.785745">
        <ele>595.8</ele>
      </trkpt>
      <trkpt lat="37.476693" lon="128.785547">
        <ele>597.1</ele>
      </trkpt>
      <trkpt lat="37.4767439" lon="128.784822">
        <ele>604.0</ele>
      </trkpt>
      <trkpt lat="37.476808" lon="128.783787">
        <ele>610.3</ele>
      </trkpt>
      <trkpt lat="37.476757" lon="128.783133">
        <ele>610.7</ele>
      </trkpt>
      <trkpt lat="37.4767269" lon="128.7827519">
        <ele>609.3</ele>
      </trkpt>
      <trkpt lat="37.476795" lon="128.7824029">
        <ele>610.0</ele>
      </trkpt>
      <trkpt lat="37.477238" lon="128.782086">
        <ele>616.3</ele>
      </trkpt>
      <trkpt lat="37.477821" lon="128.781958">
        <ele>624.4</ele>
      </trkpt>
      <trkpt lat="37.477936" lon="128.781861">
        <ele>626.2</ele>
      </trkpt>
      <trkpt lat="37.478055" lon="128.78169">
        <ele>627.7</ele>
      </trkpt>
      <trkpt lat="37.478191" lon="128.781196">
        <ele>628.5</ele>
      </trkpt>
      <trkpt lat="37.47834" lon="128.780971">
        <ele>629.5</ele>
      </trkpt>
      <trkpt lat="37.478439" lon="128.780927">
        <ele>631.2</ele>
      </trkpt>
      <trkpt lat="37.478707" lon="128.781057">
        <ele>636.6</ele>
      </trkpt>
      <trkpt lat="37.479154" lon="128.781116">
        <ele>645.1</ele>
      </trkpt>
      <trkpt lat="37.479711" lon="128.781169">
        <ele>658.5</ele>
      </trkpt>
      <trkpt lat="37.480265" lon="128.781234">
        <ele>672.0</ele>
      </trkpt>
      <trkpt lat="37.4805459" lon="128.781378">
        <ele>679.2</ele>
      </trkpt>
      <trkpt lat="37.480733" lon="128.781706">
        <ele>684.9</ele>
      </trkpt>
      <trkpt lat="37.480831" lon="128.782119">
        <ele>691.8</ele>
      </trkpt>
      <trkpt lat="37.481112" lon="128.782762">
        <ele>706.3</ele>
      </trkpt>
      <trkpt lat="37.481197" lon="128.782998">
        <ele>711.2</ele>
      </trkpt>
      <trkpt lat="37.481235" lon="128.783234">
        <ele>715.0</ele>
      </trkpt>
      <trkpt lat="37.481469" lon="128.78361">
        <ele>724.4</ele>
      </trkpt>
      <trkpt lat="37.481474" lon="128.783846">
        <ele>727.0</ele>
      </trkpt>
      <trkpt lat="37.481363" lon="128.784082">
        <ele>726.8</ele>
      </trkpt>
      <trkpt lat="37.481491" lon="128.784447">
        <ele>728.1</ele>
      </trkpt>
      <trkpt lat="37.481806" lon="128.784656">
        <ele>734.0</ele>
      </trkpt>
      <trkpt lat="37.48218" lon="128.784897">
        <ele>741.4</ele>
      </trkpt>
      <trkpt lat="37.48224" lon="128.785085">
        <ele>741.8</ele>
      </trkpt>
      <trkpt lat="37.482231" lon="128.7853529">
        <ele>739.4</ele>
      </trkpt>
      <trkpt lat="37.482393" lon="128.785632">
        <ele>741.6</ele>
      </trkpt>
      <trkpt lat="37.482921" lon="128.785943">
        <ele>743.7</ele>
      </trkpt>
      <trkpt lat="37.483296" lon="128.786137">
        <ele>747.1</ele>
      </trkpt>
      <trkpt lat="37.483457" lon="128.786405">
        <ele>746.1</ele>
      </trkpt>
      <trkpt lat="37.483628" lon="128.786732">
        <ele>744.8</ele>
      </trkpt>
      <trkpt lat="37.483645" lon="128.7870749">
        <ele>747.7</ele>
      </trkpt>
      <trkpt lat="37.483691" lon="128.787419">
        <ele>751.0</ele>
      </trkpt>
      <trkpt lat="37.483785" lon="128.787644">
        <ele>753.5</ele>
      </trkpt>
      <trkpt lat="37.4839259" lon="128.787891">
        <ele>757.6</ele>
      </trkpt>
      <trkpt lat="37.484006" lon="128.788304">
        <ele>764.9</ele>
      </trkpt>
      <trkpt lat="37.484164" lon="128.788449">
        <ele>770.5</ele>
      </trkpt>
      <trkpt lat="37.484296" lon="128.788647">
        <ele>770.6</ele>
      </trkpt>
      <trkpt lat="37.484296" lon="128.788915">
        <ele>774.7</ele>
      </trkpt>
      <trkpt lat="37.48427" lon="128.789114">
        <ele>778.1</ele>
      </trkpt>
      <trkpt lat="37.484522" lon="128.7895969">
        <ele>783.1</ele>
      </trkpt>
      <trkpt lat="37.484645" lon="128.790176">
        <ele>793.1</ele>
      </trkpt>
      <trkpt lat="37.484803" lon="128.790653">
        <ele>802.9</ele>
      </trkpt>
      <trkpt lat="37.485768" lon="128.792023">
        <ele>825.6</ele>
      </trkpt>
      <trkpt lat="37.486371" lon="128.792777">
        <ele>835.6</ele>
      </trkpt>
      <trkpt lat="37.486448" lon="128.792836">
        <ele>838.2</ele>
      </trkpt>
      <trkpt lat="37.486667" lon="128.792987">
        <ele>846.2</ele>
      </trkpt>
      <trkpt lat="37.486795" lon="128.793202">
        <ele>847.6</ele>
      </trkpt>
      <trkpt lat="37.486897" lon="128.793572">
        <ele>855.8</ele>
      </trkpt>
      <trkpt lat="37.48738" lon="128.79412">
        <ele>858.3</ele>
      </trkpt>
      <trkpt lat="37.487556" lon="128.794253">
        <ele>856.8</ele>
      </trkpt>
      <trkpt lat="37.487808" lon="128.79435">
        <ele>854.0</ele>
      </trkpt>
      <trkpt lat="37.488157" lon="128.794333">
        <ele>847.3</ele>
      </trkpt>
      <trkpt lat="37.488867" lon="128.794504">
        <ele>837.7</ele>
      </trkpt>
      <trkpt lat="37.48931" lon="128.794623">
        <ele>834.1</ele>
      </trkpt>
      <trkpt lat="37.489842" lon="128.79451">
        <ele>833.2</ele>
      </trkpt>
      <trkpt lat="37.490038" lon="128.79451">
        <ele>833.1</ele>
      </trkpt>
      <trkpt lat="37.490204" lon="128.794559">
        <ele>833.6</ele>
      </trkpt>
      <trkpt lat="37.490404" lon="128.794693">
        <ele>835.6</ele>
      </trkpt>
      <trkpt lat="37.490473" lon="128.794893">
        <ele>838.5</ele>
      </trkpt>
      <trkpt lat="37.4904889" lon="128.795111">
        <ele>839.6</ele>
      </trkpt>
      <trkpt lat="37.490481" lon="128.795637">
        <ele>837.0</ele>
      </trkpt>
      <trkpt lat="37.490591" lon="128.796072">
        <ele>836.0</ele>
      </trkpt>
      <trkpt lat="37.49063" lon="128.796376">
        <ele>833.2</ele>
      </trkpt>
      <trkpt lat="37.490664" lon="128.79656">
        <ele>831.7</ele>
      </trkpt>
      <trkpt lat="37.490757" lon="128.796769">
        <ele>831.2</ele>
      </trkpt>
      <trkpt lat="37.4907619" lon="128.79678">
        <ele>831.2</ele>
      </trkpt>
      <trkpt lat="37.490966" lon="128.796774">
        <ele>832.1</ele>
      </trkpt>
      <trkpt lat="37.491312" lon="128.796506">
        <ele>833.6</ele>
      </trkpt>
      <trkpt lat="37.491898" lon="128.79612">
        <ele>833.3</ele>
      </trkpt>
      <trkpt lat="37.492094" lon="128.796039">
        <ele>831.9</ele>
      </trkpt>
      <trkpt lat="37.492677" lon="128.795911">
        <ele>828.7</ele>
      </trkpt>
      <trkpt lat="37.492843" lon="128.795884">
        <ele>829.3</ele>
      </trkpt>
      <trkpt lat="37.493184" lon="128.795921">
        <ele>829.6</ele>
      </trkpt>
      <trkpt lat="37.493767" lon="128.795583">
        <ele>830.7</ele>
      </trkpt>
      <trkpt lat="37.49409" lon="128.795562">
        <ele>833.3</ele>
      </trkpt>
      <trkpt lat="37.494333" lon="128.795701">
        <ele>829.7</ele>
      </trkpt>
      <trkpt lat="37.494639" lon="128.795498">
        <ele>825.5</ele>
      </trkpt>
      <trkpt lat="37.494907" lon="128.7954389">
        <ele>821.0</ele>
      </trkpt>
      <trkpt lat="37.49541" lon="128.795573">
        <ele>811.4</ele>
      </trkpt>
      <trkpt lat="37.495665" lon="128.79575">
        <ele>807.1</ele>
      </trkpt>
      <trkpt lat="37.495793" lon="128.795793">
        <ele>805.5</ele>
      </trkpt>
      <trkpt lat="37.496014" lon="128.795959">
        <ele>797.2</ele>
      </trkpt>
      <trkpt lat="37.496214" lon="128.795755">
        <ele>796.0</ele>
      </trkpt>
      <trkpt lat="37.49664" lon="128.79516">
        <ele>795.6</ele>
      </trkpt>
      <trkpt lat="37.496789" lon="128.795074">
        <ele>792.8</ele>
      </trkpt>
      <trkpt lat="37.496993" lon="128.795031">
        <ele>787.2</ele>
      </trkpt>
      <trkpt lat="37.497282" lon="128.794902">
        <ele>779.4</ele>
      </trkpt>
      <trkpt lat="37.497649" lon="128.794793">
        <ele>771.3</ele>
      </trkpt>
      <trkpt lat="37.497857" lon="128.794687">
        <ele>767.8</ele>
      </trkpt>
      <trkpt lat="37.498027" lon="128.794752">
        <ele>763.1</ele>
      </trkpt>
      <trkpt lat="37.498142" lon="128.794945">
        <ele>758.7</ele>
      </trkpt>
      <trkpt lat="37.498189" lon="128.795149">
        <ele>753.5</ele>
      </trkpt>
      <trkpt lat="37.498223" lon="128.795267">
        <ele>749.9</ele>
      </trkpt>
      <trkpt lat="37.4983379" lon="128.795278">
        <ele>747.3</ele>
      </trkpt>
      <trkpt lat="37.498491" lon="128.795143">
        <ele>748.1</ele>
      </trkpt>
      <trkpt lat="37.498768" lon="128.795219">
        <ele>742.1</ele>
      </trkpt>
      <trkpt lat="37.498942" lon="128.795154">
        <ele>740.9</ele>
      </trkpt>
      <trkpt lat="37.499138" lon="128.794773">
        <ele>740.5</ele>
      </trkpt>
      <trkpt lat="37.4991739" lon="128.794408">
        <ele>738.1</ele>
      </trkpt>
      <trkpt lat="37.499231" lon="128.794183">
        <ele>736.6</ele>
      </trkpt>
      <trkpt lat="37.499372" lon="128.794038">
        <ele>733.8</ele>
      </trkpt>
      <trkpt lat="37.499653" lon="128.79406">
        <ele>732.2</ele>
      </trkpt>
      <trkpt lat="37.499981" lon="128.794285">
        <ele>732.3</ele>
      </trkpt>
      <trkpt lat="37.500555" lon="128.794226">
        <ele>731.6</ele>
      </trkpt>
      <trkpt lat="37.501083" lon="128.7942569">
        <ele>732.8</ele>
      </trkpt>
      <trkpt lat="37.501266" lon="128.794387">
        <ele>733.8</ele>
      </trkpt>
      <trkpt lat="37.50147" lon="128.794682">
        <ele>733.8</ele>
      </trkpt>
      <trkpt lat="37.501559" lon="128.795385">
        <ele>728.8</ele>
      </trkpt>
      <trkpt lat="37.501508" lon="128.796994">
        <ele>707.1</ele>
      </trkpt>
      <trkpt lat="37.501623" lon="128.797305">
        <ele>702.9</ele>
      </trkpt>
      <trkpt lat="37.501768" lon="128.797445">
        <ele>700.7</ele>
      </trkpt>
      <trkpt lat="37.502032" lon="128.797482">
        <ele>699.1</ele>
      </trkpt>
      <trkpt lat="37.502581" lon="128.797198">
        <ele>706.4</ele>
      </trkpt>
      <trkpt lat="37.502781" lon="128.797257">
        <ele>705.8</ele>
      </trkpt>
      <trkpt lat="37.5029169" lon="128.797418">
        <ele>702.5</ele>
      </trkpt>
      <trkpt lat="37.502943" lon="128.797708">
        <ele>700.3</ele>
      </trkpt>
      <trkpt lat="37.5028999" lon="128.797954">
        <ele>699.1</ele>
      </trkpt>
      <trkpt lat="37.502623" lon="128.798142">
        <ele>693.2</ele>
      </trkpt>
      <trkpt lat="37.502108" lon="128.798432">
        <ele>685.3</ele>
      </trkpt>
      <trkpt lat="37.501717" lon="128.798727">
        <ele>681.4</ele>
      </trkpt>
      <trkpt lat="37.501385" lon="128.799086">
        <ele>676.7</ele>
      </trkpt>
      <trkpt lat="37.500755" lon="128.799279">
        <ele>669.6</ele>
      </trkpt>
      <trkpt lat="37.5005" lon="128.7995369">
        <ele>665.6</ele>
      </trkpt>
      <trkpt lat="37.500403" lon="128.799921">
        <ele>665.1</ele>
      </trkpt>
      <trkpt lat="37.500084" lon="128.801648">
        <ele>644.8</ele>
      </trkpt>
      <trkpt lat="37.500074" lon="128.80208">
        <ele>639.7</ele>
      </trkpt>
      <trkpt lat="37.500168" lon="128.802316">
        <ele>637.3</ele>
      </trkpt>
      <trkpt lat="37.500423" lon="128.802434">
        <ele>635.8</ele>
      </trkpt>
      <trkpt lat="37.500738" lon="128.802241">
        <ele>641.3</ele>
      </trkpt>
      <trkpt lat="37.501073" lon="128.801681">
        <ele>654.9</ele>
      </trkpt>
      <trkpt lat="37.5013" lon="128.801307">
        <ele>656.6</ele>
      </trkpt>
      <trkpt lat="37.5015209" lon="128.801296">
        <ele>652.7</ele>
      </trkpt>
      <trkpt lat="37.501691" lon="128.801414">
        <ele>649.5</ele>
      </trkpt>
      <trkpt lat="37.501717" lon="128.801693">
        <ele>647.8</ele>
      </trkpt>
      <trkpt lat="37.501615" lon="128.80209">
        <ele>645.5</ele>
      </trkpt>
      <trkpt lat="37.501223" lon="128.802938">
        <ele>637.1</ele>
      </trkpt>
      <trkpt lat="37.500925" lon="128.80326">
        <ele>628.1</ele>
      </trkpt>
      <trkpt lat="37.5004149" lon="128.803689">
        <ele>621.7</ele>
      </trkpt>
      <trkpt lat="37.500012" lon="128.805551">
        <ele>613.4</ele>
      </trkpt>
      <trkpt lat="37.4997" lon="128.807058">
        <ele>605.5</ele>
      </trkpt>
      <trkpt lat="37.499274" lon="128.808217">
        <ele>589.4</ele>
      </trkpt>
      <trkpt lat="37.49918" lon="128.808549">
        <ele>583.5</ele>
      </trkpt>
      <trkpt lat="37.499163" lon="128.8088919">
        <ele>578.7</ele>
      </trkpt>
      <trkpt lat="37.499155" lon="128.811371">
        <ele>573.6</ele>
      </trkpt>
      <trkpt lat="37.498865" lon="128.81239">
        <ele>570.2</ele>
      </trkpt>
      <trkpt lat="37.49857" lon="128.813953">
        <ele>551.9</ele>
      </trkpt>
      <trkpt lat="37.498397" lon="128.814976">
        <ele>551.3</ele>
      </trkpt>
      <trkpt lat="37.497448" lon="128.816494">
        <ele>556.7</ele>
      </trkpt>
      <trkpt lat="37.496465" lon="128.81636">
        <ele>549.6</ele>
      </trkpt>
      <trkpt lat="37.495666" lon="128.81629">
        <ele>548.1</ele>
      </trkpt>
      <trkpt lat="37.49541" lon="128.816435">
        <ele>548.0</ele>
      </trkpt>
      <trkpt lat="37.4949749" lon="128.816853">
        <ele>553.3</ele>
      </trkpt>
      <trkpt lat="37.493693" lon="128.8170759">
        <ele>547.3</ele>
      </trkpt>
      <trkpt lat="37.493111" lon="128.817261">
        <ele>544.6</ele>
      </trkpt>
      <trkpt lat="37.492717" lon="128.817711">
        <ele>544.0</ele>
      </trkpt>
      <trkpt lat="37.492396" lon="128.81813">
        <ele>546.7</ele>
      </trkpt>
      <trkpt lat="37.491919" lon="128.818237">
        <ele>545.7</ele>
      </trkpt>
      <trkpt lat="37.490869" lon="128.817926">
        <ele>539.5</ele>
      </trkpt>
      <trkpt lat="37.489774" lon="128.818312">
        <ele>535.1</ele>
      </trkpt>
      <trkpt lat="37.489195" lon="128.818784">
        <ele>537.3</ele>
      </trkpt>
      <trkpt lat="37.48888" lon="128.818838">
        <ele>536.0</ele>
      </trkpt>
      <trkpt lat="37.487616" lon="128.818713">
        <ele>535.1</ele>
      </trkpt>
      <trkpt lat="37.486511" lon="128.818701">
        <ele>526.2</ele>
      </trkpt>
      <trkpt lat="37.486139" lon="128.818516">
        <ele>523.1</ele>
      </trkpt>
      <trkpt lat="37.485824" lon="128.8182909">
        <ele>518.3</ele>
      </trkpt>
      <trkpt lat="37.48556" lon="128.81813">
        <ele>520.1</ele>
      </trkpt>
      <trkpt lat="37.485083" lon="128.817969">
        <ele>520.7</ele>
      </trkpt>
      <trkpt lat="37.484462" lon="128.817497">
        <ele>533.2</ele>
      </trkpt>
      <trkpt lat="37.484419" lon="128.817175">
        <ele>530.2</ele>
      </trkpt>
      <trkpt lat="37.484419" lon="128.816757">
        <ele>524.9</ele>
      </trkpt>
      <trkpt lat="37.483049" lon="128.814933">
        <ele>516.6</ele>
      </trkpt>
      <trkpt lat="37.4826059" lon="128.814826">
        <ele>518.2</ele>
      </trkpt>
      <trkpt lat="37.48207" lon="128.814879">
        <ele>515.0</ele>
      </trkpt>
      <trkpt lat="37.481798" lon="128.815006">
        <ele>510.6</ele>
      </trkpt>
      <trkpt lat="37.480946" lon="128.815909">
        <ele>515.4</ele>
      </trkpt>
      <trkpt lat="37.480716" lon="128.8159949">
        <ele>517.3</ele>
      </trkpt>
      <trkpt lat="37.480369" lon="128.815863">
        <ele>511.3</ele>
      </trkpt>
      <trkpt lat="37.479711" lon="128.815695">
        <ele>508.6</ele>
      </trkpt>
      <trkpt lat="37.479362" lon="128.815791">
        <ele>504.0</ele>
      </trkpt>
      <trkpt lat="37.479107" lon="128.816092">
        <ele>504.2</ele>
      </trkpt>
      <trkpt lat="37.478715" lon="128.816971">
        <ele>506.1</ele>
      </trkpt>
      <trkpt lat="37.478494" lon="128.817358">
        <ele>498.4</ele>
      </trkpt>
      <trkpt lat="37.478206" lon="128.817542">
        <ele>492.5</ele>
      </trkpt>
      <trkpt lat="37.477301" lon="128.817638">
        <ele>499.1</ele>
      </trkpt>
      <trkpt lat="37.476595" lon="128.817926">
        <ele>496.2</ele>
      </trkpt>
      <trkpt lat="37.476159" lon="128.818212">
        <ele>497.6</ele>
      </trkpt>
      <trkpt lat="37.475905" lon="128.81887">
        <ele>486.0</ele>
      </trkpt>
      <trkpt lat="37.475658" lon="128.819353">
        <ele>480.2</ele>
      </trkpt>
      <trkpt lat="37.475343" lon="128.819503">
        <ele>480.1</ele>
      </trkpt>
      <trkpt lat="37.474679" lon="128.819396">
        <ele>467.9</ele>
      </trkpt>
      <trkpt lat="37.474441" lon="128.819267">
        <ele>460.8</ele>
      </trkpt>
      <trkpt lat="37.474381" lon="128.819911">
        <ele>460.5</ele>
      </trkpt>
      <trkpt lat="37.474389" lon="128.820576">
        <ele>465.6</ele>
      </trkpt>
      <trkpt lat="37.474543" lon="128.821338">
        <ele>473.9</ele>
      </trkpt>
      <trkpt lat="37.474373" lon="128.822261">
        <ele>467.9</ele>
      </trkpt>
      <trkpt lat="37.473811" lon="128.823258">
        <ele>460.4</ele>
      </trkpt>
      <trkpt lat="37.473368" lon="128.824329">
        <ele>460.4</ele>
      </trkpt>
      <trkpt lat="37.47332" lon="128.824551">
        <ele>461.2</ele>
      </trkpt>
      <trkpt lat="37.473315" lon="128.8251">
        <ele>463.1</ele>
      </trkpt>
      <trkpt lat="37.473268" lon="128.825836">
        <ele>462.5</ele>
      </trkpt>
      <trkpt lat="37.47337" lon="128.82617">
        <ele>460.1</ele>
      </trkpt>
      <trkpt lat="37.473743" lon="128.826713">
        <ele>462.8</ele>
      </trkpt>
      <trkpt lat="37.474181" lon="128.82746">
        <ele>459.6</ele>
      </trkpt>
      <trkpt lat="37.474884" lon="128.827754">
        <ele>463.9</ele>
      </trkpt>
      <trkpt lat="37.475309" lon="128.8274099">
        <ele>469.9</ele>
      </trkpt>
      <trkpt lat="37.475752" lon="128.827228">
        <ele>475.7</ele>
      </trkpt>
      <trkpt lat="37.47634" lon="128.827357">
        <ele>469.2</ele>
      </trkpt>
      <trkpt lat="37.47674" lon="128.827164">
        <ele>470.0</ele>
      </trkpt>
      <trkpt lat="37.479532" lon="128.825554">
        <ele>479.7</ele>
      </trkpt>
      <trkpt lat="37.481508" lon="128.824417">
        <ele>485.2</ele>
      </trkpt>
      <trkpt lat="37.481814" lon="128.824267">
        <ele>484.3</ele>
      </trkpt>
      <trkpt lat="37.482563" lon="128.825061">
        <ele>470.6</ele>
      </trkpt>
      <trkpt lat="37.483142" lon="128.824857">
        <ele>475.6</ele>
      </trkpt>
      <trkpt lat="37.483619" lon="128.824836">
        <ele>478.0</ele>
      </trkpt>
      <trkpt lat="37.484292" lon="128.825104">
        <ele>481.3</ele>
      </trkpt>
      <trkpt lat="37.485126" lon="128.82578">
        <ele>480.4</ele>
      </trkpt>
      <trkpt lat="37.4853219" lon="128.826434">
        <ele>484.6</ele>
      </trkpt>
      <trkpt lat="37.48545" lon="128.827453">
        <ele>483.5</ele>
      </trkpt>
      <trkpt lat="37.485356" lon="128.828526">
        <ele>489.0</ele>
      </trkpt>
      <trkpt lat="37.485213" lon="128.829227">
        <ele>494.7</ele>
      </trkpt>
      <trkpt lat="37.485066" lon="128.829932">
        <ele>493.3</ele>
      </trkpt>
      <trkpt lat="37.485168" lon="128.831463">
        <ele>491.7</ele>
      </trkpt>
      <trkpt lat="37.485441" lon="128.833343">
        <ele>483.2</ele>
      </trkpt>
      <trkpt lat="37.485569" lon="128.834116">
        <ele>479.9</ele>
      </trkpt>
      <trkpt lat="37.485463" lon="128.835079">
        <ele>480.5</ele>
      </trkpt>
      <trkpt lat="37.48539" lon="128.8355">
        <ele>477.8</ele>
      </trkpt>
      <trkpt lat="37.485135" lon="128.835908">
        <ele>475.2</ele>
      </trkpt>
      <trkpt lat="37.484641" lon="128.83653">
        <ele>471.7</ele>
      </trkpt>
      <trkpt lat="37.484343" lon="128.836594">
        <ele>472.2</ele>
      </trkpt>
      <trkpt lat="37.483934" lon="128.836487">
        <ele>474.4</ele>
      </trkpt>
      <trkpt lat="37.4835939" lon="128.8363369">
        <ele>476.6</ele>
      </trkpt>
      <trkpt lat="37.48321" lon="128.836069">
        <ele>480.0</ele>
      </trkpt>
      <trkpt lat="37.482912" lon="128.835747">
        <ele>479.1</ele>
      </trkpt>
      <trkpt lat="37.482819" lon="128.835382">
        <ele>480.1</ele>
      </trkpt>
      <trkpt lat="37.482813" lon="128.835051">
        <ele>481.9</ele>
      </trkpt>
      <trkpt lat="37.48287" lon="128.834159">
        <ele>488.3</ele>
      </trkpt>
      <trkpt lat="37.482782" lon="128.833877">
        <ele>484.8</ele>
      </trkpt>
      <trkpt lat="37.482116" lon="128.832877">
        <ele>477.4</ele>
      </trkpt>
      <trkpt lat="37.48178" lon="128.8324639">
        <ele>479.3</ele>
      </trkpt>
      <trkpt lat="37.481371" lon="128.832077">
        <ele>477.4</ele>
      </trkpt>
      <trkpt lat="37.479694" lon="128.834352">
        <ele>475.1</ele>
      </trkpt>
      <trkpt lat="37.479132" lon="128.835253">
        <ele>475.6</ele>
      </trkpt>
      <trkpt lat="37.4778809" lon="128.8383">
        <ele>477.4</ele>
      </trkpt>
      <trkpt lat="37.477115" lon="128.840197">
        <ele>479.7</ele>
      </trkpt>
      <trkpt lat="37.476501" lon="128.841905">
        <ele>479.7</ele>
      </trkpt>
      <trkpt lat="37.476156" lon="128.842389">
        <ele>479.3</ele>
      </trkpt>
      <trkpt lat="37.4749989" lon="128.8441829">
        <ele>480.0</ele>
      </trkpt>
      <trkpt lat="37.474887" lon="128.844696">
        <ele>479.5</ele>
      </trkpt>
      <trkpt lat="37.474964" lon="128.845245">
        <ele>479.9</ele>
      </trkpt>
      <trkpt lat="37.475501" lon="128.846953">
        <ele>483.3</ele>
      </trkpt>
      <trkpt lat="37.475722" lon="128.847366">
        <ele>483.9</ele>
      </trkpt>
      <trkpt lat="37.475948" lon="128.847522">
        <ele>484.3</ele>
      </trkpt>
      <trkpt lat="37.476416" lon="128.847634">
        <ele>485.3</ele>
      </trkpt>
      <trkpt lat="37.476646" lon="128.849335">
        <ele>485.4</ele>
      </trkpt>
      <trkpt lat="37.476723" lon="128.8494849">
        <ele>485.8</ele>
      </trkpt>
      <trkpt lat="37.475505" lon="128.850236">
        <ele>490.1</ele>
      </trkpt>
      <trkpt lat="37.475163" lon="128.850303">
        <ele>493.9</ele>
      </trkpt>
      <trkpt lat="37.474562" lon="128.8502279">
        <ele>503.9</ele>
      </trkpt>
      <trkpt lat="37.474109" lon="128.849694">
        <ele>499.3</ele>
      </trkpt>
      <trkpt lat="37.473445" lon="128.848857">
        <ele>500.1</ele>
      </trkpt>
      <trkpt lat="37.472798" lon="128.8486859">
        <ele>497.6</ele>
      </trkpt>
      <trkpt lat="37.470918" lon="128.849385">
        <ele>494.1</ele>
      </trkpt>
      <trkpt lat="37.470619" lon="128.849376">
        <ele>494.6</ele>
      </trkpt>
      <trkpt lat="37.470116" lon="128.849229">
        <ele>498.2</ele>
      </trkpt>
      <trkpt lat="37.469159" lon="128.84852">
        <ele>496.1</ele>
      </trkpt>
      <trkpt lat="37.46799" lon="128.847717">
        <ele>502.0</ele>
      </trkpt>
      <trkpt lat="37.465485" lon="128.847151">
        <ele>492.2</ele>
      </trkpt>
      <trkpt lat="37.463167" lon="128.84674">
        <ele>489.3</ele>
      </trkpt>
      <trkpt lat="37.462409" lon="128.847056">
        <ele>492.3</ele>
      </trkpt>
      <trkpt lat="37.462066" lon="128.847438">
        <ele>494.9</ele>
      </trkpt>
      <trkpt lat="37.461622" lon="128.848329">
        <ele>497.3</ele>
      </trkpt>
      <trkpt lat="37.46085" lon="128.849636">
        <ele>507.2</ele>
      </trkpt>
      <trkpt lat="37.459241" lon="128.851218">
        <ele>502.3</ele>
      </trkpt>
      <trkpt lat="37.4578429" lon="128.852129">
        <ele>497.7</ele>
      </trkpt>
      <trkpt lat="37.4560419" lon="128.852865">
        <ele>502.8</ele>
      </trkpt>
      <trkpt lat="37.452374" lon="128.853566">
        <ele>538.1</ele>
      </trkpt>
      <trkpt lat="37.451201" lon="128.853796">
        <ele>530.9</ele>
      </trkpt>
      <trkpt lat="37.449806" lon="128.854283">
        <ele>518.4</ele>
      </trkpt>
      <trkpt lat="37.449295" lon="128.855196">
        <ele>515.5</ele>
      </trkpt>
      <trkpt lat="37.448626" lon="128.85719">
        <ele>529.9</ele>
      </trkpt>
      <trkpt lat="37.447521" lon="128.858599">
        <ele>525.7</ele>
      </trkpt>
      <trkpt lat="37.447112" lon="128.858878">
        <ele>526.1</ele>
      </trkpt>
      <trkpt lat="37.4465549" lon="128.858976">
        <ele>520.6</ele>
      </trkpt>
      <trkpt lat="37.443889" lon="128.858665">
        <ele>524.2</ele>
      </trkpt>
      <trkpt lat="37.442887" lon="128.8585129">
        <ele>528.2</ele>
      </trkpt>
      <trkpt lat="37.442369" lon="128.858028">
        <ele>532.5</ele>
      </trkpt>
      <trkpt lat="37.441961" lon="128.857141">
        <ele>528.5</ele>
      </trkpt>
      <trkpt lat="37.441569" lon="128.8566669">
        <ele>524.2</ele>
      </trkpt>
      <trkpt lat="37.440523" lon="128.856471">
        <ele>531.8</ele>
      </trkpt>
      <trkpt lat="37.440034" lon="128.856279">
        <ele>534.3</ele>
      </trkpt>
      <trkpt lat="37.439551" lon="128.855837">
        <ele>549.7</ele>
      </trkpt>
      <trkpt lat="37.438935" lon="128.854908">
        <ele>553.7</ele>
      </trkpt>
      <trkpt lat="37.438407" lon="128.854436">
        <ele>563.7</ele>
      </trkpt>
      <trkpt lat="37.437706" lon="128.854466">
        <ele>557.6</ele>
      </trkpt>
      <trkpt lat="37.436532" lon="128.855119">
        <ele>546.3</ele>
      </trkpt>
      <trkpt lat="37.434873" lon="128.856392">
        <ele>546.7</ele>
      </trkpt>
      <trkpt lat="37.433662" lon="128.857372">
        <ele>540.0</ele>
      </trkpt>
      <trkpt lat="37.43285" lon="128.858609">
        <ele>547.9</ele>
      </trkpt>
      <trkpt lat="37.43139" lon="128.859969">
        <ele>547.4</ele>
      </trkpt>
      <trkpt lat="37.429864" lon="128.860527">
        <ele>544.6</ele>
      </trkpt>
      <trkpt lat="37.428989" lon="128.860615">
        <ele>546.3</ele>
      </trkpt>
      <trkpt lat="37.426716" lon="128.860407">
        <ele>538.2</ele>
      </trkpt>
      <trkpt lat="37.425979" lon="128.860215">
        <ele>539.1</ele>
      </trkpt>
      <trkpt lat="37.4251" lon="128.859618">
        <ele>536.0</ele>
      </trkpt>
      <trkpt lat="37.424616" lon="128.859401">
        <ele>536.6</ele>
      </trkpt>
      <trkpt lat="37.423972" lon="128.859326">
        <ele>540.7</ele>
      </trkpt>
      <trkpt lat="37.423358" lon="128.859172">
        <ele>542.9</ele>
      </trkpt>
      <trkpt lat="37.4227739" lon="128.858749">
        <ele>540.2</ele>
      </trkpt>
      <trkpt lat="37.421965" lon="128.857577">
        <ele>538.9</ele>
      </trkpt>
      <trkpt lat="37.420893" lon="128.855803">
        <ele>534.8</ele>
      </trkpt>
      <trkpt lat="37.419497" lon="128.853581">
        <ele>539.2</ele>
      </trkpt>
      <trkpt lat="37.418664" lon="128.853077">
        <ele>540.5</ele>
      </trkpt>
      <trkpt lat="37.417584" lon="128.852676">
        <ele>538.5</ele>
      </trkpt>
      <trkpt lat="37.416656" lon="128.852676">
        <ele>537.4</ele>
      </trkpt>
      <trkpt lat="37.416191" lon="128.852854">
        <ele>538.0</ele>
      </trkpt>
      <trkpt lat="37.415569" lon="128.853468">
        <ele>537.2</ele>
      </trkpt>
      <trkpt lat="37.414857" lon="128.85403">
        <ele>537.2</ele>
      </trkpt>
      <trkpt lat="37.413572" lon="128.854856">
        <ele>537.0</ele>
      </trkpt>
      <trkpt lat="37.413316" lon="128.855112">
        <ele>537.1</ele>
      </trkpt>
      <trkpt lat="37.413143" lon="128.855324">
        <ele>537.2</ele>
      </trkpt>
      <trkpt lat="37.412331" lon="128.856738">
        <ele>539.7</ele>
      </trkpt>
      <trkpt lat="37.411714" lon="128.857873">
        <ele>542.1</ele>
      </trkpt>
      <trkpt lat="37.411288" lon="128.860027">
        <ele>545.9</ele>
      </trkpt>
      <trkpt lat="37.411121" lon="128.860829">
        <ele>552.2</ele>
      </trkpt>
      <trkpt lat="37.411101" lon="128.861837">
        <ele>548.4</ele>
      </trkpt>
      <trkpt lat="37.411093" lon="128.862355">
        <ele>545.5</ele>
      </trkpt>
      <trkpt lat="37.410877" lon="128.863289">
        <ele>542.3</ele>
      </trkpt>
      <trkpt lat="37.410436" lon="128.865423">
        <ele>557.8</ele>
      </trkpt>
      <trkpt lat="37.410362" lon="128.865609">
        <ele>556.9</ele>
      </trkpt>
      <trkpt lat="37.409623" lon="128.867404">
        <ele>563.7</ele>
      </trkpt>
      <trkpt lat="37.408902" lon="128.868305">
        <ele>559.8</ele>
      </trkpt>
      <trkpt lat="37.407961" lon="128.8691629">
        <ele>558.6</ele>
      </trkpt>
      <trkpt lat="37.407313" lon="128.8693089">
        <ele>555.3</ele>
      </trkpt>
      <trkpt lat="37.405641" lon="128.86931">
        <ele>557.6</ele>
      </trkpt>
      <trkpt lat="37.403401" lon="128.868747">
        <ele>548.2</ele>
      </trkpt>
      <trkpt lat="37.402173" lon="128.868261">
        <ele>557.0</ele>
      </trkpt>
      <trkpt lat="37.400824" lon="128.867771">
        <ele>561.1</ele>
      </trkpt>
      <trkpt lat="37.39719" lon="128.8671929">
        <ele>553.0</ele>
      </trkpt>
      <trkpt lat="37.396304" lon="128.867129">
        <ele>552.9</ele>
      </trkpt>
      <trkpt lat="37.395826" lon="128.86748">
        <ele>553.9</ele>
      </trkpt>
      <trkpt lat="37.395411" lon="128.868267">
        <ele>556.5</ele>
      </trkpt>
      <trkpt lat="37.395357" lon="128.868502">
        <ele>556.2</ele>
      </trkpt>
      <trkpt lat="37.395423" lon="128.868759">
        <ele>557.6</ele>
      </trkpt>
      <trkpt lat="37.396311" lon="128.871011">
        <ele>553.4</ele>
      </trkpt>
      <trkpt lat="37.3965419" lon="128.871463">
        <ele>561.1</ele>
      </trkpt>
      <trkpt lat="37.3968599" lon="128.871841">
        <ele>568.4</ele>
      </trkpt>
      <trkpt lat="37.397906" lon="128.872053">
        <ele>563.6</ele>
      </trkpt>
      <trkpt lat="37.398639" lon="128.872203">
        <ele>559.5</ele>
      </trkpt>
      <trkpt lat="37.3991929" lon="128.872526">
        <ele>562.0</ele>
      </trkpt>
      <trkpt lat="37.399568" lon="128.872957">
        <ele>561.7</ele>
      </trkpt>
      <trkpt lat="37.399696" lon="128.873307">
        <ele>561.5</ele>
      </trkpt>
      <trkpt lat="37.399751" lon="128.873663">
        <ele>560.7</ele>
      </trkpt>
      <trkpt lat="37.399751" lon="128.873899">
        <ele>560.5</ele>
      </trkpt>
      <trkpt lat="37.399608" lon="128.874381">
        <ele>561.9</ele>
      </trkpt>
      <trkpt lat="37.399372" lon="128.874709">
        <ele>563.3</ele>
      </trkpt>
      <trkpt lat="37.3990409" lon="128.874941">
        <ele>564.6</ele>
      </trkpt>
      <trkpt lat="37.3982219" lon="128.875277">
        <ele>567.7</ele>
      </trkpt>
      <trkpt lat="37.397203" lon="128.8757029">
        <ele>563.7</ele>
      </trkpt>
      <trkpt lat="37.396619" lon="128.875958">
        <ele>561.8</ele>
      </trkpt>
      <trkpt lat="37.396137" lon="128.876027">
        <ele>562.7</ele>
      </trkpt>
      <trkpt lat="37.395252" lon="128.876101">
        <ele>564.9</ele>
      </trkpt>
      <trkpt lat="37.394011" lon="128.87613">
        <ele>569.3</ele>
      </trkpt>
      <trkpt lat="37.393192" lon="128.875937">
        <ele>568.4</ele>
      </trkpt>
      <trkpt lat="37.391888" lon="128.875164">
        <ele>573.5</ele>
      </trkpt>
      <trkpt lat="37.390916" lon="128.874478">
        <ele>570.1</ele>
      </trkpt>
      <trkpt lat="37.390247" lon="128.8738339">
        <ele>572.9</ele>
      </trkpt>
      <trkpt lat="37.389472" lon="128.873003">
        <ele>579.4</ele>
      </trkpt>
      <trkpt lat="37.389027" lon="128.872591">
        <ele>575.6</ele>
      </trkpt>
      <trkpt lat="37.3885549" lon="128.872526">
        <ele>564.9</ele>
      </trkpt>
      <trkpt lat="37.3880229" lon="128.872639">
        <ele>561.6</ele>
      </trkpt>
      <trkpt lat="37.387566" lon="128.872858">
        <ele>566.4</ele>
      </trkpt>
      <trkpt lat="37.387149" lon="128.8733729">
        <ele>570.1</ele>
      </trkpt>
      <trkpt lat="37.386901" lon="128.874027">
        <ele>572.2</ele>
      </trkpt>
      <trkpt lat="37.386816" lon="128.874843">
        <ele>574.7</ele>
      </trkpt>
      <trkpt lat="37.386808" lon="128.87583">
        <ele>577.3</ele>
      </trkpt>
      <trkpt lat="37.387166" lon="128.8777069">
        <ele>579.4</ele>
      </trkpt>
      <trkpt lat="37.38743" lon="128.878598">
        <ele>575.4</ele>
      </trkpt>
      <trkpt lat="37.387762" lon="128.87895">
        <ele>577.3</ele>
      </trkpt>
      <trkpt lat="37.388209" lon="128.879241">
        <ele>578.4</ele>
      </trkpt>
      <trkpt lat="37.388704" lon="128.879588">
        <ele>580.7</ele>
      </trkpt>
      <trkpt lat="37.3894499" lon="128.880293">
        <ele>584.6</ele>
      </trkpt>
      <trkpt lat="37.389936" lon="128.881323">
        <ele>585.2</ele>
      </trkpt>
      <trkpt lat="37.390354" lon="128.88217">
        <ele>589.3</ele>
      </trkpt>
      <trkpt lat="37.391301" lon="128.88336">
        <ele>587.0</ele>
      </trkpt>
      <trkpt lat="37.391948" lon="128.884016">
        <ele>587.2</ele>
      </trkpt>
      <trkpt lat="37.392869" lon="128.884761">
        <ele>597.5</ele>
      </trkpt>
      <trkpt lat="37.393419" lon="128.8854069">
        <ele>593.4</ele>
      </trkpt>
      <trkpt lat="37.394138" lon="128.886655">
        <ele>585.0</ele>
      </trkpt>
      <trkpt lat="37.394343" lon="128.887363">
        <ele>587.9</ele>
      </trkpt>
      <trkpt lat="37.394359" lon="128.888635">
        <ele>593.7</ele>
      </trkpt>
      <trkpt lat="37.394326" lon="128.889509">
        <ele>591.2</ele>
      </trkpt>
      <trkpt lat="37.3941469" lon="128.890153">
        <ele>583.3</ele>
      </trkpt>
      <trkpt lat="37.393619" lon="128.891065">
        <ele>580.9</ele>
      </trkpt>
      <trkpt lat="37.392655" lon="128.892084">
        <ele>580.8</ele>
      </trkpt>
      <trkpt lat="37.391368" lon="128.893489">
        <ele>581.4</ele>
      </trkpt>
      <trkpt lat="37.390132" lon="128.8948629">
        <ele>582.3</ele>
      </trkpt>
      <trkpt lat="37.389553" lon="128.895227">
        <ele>584.0</ele>
      </trkpt>
      <trkpt lat="37.388316" lon="128.895738">
        <ele>579.8</ele>
      </trkpt>
      <trkpt lat="37.387873" lon="128.89579">
        <ele>578.9</ele>
      </trkpt>
      <trkpt lat="37.38721" lon="128.895632">
        <ele>579.1</ele>
      </trkpt>
      <trkpt lat="37.386378" lon="128.895402">
        <ele>581.8</ele>
      </trkpt>
      <trkpt lat="37.384535" lon="128.894927">
        <ele>584.7</ele>
      </trkpt>
      <trkpt lat="37.383321" lon="128.894605">
        <ele>585.5</ele>
      </trkpt>
      <trkpt lat="37.382268" lon="128.894252">
        <ele>584.4</ele>
      </trkpt>
      <trkpt lat="37.3814009" lon="128.894137">
        <ele>585.8</ele>
      </trkpt>
      <trkpt lat="37.380526" lon="128.894415">
        <ele>587.9</ele>
      </trkpt>
      <trkpt lat="37.379736" lon="128.8949079">
        <ele>588.2</ele>
      </trkpt>
      <trkpt lat="37.379337" lon="128.895472">
        <ele>589.0</ele>
      </trkpt>
      <trkpt lat="37.3790959" lon="128.895868">
        <ele>588.7</ele>
      </trkpt>
      <trkpt lat="37.378948" lon="128.896343">
        <ele>588.9</ele>
      </trkpt>
      <trkpt lat="37.378923" lon="128.898231">
        <ele>594.8</ele>
      </trkpt>
      <trkpt lat="37.378939" lon="128.899551">
        <ele>597.2</ele>
      </trkpt>
      <trkpt lat="37.379246" lon="128.901343">
        <ele>600.2</ele>
      </trkpt>
      <trkpt lat="37.379245" lon="128.902186">
        <ele>604.0</ele>
      </trkpt>
      <trkpt lat="37.379254" lon="128.903843">
        <ele>607.9</ele>
      </trkpt>
      <trkpt lat="37.379152" lon="128.9042289">
        <ele>608.7</ele>
      </trkpt>
      <trkpt lat="37.378888" lon="128.904604">
        <ele>613.4</ele>
      </trkpt>
      <trkpt lat="37.378538" lon="128.904808">
        <ele>608.4</ele>
      </trkpt>
      <trkpt lat="37.377923" lon="128.904788">
        <ele>598.9</ele>
      </trkpt>
      <trkpt lat="37.376831" lon="128.90474">
        <ele>597.7</ele>
      </trkpt>
      <trkpt lat="37.375972" lon="128.9047019">
        <ele>598.4</ele>
      </trkpt>
      <trkpt lat="37.375388" lon="128.904766">
        <ele>599.1</ele>
      </trkpt>
      <trkpt lat="37.374746" lon="128.904989">
        <ele>599.4</ele>
      </trkpt>
      <trkpt lat="37.3743229" lon="128.905243">
        <ele>600.7</ele>
      </trkpt>
      <trkpt lat="37.3737009" lon="128.905885">
        <ele>600.4</ele>
      </trkpt>
      <trkpt lat="37.373375" lon="128.906302">
        <ele>598.4</ele>
      </trkpt>
      <trkpt lat="37.373255" lon="128.906662">
        <ele>598.9</ele>
      </trkpt>
      <trkpt lat="37.373176" lon="128.906956">
        <ele>600.6</ele>
      </trkpt>
      <trkpt lat="37.373162" lon="128.907451">
        <ele>602.1</ele>
      </trkpt>
      <trkpt lat="37.37329" lon="128.907975">
        <ele>600.5</ele>
      </trkpt>
      <trkpt lat="37.37373" lon="128.908735">
        <ele>603.8</ele>
      </trkpt>
      <trkpt lat="37.374433" lon="128.909844">
        <ele>601.2</ele>
      </trkpt>
      <trkpt lat="37.374642" lon="128.910151">
        <ele>601.4</ele>
      </trkpt>
      <trkpt lat="37.374702" lon="128.910527">
        <ele>601.7</ele>
      </trkpt>
      <trkpt lat="37.374626" lon="128.9109379">
        <ele>601.2</ele>
      </trkpt>
      <trkpt lat="37.374426" lon="128.911992">
        <ele>602.6</ele>
      </trkpt>
      <trkpt lat="37.374361" lon="128.91264">
        <ele>606.1</ele>
      </trkpt>
      <trkpt lat="37.374369" lon="128.913434">
        <ele>611.5</ele>
      </trkpt>
      <trkpt lat="37.374293" lon="128.913861">
        <ele>613.4</ele>
      </trkpt>
      <trkpt lat="37.373912" lon="128.9148439">
        <ele>620.9</ele>
      </trkpt>
      <trkpt lat="37.373533" lon="128.915574">
        <ele>621.7</ele>
      </trkpt>
      <trkpt lat="37.372928" lon="128.916331">
        <ele>630.9</ele>
      </trkpt>
      <trkpt lat="37.372348" lon="128.91661">
        <ele>623.7</ele>
      </trkpt>
      <trkpt lat="37.371948" lon="128.916524">
        <ele>620.0</ele>
      </trkpt>
      <trkpt lat="37.371564" lon="128.91632">
        <ele>618.8</ele>
      </trkpt>
      <trkpt lat="37.371125" lon="128.91593">
        <ele>619.3</ele>
      </trkpt>
      <trkpt lat="37.369509" lon="128.91469">
        <ele>621.7</ele>
      </trkpt>
      <trkpt lat="37.369107" lon="128.914027">
        <ele>616.8</ele>
      </trkpt>
      <trkpt lat="37.368972" lon="128.913778">
        <ele>614.5</ele>
      </trkpt>
      <trkpt lat="37.368656" lon="128.9136169">
        <ele>613.1</ele>
      </trkpt>
      <trkpt lat="37.368332" lon="128.913767">
        <ele>615.2</ele>
      </trkpt>
      <trkpt lat="37.368213" lon="128.914089">
        <ele>618.0</ele>
      </trkpt>
      <trkpt lat="37.3682299" lon="128.914561">
        <ele>620.8</ele>
      </trkpt>
      <trkpt lat="37.368145" lon="128.915044">
        <ele>621.8</ele>
      </trkpt>
      <trkpt lat="37.3678809" lon="128.915566">
        <ele>617.9</ele>
      </trkpt>
      <trkpt lat="37.36748" lon="128.916261">
        <ele>614.8</ele>
      </trkpt>
      <trkpt lat="37.367275" lon="128.916261">
        <ele>617.8</ele>
      </trkpt>
      <trkpt lat="37.367189" lon="128.915924">
        <ele>620.2</ele>
      </trkpt>
      <trkpt lat="37.366684" lon="128.914678">
        <ele>622.9</ele>
      </trkpt>
      <trkpt lat="37.365875" lon="128.913278">
        <ele>622.9</ele>
      </trkpt>
      <trkpt lat="37.365647" lon="128.9129079">
        <ele>622.8</ele>
      </trkpt>
      <trkpt lat="37.365296" lon="128.912702">
        <ele>625.9</ele>
      </trkpt>
      <trkpt lat="37.364499" lon="128.912527">
        <ele>639.2</ele>
      </trkpt>
      <trkpt lat="37.364225" lon="128.912404">
        <ele>642.5</ele>
      </trkpt>
      <trkpt lat="37.363762" lon="128.911997">
        <ele>643.9</ele>
      </trkpt>
      <trkpt lat="37.363446" lon="128.911353">
        <ele>637.2</ele>
      </trkpt>
      <trkpt lat="37.362978" lon="128.910367">
        <ele>638.2</ele>
      </trkpt>
      <trkpt lat="37.362816" lon="128.910039">
        <ele>636.1</ele>
      </trkpt>
      <trkpt lat="37.362522" lon="128.909669">
        <ele>635.2</ele>
      </trkpt>
      <trkpt lat="37.361905" lon="128.909071">
        <ele>640.5</ele>
      </trkpt>
      <trkpt lat="37.361526" lon="128.90838">
        <ele>640.0</ele>
      </trkpt>
      <trkpt lat="37.361052" lon="128.907231">
        <ele>644.5</ele>
      </trkpt>
      <trkpt lat="37.360895" lon="128.906881">
        <ele>639.1</ele>
      </trkpt>
      <trkpt lat="37.3606539" lon="128.906572">
        <ele>640.6</ele>
      </trkpt>
      <trkpt lat="37.360385" lon="128.906316">
        <ele>645.9</ele>
      </trkpt>
      <trkpt lat="37.359713" lon="128.906003">
        <ele>649.9</ele>
      </trkpt>
      <trkpt lat="37.359009" lon="128.905545">
        <ele>652.3</ele>
      </trkpt>
      <trkpt lat="37.3580759" lon="128.904733">
        <ele>654.0</ele>
      </trkpt>
      <trkpt lat="37.357315" lon="128.904197">
        <ele>651.4</ele>
      </trkpt>
      <trkpt lat="37.356826" lon="128.903978">
        <ele>657.0</ele>
      </trkpt>
      <trkpt lat="37.3557289" lon="128.903617">
        <ele>661.8</ele>
      </trkpt>
      <trkpt lat="37.355268" lon="128.903371">
        <ele>665.6</ele>
      </trkpt>
      <trkpt lat="37.3548929" lon="128.902899">
        <ele>665.7</ele>
      </trkpt>
      <trkpt lat="37.354413" lon="128.901908">
        <ele>665.3</ele>
      </trkpt>
      <trkpt lat="37.354194" lon="128.901321">
        <ele>658.6</ele>
      </trkpt>
      <trkpt lat="37.354006" lon="128.901055">
        <ele>656.9</ele>
      </trkpt>
      <trkpt lat="37.353756" lon="128.900951">
        <ele>658.5</ele>
      </trkpt>
      <trkpt lat="37.353011" lon="128.900851">
        <ele>661.2</ele>
      </trkpt>
      <trkpt lat="37.35211" lon="128.900915">
        <ele>665.5</ele>
      </trkpt>
      <trkpt lat="37.35184" lon="128.900914">
        <ele>667.0</ele>
      </trkpt>
      <trkpt lat="37.351135" lon="128.900602">
        <ele>665.6</ele>
      </trkpt>
      <trkpt lat="37.350478" lon="128.900551">
        <ele>666.5</ele>
      </trkpt>
      <trkpt lat="37.349686" lon="128.900527">
        <ele>668.5</ele>
      </trkpt>
      <trkpt lat="37.34932" lon="128.900602">
        <ele>674.6</ele>
      </trkpt>
      <trkpt lat="37.349077" lon="128.900699">
        <ele>679.8</ele>
      </trkpt>
      <trkpt lat="37.3487099" lon="128.900635">
        <ele>678.7</ele>
      </trkpt>
      <trkpt lat="37.347152" lon="128.900002">
        <ele>667.3</ele>
      </trkpt>
      <trkpt lat="37.346317" lon="128.899702">
        <ele>671.6</ele>
      </trkpt>
      <trkpt lat="37.345836" lon="128.899701">
        <ele>675.0</ele>
      </trkpt>
      <trkpt lat="37.345511" lon="128.899594">
        <ele>675.9</ele>
      </trkpt>
      <trkpt lat="37.34486" lon="128.89917">
        <ele>679.6</ele>
      </trkpt>
      <trkpt lat="37.344679" lon="128.89896">
        <ele>683.4</ele>
      </trkpt>
      <trkpt lat="37.344338" lon="128.898549">
        <ele>683.1</ele>
      </trkpt>
      <trkpt lat="37.344121" lon="128.898331">
        <ele>678.8</ele>
      </trkpt>
      <trkpt lat="37.343976" lon="128.898238">
        <ele>677.9</ele>
      </trkpt>
      <trkpt lat="37.343678" lon="128.898226">
        <ele>676.9</ele>
      </trkpt>
      <trkpt lat="37.343004" lon="128.898618">
        <ele>683.1</ele>
      </trkpt>
      <trkpt lat="37.34256" lon="128.898832">
        <ele>683.9</ele>
      </trkpt>
      <trkpt lat="37.342031" lon="128.898693">
        <ele>686.7</ele>
      </trkpt>
      <trkpt lat="37.341488" lon="128.898352">
        <ele>686.6</ele>
      </trkpt>
      <trkpt lat="37.34127" lon="128.898312">
        <ele>687.2</ele>
      </trkpt>
      <trkpt lat="37.340991" lon="128.8985099">
        <ele>690.1</ele>
      </trkpt>
      <trkpt lat="37.340675" lon="128.8989829">
        <ele>697.7</ele>
      </trkpt>
      <trkpt lat="37.339675" lon="128.899529">
        <ele>700.7</ele>
      </trkpt>
      <trkpt lat="37.3392679" lon="128.899766">
        <ele>705.1</ele>
      </trkpt>
      <trkpt lat="37.338816" lon="128.899616">
        <ele>709.9</ele>
      </trkpt>
      <trkpt lat="37.338535" lon="128.899218">
        <ele>704.8</ele>
      </trkpt>
      <trkpt lat="37.338271" lon="128.898543">
        <ele>701.9</ele>
      </trkpt>
      <trkpt lat="37.338121" lon="128.898358">
        <ele>706.2</ele>
      </trkpt>
      <trkpt lat="37.337681" lon="128.8980489">
        <ele>721.1</ele>
      </trkpt>
      <trkpt lat="37.337556" lon="128.8976">
        <ele>717.9</ele>
      </trkpt>
      <trkpt lat="37.337293" lon="128.896688">
        <ele>708.1</ele>
      </trkpt>
      <trkpt lat="37.337157" lon="128.896568">
        <ele>708.3</ele>
      </trkpt>
      <trkpt lat="37.336891" lon="128.896502">
        <ele>709.8</ele>
      </trkpt>
      <trkpt lat="37.336091" lon="128.896703">
        <ele>712.8</ele>
      </trkpt>
      <trkpt lat="37.335358" lon="128.89691">
        <ele>720.6</ele>
      </trkpt>
      <trkpt lat="37.3346019" lon="128.897105">
        <ele>735.6</ele>
      </trkpt>
      <trkpt lat="37.333885" lon="128.896927">
        <ele>737.4</ele>
      </trkpt>
      <trkpt lat="37.333099" lon="128.896676">
        <ele>734.8</ele>
      </trkpt>
      <trkpt lat="37.332192" lon="128.896713">
        <ele>747.1</ele>
      </trkpt>
      <trkpt lat="37.331266" lon="128.896279">
        <ele>754.6</ele>
      </trkpt>
      <trkpt lat="37.330029" lon="128.8953129">
        <ele>763.8</ele>
      </trkpt>
      <trkpt lat="37.329218" lon="128.89468">
        <ele>767.1</ele>
      </trkpt>
      <trkpt lat="37.328331" lon="128.894197">
        <ele>778.2</ele>
      </trkpt>
      <trkpt lat="37.327754" lon="128.893991">
        <ele>771.3</ele>
      </trkpt>
      <trkpt lat="37.3270259" lon="128.894101">
        <ele>785.6</ele>
      </trkpt>
      <trkpt lat="37.3267359" lon="128.893929">
        <ele>789.5</ele>
      </trkpt>
      <trkpt lat="37.326382" lon="128.893328">
        <ele>784.1</ele>
      </trkpt>
      <trkpt lat="37.326224" lon="128.893135">
        <ele>785.2</ele>
      </trkpt>
      <trkpt lat="37.325989" lon="128.893002">
        <ele>789.0</ele>
      </trkpt>
      <trkpt lat="37.325635" lon="128.893114">
        <ele>794.2</ele>
      </trkpt>
      <trkpt lat="37.325055" lon="128.894058">
        <ele>811.3</ele>
      </trkpt>
      <trkpt lat="37.324825" lon="128.894305">
        <ele>818.2</ele>
      </trkpt>
      <trkpt lat="37.324467" lon="128.894112">
        <ele>818.6</ele>
      </trkpt>
      <trkpt lat="37.324446" lon="128.893696">
        <ele>817.8</ele>
      </trkpt>
      <trkpt lat="37.32439" lon="128.892688">
        <ele>811.8</ele>
      </trkpt>
      <trkpt lat="37.3241749" lon="128.892329">
        <ele>812.4</ele>
      </trkpt>
      <trkpt lat="37.323093" lon="128.892087">
        <ele>823.1</ele>
      </trkpt>
      <trkpt lat="37.32249" lon="128.892441">
        <ele>833.3</ele>
      </trkpt>
      <trkpt lat="37.3219769" lon="128.89258">
        <ele>852.3</ele>
      </trkpt>
      <trkpt lat="37.321924" lon="128.892192">
        <ele>847.5</ele>
      </trkpt>
      <trkpt lat="37.321945" lon="128.891624">
        <ele>839.5</ele>
      </trkpt>
      <trkpt lat="37.321745" lon="128.891258">
        <ele>839.0</ele>
      </trkpt>
      <trkpt lat="37.32133" lon="128.891054">
        <ele>843.0</ele>
      </trkpt>
      <trkpt lat="37.320832" lon="128.890807">
        <ele>847.8</ele>
      </trkpt>
      <trkpt lat="37.320192" lon="128.890346">
        <ele>861.3</ele>
      </trkpt>
      <trkpt lat="37.319245" lon="128.889648">
        <ele>868.1</ele>
      </trkpt>
      <trkpt lat="37.318969" lon="128.88924">
        <ele>876.4</ele>
      </trkpt>
      <trkpt lat="37.318375" lon="128.888212">
        <ele>891.2</ele>
      </trkpt>
      <trkpt lat="37.318375" lon="128.888211">
        <ele>891.3</ele>
      </trkpt>
      <trkpt lat="37.317982" lon="128.888093">
        <ele>886.5</ele>
      </trkpt>
      <trkpt lat="37.317743" lon="128.887921">
        <ele>881.7</ele>
      </trkpt>
      <trkpt lat="37.317359" lon="128.887063">
        <ele>872.9</ele>
      </trkpt>
      <trkpt lat="37.3167789" lon="128.886419">
        <ele>865.3</ele>
      </trkpt>
      <trkpt lat="37.316472" lon="128.886301">
        <ele>860.0</ele>
      </trkpt>
      <trkpt lat="37.316088" lon="128.886365">
        <ele>850.0</ele>
      </trkpt>
      <trkpt lat="37.315695" lon="128.88628">
        <ele>840.5</ele>
      </trkpt>
      <trkpt lat="37.315568" lon="128.886001">
        <ele>841.5</ele>
      </trkpt>
      <trkpt lat="37.315764" lon="128.885775">
        <ele>850.0</ele>
      </trkpt>
      <trkpt lat="37.316182" lon="128.885303">
        <ele>842.9</ele>
      </trkpt>
      <trkpt lat="37.316404" lon="128.88525">
        <ele>842.9</ele>
      </trkpt>
      <trkpt lat="37.317257" lon="128.885335">
        <ele>843.3</ele>
      </trkpt>
      <trkpt lat="37.317905" lon="128.885174">
        <ele>847.1</ele>
      </trkpt>
      <trkpt lat="37.3180679" lon="128.8848099">
        <ele>848.3</ele>
      </trkpt>
      <trkpt lat="37.317974" lon="128.884531">
        <ele>848.2</ele>
      </trkpt>
      <trkpt lat="37.317445" lon="128.884048">
        <ele>827.9</ele>
      </trkpt>
      <trkpt lat="37.3173" lon="128.883694">
        <ele>826.1</ele>
      </trkpt>
      <trkpt lat="37.317265" lon="128.883157">
        <ele>825.6</ele>
      </trkpt>
      <trkpt lat="37.317368" lon="128.882203">
        <ele>820.4</ele>
      </trkpt>
      <trkpt lat="37.317393" lon="128.8816129">
        <ele>811.7</ele>
      </trkpt>
      <trkpt lat="37.3173419" lon="128.881033">
        <ele>813.7</ele>
      </trkpt>
      <trkpt lat="37.317368" lon="128.880132">
        <ele>820.4</ele>
      </trkpt>
      <trkpt lat="37.3173249" lon="128.879574">
        <ele>823.6</ele>
      </trkpt>
      <trkpt lat="37.317119" lon="128.87934">
        <ele>824.8</ele>
      </trkpt>
      <trkpt lat="37.316907" lon="128.879424">
        <ele>823.4</ele>
      </trkpt>
      <trkpt lat="37.3166889" lon="128.87981">
        <ele>816.4</ele>
      </trkpt>
      <trkpt lat="37.316472" lon="128.880507">
        <ele>812.2</ele>
      </trkpt>
      <trkpt lat="37.316182" lon="128.880872">
        <ele>816.7</ele>
      </trkpt>
      <trkpt lat="37.31611" lon="128.8812">
        <ele>813.4</ele>
      </trkpt>
      <trkpt lat="37.315917" lon="128.881849">
        <ele>804.3</ele>
      </trkpt>
      <trkpt lat="37.315653" lon="128.882535">
        <ele>786.8</ele>
      </trkpt>
      <trkpt lat="37.315312" lon="128.882675">
        <ele>785.4</ele>
      </trkpt>
      <trkpt lat="37.314467" lon="128.8827389">
        <ele>785.4</ele>
      </trkpt>
      <trkpt lat="37.314023" lon="128.882911">
        <ele>784.3</ele>
      </trkpt>
      <trkpt lat="37.31369" lon="128.883318">
        <ele>777.7</ele>
      </trkpt>
      <trkpt lat="37.313255" lon="128.883576">
        <ele>774.6</ele>
      </trkpt>
      <trkpt lat="37.312735" lon="128.883758">
        <ele>766.1</ele>
      </trkpt>
      <trkpt lat="37.312368" lon="128.883441">
        <ele>776.0</ele>
      </trkpt>
      <trkpt lat="37.312086" lon="128.88349">
        <ele>777.0</ele>
      </trkpt>
      <trkpt lat="37.311932" lon="128.883744">
        <ele>770.1</ele>
      </trkpt>
      <trkpt lat="37.311847" lon="128.884027">
        <ele>761.5</ele>
      </trkpt>
      <trkpt lat="37.311658" lon="128.884141">
        <ele>758.9</ele>
      </trkpt>
      <trkpt lat="37.310721" lon="128.884252">
        <ele>752.1</ele>
      </trkpt>
      <trkpt lat="37.3100639" lon="128.884069">
        <ele>747.9</ele>
      </trkpt>
      <trkpt lat="37.309606" lon="128.883801">
        <ele>750.6</ele>
      </trkpt>
      <trkpt lat="37.309193" lon="128.883844">
        <ele>743.1</ele>
      </trkpt>
      <trkpt lat="37.308451" lon="128.883587">
        <ele>736.6</ele>
      </trkpt>
      <trkpt lat="37.307811" lon="128.883394">
        <ele>730.7</ele>
      </trkpt>
      <trkpt lat="37.307418" lon="128.883275">
        <ele>726.8</ele>
      </trkpt>
      <trkpt lat="37.3071709" lon="128.883147">
        <ele>723.3</ele>
      </trkpt>
      <trkpt lat="37.306983" lon="128.882675">
        <ele>730.7</ele>
      </trkpt>
      <trkpt lat="37.306027" lon="128.881795">
        <ele>729.7</ele>
      </trkpt>
      <trkpt lat="37.30549" lon="128.8818269">
        <ele>713.5</ele>
      </trkpt>
      <trkpt lat="37.304935" lon="128.881688">
        <ele>702.1</ele>
      </trkpt>
      <trkpt lat="37.304428" lon="128.881128">
        <ele>698.8</ele>
      </trkpt>
      <trkpt lat="37.304053" lon="128.8810619">
        <ele>697.4</ele>
      </trkpt>
      <trkpt lat="37.303709" lon="128.881179">
        <ele>698.7</ele>
      </trkpt>
      <trkpt lat="37.303296" lon="128.881334">
        <ele>696.7</ele>
      </trkpt>
      <trkpt lat="37.302886" lon="128.881276">
        <ele>699.0</ele>
      </trkpt>
      <trkpt lat="37.301939" lon="128.881537">
        <ele>688.1</ele>
      </trkpt>
      <trkpt lat="37.301701" lon="128.881773">
        <ele>683.2</ele>
      </trkpt>
      <trkpt lat="37.301504" lon="128.881881">
        <ele>680.3</ele>
      </trkpt>
      <trkpt lat="37.301242" lon="128.881715">
        <ele>678.6</ele>
      </trkpt>
      <trkpt lat="37.300425" lon="128.881238">
        <ele>686.3</ele>
      </trkpt>
      <trkpt lat="37.299934" lon="128.881237">
        <ele>683.4</ele>
      </trkpt>
      <trkpt lat="37.299375" lon="128.881656">
        <ele>668.8</ele>
      </trkpt>
      <trkpt lat="37.299123" lon="128.8818159">
        <ele>667.3</ele>
      </trkpt>
      <trkpt lat="37.298713" lon="128.881902">
        <ele>661.9</ele>
      </trkpt>
      <trkpt lat="37.297561" lon="128.881527">
        <ele>654.8</ele>
      </trkpt>
      <trkpt lat="37.2971999" lon="128.881604">
        <ele>658.2</ele>
      </trkpt>
      <trkpt lat="37.296648" lon="128.882074">
        <ele>658.9</ele>
      </trkpt>
      <trkpt lat="37.294702" lon="128.883254">
        <ele>643.4</ele>
      </trkpt>
      <trkpt lat="37.294284" lon="128.883136">
        <ele>640.9</ele>
      </trkpt>
      <trkpt lat="37.293822" lon="128.882962">
        <ele>638.9</ele>
      </trkpt>
      <trkpt lat="37.293494" lon="128.8831099">
        <ele>637.2</ele>
      </trkpt>
      <trkpt lat="37.293259" lon="128.884643">
        <ele>644.1</ele>
      </trkpt>
      <trkpt lat="37.293251" lon="128.885629">
        <ele>645.8</ele>
      </trkpt>
      <trkpt lat="37.293913" lon="128.887566">
        <ele>664.1</ele>
      </trkpt>
      <trkpt lat="37.294164" lon="128.888039">
        <ele>663.9</ele>
      </trkpt>
      <trkpt lat="37.294275" lon="128.888533">
        <ele>664.8</ele>
      </trkpt>
      <trkpt lat="37.294113" lon="128.889702">
        <ele>654.3</ele>
      </trkpt>
      <trkpt lat="37.294019" lon="128.891043">
        <ele>659.2</ele>
      </trkpt>
      <trkpt lat="37.294521" lon="128.893235">
        <ele>673.5</ele>
      </trkpt>
      <trkpt lat="37.294617" lon="128.893843">
        <ele>676.8</ele>
      </trkpt>
      <trkpt lat="37.294583" lon="128.8950989">
        <ele>666.4</ele>
      </trkpt>
      <trkpt lat="37.294675" lon="128.896913">
        <ele>668.8</ele>
      </trkpt>
      <trkpt lat="37.294905" lon="128.898283">
        <ele>665.9</ele>
      </trkpt>
      <trkpt lat="37.2952299" lon="128.899258">
        <ele>669.3</ele>
      </trkpt>
      <trkpt lat="37.295342" lon="128.899712">
        <ele>670.7</ele>
      </trkpt>
      <trkpt lat="37.2950609" lon="128.90013">
        <ele>672.4</ele>
      </trkpt>
      <trkpt lat="37.294742" lon="128.9002209">
        <ele>676.8</ele>
      </trkpt>
      <trkpt lat="37.293946" lon="128.900174">
        <ele>684.9</ele>
      </trkpt>
      <trkpt lat="37.293608" lon="128.900281">
        <ele>689.4</ele>
      </trkpt>
      <trkpt lat="37.293358" lon="128.900553">
        <ele>690.0</ele>
      </trkpt>
      <trkpt lat="37.292921" lon="128.901479">
        <ele>694.2</ele>
      </trkpt>
      <trkpt lat="37.292828" lon="128.901971">
        <ele>693.9</ele>
      </trkpt>
      <trkpt lat="37.292824" lon="128.902861">
        <ele>697.4</ele>
      </trkpt>
      <trkpt lat="37.292474" lon="128.903883">
        <ele>697.1</ele>
      </trkpt>
      <trkpt lat="37.292449" lon="128.904776">
        <ele>701.1</ele>
      </trkpt>
      <trkpt lat="37.292278" lon="128.905023">
        <ele>704.4</ele>
      </trkpt>
      <trkpt lat="37.2915009" lon="128.905334">
        <ele>714.1</ele>
      </trkpt>
      <trkpt lat="37.290912" lon="128.905334">
        <ele>717.4</ele>
      </trkpt>
      <trkpt lat="37.290714" lon="128.90554">
        <ele>718.1</ele>
      </trkpt>
      <trkpt lat="37.290315" lon="128.906697">
        <ele>718.2</ele>
      </trkpt>
      <trkpt lat="37.289965" lon="128.907297">
        <ele>718.4</ele>
      </trkpt>
      <trkpt lat="37.289132" lon="128.907655">
        <ele>725.1</ele>
      </trkpt>
      <trkpt lat="37.288763" lon="128.908004">
        <ele>732.2</ele>
      </trkpt>
      <trkpt lat="37.288727" lon="128.908241">
        <ele>732.5</ele>
      </trkpt>
      <trkpt lat="37.28883" lon="128.908542">
        <ele>731.9</ele>
      </trkpt>
      <trkpt lat="37.289649" lon="128.909218">
        <ele>733.3</ele>
      </trkpt>
      <trkpt lat="37.289931" lon="128.909593">
        <ele>734.9</ele>
      </trkpt>
      <trkpt lat="37.289985" lon="128.909943">
        <ele>731.8</ele>
      </trkpt>
      <trkpt lat="37.290093" lon="128.910484">
        <ele>739.1</ele>
      </trkpt>
      <trkpt lat="37.289893" lon="128.910959">
        <ele>739.3</ele>
      </trkpt>
      <trkpt lat="37.289538" lon="128.911128">
        <ele>743.0</ele>
      </trkpt>
      <trkpt lat="37.28909" lon="128.911026">
        <ele>741.0</ele>
      </trkpt>
      <trkpt lat="37.288702" lon="128.911128">
        <ele>742.8</ele>
      </trkpt>
      <trkpt lat="37.288475" lon="128.911402">
        <ele>741.4</ele>
      </trkpt>
      <trkpt lat="37.288266" lon="128.912018">
        <ele>743.9</ele>
      </trkpt>
      <trkpt lat="37.288153" lon="128.912644">
        <ele>751.1</ele>
      </trkpt>
      <trkpt lat="37.2882" lon="128.913007">
        <ele>748.2</ele>
      </trkpt>
      <trkpt lat="37.288302" lon="128.913215">
        <ele>745.7</ele>
      </trkpt>
      <trkpt lat="37.288307" lon="128.913379">
        <ele>745.7</ele>
      </trkpt>
      <trkpt lat="37.288143" lon="128.913684">
        <ele>748.9</ele>
      </trkpt>
      <trkpt lat="37.287831" lon="128.913992">
        <ele>748.7</ele>
      </trkpt>
      <trkpt lat="37.287379" lon="128.91513">
        <ele>753.8</ele>
      </trkpt>
      <trkpt lat="37.287102" lon="128.915534">
        <ele>758.3</ele>
      </trkpt>
      <trkpt lat="37.286662" lon="128.915816">
        <ele>752.0</ele>
      </trkpt>
      <trkpt lat="37.2862859" lon="128.915913">
        <ele>755.7</ele>
      </trkpt>
      <trkpt lat="37.285569" lon="128.915838">
        <ele>760.8</ele>
      </trkpt>
      <trkpt lat="37.285254" lon="128.9159479">
        <ele>767.6</ele>
      </trkpt>
      <trkpt lat="37.28504" lon="128.916385">
        <ele>767.8</ele>
      </trkpt>
      <trkpt lat="37.284946" lon="128.917286">
        <ele>774.0</ele>
      </trkpt>
      <trkpt lat="37.2847579" lon="128.917683">
        <ele>778.9</ele>
      </trkpt>
      <trkpt lat="37.283853" lon="128.918433">
        <ele>774.7</ele>
      </trkpt>
      <trkpt lat="37.282964" lon="128.9196849">
        <ele>791.4</ele>
      </trkpt>
      <trkpt lat="37.28279" lon="128.920138">
        <ele>793.4</ele>
      </trkpt>
      <trkpt lat="37.282581" lon="128.921728">
        <ele>791.7</ele>
      </trkpt>
      <trkpt lat="37.282325" lon="128.92235">
        <ele>797.6</ele>
      </trkpt>
      <trkpt lat="37.282053" lon="128.922483">
        <ele>798.9</ele>
      </trkpt>
      <trkpt lat="37.28163" lon="128.922672">
        <ele>799.8</ele>
      </trkpt>
      <trkpt lat="37.28138" lon="128.923222">
        <ele>804.0</ele>
      </trkpt>
      <trkpt lat="37.2811809" lon="128.9238949">
        <ele>811.4</ele>
      </trkpt>
      <trkpt lat="37.28113" lon="128.92456">
        <ele>816.3</ele>
      </trkpt>
      <trkpt lat="37.280917" lon="128.925">
        <ele>817.7</ele>
      </trkpt>
      <trkpt lat="37.280959" lon="128.925322">
        <ele>819.9</ele>
      </trkpt>
      <trkpt lat="37.281087" lon="128.925547">
        <ele>822.0</ele>
      </trkpt>
      <trkpt lat="37.2811639" lon="128.92588">
        <ele>824.3</ele>
      </trkpt>
      <trkpt lat="37.281113" lon="128.926877">
        <ele>829.6</ele>
      </trkpt>
      <trkpt lat="37.280959" lon="128.9273169">
        <ele>828.1</ele>
      </trkpt>
      <trkpt lat="37.280857" lon="128.927822">
        <ele>828.5</ele>
      </trkpt>
      <trkpt lat="37.280865" lon="128.928519">
        <ele>833.3</ele>
      </trkpt>
      <trkpt lat="37.280661" lon="128.928862">
        <ele>841.5</ele>
      </trkpt>
      <trkpt lat="37.280652" lon="128.929088">
        <ele>843.6</ele>
      </trkpt>
      <trkpt lat="37.280763" lon="128.929399">
        <ele>842.3</ele>
      </trkpt>
      <trkpt lat="37.281045" lon="128.929613">
        <ele>846.0</ele>
      </trkpt>
      <trkpt lat="37.281309" lon="128.929978">
        <ele>851.7</ele>
      </trkpt>
      <trkpt lat="37.281574" lon="128.930203">
        <ele>854.7</ele>
      </trkpt>
      <trkpt lat="37.281659" lon="128.930461">
        <ele>854.9</ele>
      </trkpt>
      <trkpt lat="37.2816339" lon="128.930937">
        <ele>854.3</ele>
      </trkpt>
      <trkpt lat="37.281736" lon="128.93162">
        <ele>858.1</ele>
      </trkpt>
      <trkpt lat="37.2816" lon="128.931781">
        <ele>857.3</ele>
      </trkpt>
      <trkpt lat="37.2813609" lon="128.931609">
        <ele>857.6</ele>
      </trkpt>
      <trkpt lat="37.280951" lon="128.931362">
        <ele>858.3</ele>
      </trkpt>
      <trkpt lat="37.280575" lon="128.930547">
        <ele>862.8</ele>
      </trkpt>
      <trkpt lat="37.279995" lon="128.929474">
        <ele>874.0</ele>
      </trkpt>
      <trkpt lat="37.27994" lon="128.929043">
        <ele>871.4</ele>
      </trkpt>
      <trkpt lat="37.279756" lon="128.9280039">
        <ele>861.0</ele>
      </trkpt>
      <trkpt lat="37.279542" lon="128.9278">
        <ele>860.6</ele>
      </trkpt>
      <trkpt lat="37.2793459" lon="128.927865">
        <ele>865.7</ele>
      </trkpt>
      <trkpt lat="37.278936" lon="128.928723">
        <ele>894.5</ele>
      </trkpt>
      <trkpt lat="37.27798" lon="128.929688">
        <ele>920.4</ele>
      </trkpt>
      <trkpt lat="37.277707" lon="128.929924">
        <ele>923.1</ele>
      </trkpt>
      <trkpt lat="37.27763" lon="128.929753">
        <ele>920.2</ele>
      </trkpt>
      <trkpt lat="37.277715" lon="128.929356">
        <ele>914.7</ele>
      </trkpt>
      <trkpt lat="37.277741" lon="128.929077">
        <ele>911.6</ele>
      </trkpt>
      <trkpt lat="37.277647" lon="128.928573">
        <ele>916.2</ele>
      </trkpt>
      <trkpt lat="37.277476" lon="128.928476">
        <ele>923.0</ele>
      </trkpt>
      <trkpt lat="37.277365" lon="128.928658">
        <ele>927.4</ele>
      </trkpt>
      <trkpt lat="37.27734" lon="128.929581">
        <ele>927.5</ele>
      </trkpt>
      <trkpt lat="37.276947" lon="128.930386">
        <ele>949.7</ele>
      </trkpt>
      <trkpt lat="37.276238" lon="128.93148">
        <ele>968.2</ele>
      </trkpt>
      <trkpt lat="37.276273" lon="128.93163">
        <ele>967.2</ele>
      </trkpt>
      <trkpt lat="37.276392" lon="128.931695">
        <ele>966.3</ele>
      </trkpt>
      <trkpt lat="37.27678" lon="128.931535">
        <ele>961.5</ele>
      </trkpt>
      <trkpt lat="37.276947" lon="128.931641">
        <ele>965.9</ele>
      </trkpt>
      <trkpt lat="37.276802" lon="128.931995">
        <ele>977.0</ele>
      </trkpt>
      <trkpt lat="37.276682" lon="128.932135">
        <ele>980.9</ele>
      </trkpt>
      <trkpt lat="37.276546" lon="128.932167">
        <ele>982.3</ele>
      </trkpt>
      <trkpt lat="37.276213" lon="128.932156">
        <ele>982.9</ele>
      </trkpt>
      <trkpt lat="37.276025" lon="128.932285">
        <ele>986.7</ele>
      </trkpt>
      <trkpt lat="37.2757859" lon="128.932263">
        <ele>988.5</ele>
      </trkpt>
      <trkpt lat="37.275675" lon="128.932037">
        <ele>990.2</ele>
      </trkpt>
      <trkpt lat="37.275649" lon="128.931545">
        <ele>986.4</ele>
      </trkpt>
      <trkpt lat="37.275718" lon="128.931115">
        <ele>986.5</ele>
      </trkpt>
      <trkpt lat="37.275948" lon="128.930815">
        <ele>981.0</ele>
      </trkpt>
      <trkpt lat="37.2760589" lon="128.930504">
        <ele>981.1</ele>
      </trkpt>
      <trkpt lat="37.275931" lon="128.9300749">
        <ele>992.1</ele>
      </trkpt>
      <trkpt lat="37.275931" lon="128.929721">
        <ele>995.0</ele>
      </trkpt>
      <trkpt lat="37.27629" lon="128.929409">
        <ele>982.0</ele>
      </trkpt>
      <trkpt lat="37.27617" lon="128.929163">
        <ele>988.5</ele>
      </trkpt>
      <trkpt lat="37.275884" lon="128.929213">
        <ele>1000.5</ele>
      </trkpt>
      <trkpt lat="37.275555" lon="128.929377">
        <ele>1012.6</ele>
      </trkpt>
      <trkpt lat="37.275368" lon="128.929613">
        <ele>1016.3</ele>
      </trkpt>
      <trkpt lat="37.275325" lon="128.930128">
        <ele>1009.8</ele>
      </trkpt>
      <trkpt lat="37.275214" lon="128.930504">
        <ele>1010.0</ele>
      </trkpt>
      <trkpt lat="37.274872" lon="128.930611">
        <ele>1015.9</ele>
      </trkpt>
      <trkpt lat="37.274597" lon="128.930517">
        <ele>1014.6</ele>
      </trkpt>
      <trkpt lat="37.2742829" lon="128.929849">
        <ele>1011.9</ele>
      </trkpt>
      <trkpt lat="37.274061" lon="128.92957">
        <ele>1012.7</ele>
      </trkpt>
      <trkpt lat="37.273686" lon="128.929302">
        <ele>1001.6</ele>
      </trkpt>
      <trkpt lat="37.273395" lon="128.9289049">
        <ele>996.1</ele>
      </trkpt>
      <trkpt lat="37.273344" lon="128.928498">
        <ele>1002.8</ele>
      </trkpt>
      <trkpt lat="37.2732249" lon="128.928101">
        <ele>1008.3</ele>
      </trkpt>
      <trkpt lat="37.272969" lon="128.927865">
        <ele>1005.9</ele>
      </trkpt>
      <trkpt lat="37.27267" lon="128.927918">
        <ele>992.9</ele>
      </trkpt>
      <trkpt lat="37.27214" lon="128.928036">
        <ele>972.2</ele>
      </trkpt>
      <trkpt lat="37.271904" lon="128.927874">
        <ele>970.6</ele>
      </trkpt>
      <trkpt lat="37.271705" lon="128.927553">
        <ele>973.0</ele>
      </trkpt>
      <trkpt lat="37.2714659" lon="128.9273169">
        <ele>978.3</ele>
      </trkpt>
      <trkpt lat="37.271124" lon="128.927382">
        <ele>977.5</ele>
      </trkpt>
      <trkpt lat="37.270749" lon="128.928058">
        <ele>955.4</ele>
      </trkpt>
      <trkpt lat="37.270433" lon="128.928251">
        <ele>953.0</ele>
      </trkpt>
      <trkpt lat="37.269391" lon="128.928809">
        <ele>948.4</ele>
      </trkpt>
      <trkpt lat="37.26887" lon="128.929206">
        <ele>944.8</ele>
      </trkpt>
      <trkpt lat="37.268256" lon="128.93015">
        <ele>934.1</ele>
      </trkpt>
      <trkpt lat="37.267611" lon="128.93095">
        <ele>922.9</ele>
      </trkpt>
      <trkpt lat="37.267197" lon="128.931577">
        <ele>909.2</ele>
      </trkpt>
      <trkpt lat="37.266329" lon="128.933694">
        <ele>900.9</ele>
      </trkpt>
      <trkpt lat="37.265489" lon="128.935278">
        <ele>886.0</ele>
      </trkpt>
      <trkpt lat="37.265336" lon="128.936576">
        <ele>878.8</ele>
      </trkpt>
      <trkpt lat="37.265173" lon="128.937231">
        <ele>871.6</ele>
      </trkpt>
      <trkpt lat="37.264234" lon="128.9389799">
        <ele>872.0</ele>
      </trkpt>
      <trkpt lat="37.264063" lon="128.939505">
        <ele>872.4</ele>
      </trkpt>
      <trkpt lat="37.264029" lon="128.940761">
        <ele>870.7</ele>
      </trkpt>
      <trkpt lat="37.263126" lon="128.945567">
        <ele>841.0</ele>
      </trkpt>
      <trkpt lat="37.262876" lon="128.947359">
        <ele>845.8</ele>
      </trkpt>
      <trkpt lat="37.262398" lon="128.948764">
        <ele>836.8</ele>
      </trkpt>
      <trkpt lat="37.261811" lon="128.949873">
        <ele>829.4</ele>
      </trkpt>
      <trkpt lat="37.261783" lon="128.950234">
        <ele>825.6</ele>
      </trkpt>
      <trkpt lat="37.261929" lon="128.950803">
        <ele>826.1</ele>
      </trkpt>
      <trkpt lat="37.262236" lon="128.951264">
        <ele>825.0</ele>
      </trkpt>
      <trkpt lat="37.262552" lon="128.9517679">
        <ele>814.5</ele>
      </trkpt>
      <trkpt lat="37.262817" lon="128.952906">
        <ele>815.8</ele>
      </trkpt>
      <trkpt lat="37.263679" lon="128.954429">
        <ele>815.0</ele>
      </trkpt>
      <trkpt lat="37.264046" lon="128.954569">
        <ele>808.7</ele>
      </trkpt>
      <trkpt lat="37.264285" lon="128.954815">
        <ele>806.6</ele>
      </trkpt>
      <trkpt lat="37.264362" lon="128.955202">
        <ele>807.0</ele>
      </trkpt>
      <trkpt lat="37.26461" lon="128.957777">
        <ele>804.2</ele>
      </trkpt>
      <trkpt lat="37.264883" lon="128.958753">
        <ele>797.5</ele>
      </trkpt>
      <trkpt lat="37.2647199" lon="128.960279">
        <ele>794.6</ele>
      </trkpt>
      <trkpt lat="37.26449" lon="128.961886">
        <ele>796.9</ele>
      </trkpt>
      <trkpt lat="37.2643879" lon="128.963731">
        <ele>792.9</ele>
      </trkpt>
      <trkpt lat="37.264277" lon="128.964396">
        <ele>791.2</ele>
      </trkpt>
      <trkpt lat="37.26414" lon="128.964911">
        <ele>791.0</ele>
      </trkpt>
      <trkpt lat="37.263338" lon="128.966306">
        <ele>791.8</ele>
      </trkpt>
      <trkpt lat="37.262424" lon="128.96813">
        <ele>792.1</ele>
      </trkpt>
      <trkpt lat="37.261348" lon="128.969385">
        <ele>797.1</ele>
      </trkpt>
      <trkpt lat="37.260938" lon="128.969911">
        <ele>796.7</ele>
      </trkpt>
      <trkpt lat="37.26052" lon="128.970125">
        <ele>795.9</ele>
      </trkpt>
      <trkpt lat="37.259751" lon="128.970404">
        <ele>797.0</ele>
      </trkpt>
      <trkpt lat="37.259042" lon="128.970823">
        <ele>796.4</ele>
      </trkpt>
      <trkpt lat="37.2578729" lon="128.971982">
        <ele>795.5</ele>
      </trkpt>
      <trkpt lat="37.257574" lon="128.972582">
        <ele>786.2</ele>
      </trkpt>
      <trkpt lat="37.257339" lon="128.973162">
        <ele>785.5</ele>
      </trkpt>
      <trkpt lat="37.257108" lon="128.975366">
        <ele>787.8</ele>
      </trkpt>
      <trkpt lat="37.257014" lon="128.975731">
        <ele>789.6</ele>
      </trkpt>
      <trkpt lat="37.256502" lon="128.976343">
        <ele>786.5</ele>
      </trkpt>
      <trkpt lat="37.256136" lon="128.977031">
        <ele>785.8</ele>
      </trkpt>
      <trkpt lat="37.255994" lon="128.9776029">
        <ele>780.5</ele>
      </trkpt>
      <trkpt lat="37.2559169" lon="128.9791">
        <ele>777.3</ele>
      </trkpt>
      <trkpt lat="37.2555229" lon="128.981945">
        <ele>773.2</ele>
      </trkpt>
      <trkpt lat="37.2555539" lon="128.982802">
        <ele>769.4</ele>
      </trkpt>
      <trkpt lat="37.255587" lon="128.983699">
        <ele>766.8</ele>
      </trkpt>
      <trkpt lat="37.255733" lon="128.984041">
        <ele>763.7</ele>
      </trkpt>
      <trkpt lat="37.256032" lon="128.984293">
        <ele>760.7</ele>
      </trkpt>
      <trkpt lat="37.2567499" lon="128.984926">
        <ele>763.7</ele>
      </trkpt>
      <trkpt lat="37.256178" lon="128.985494">
        <ele>777.1</ele>
      </trkpt>
      <trkpt lat="37.25596" lon="128.985543">
        <ele>774.9</ele>
      </trkpt>
      <trkpt lat="37.255576" lon="128.985564">
        <ele>771.8</ele>
      </trkpt>
      <trkpt lat="37.254871" lon="128.985398">
        <ele>770.0</ele>
      </trkpt>
      <trkpt lat="37.254568" lon="128.985387">
        <ele>772.2</ele>
      </trkpt>
      <trkpt lat="37.253368" lon="128.985425">
        <ele>777.7</ele>
      </trkpt>
      <trkpt lat="37.252493" lon="128.9855959">
        <ele>777.7</ele>
      </trkpt>
      <trkpt lat="37.250029" lon="128.986353">
        <ele>780.8</ele>
      </trkpt>
      <trkpt lat="37.248107" lon="128.986954">
        <ele>782.2</ele>
      </trkpt>
      <trkpt lat="37.247706" lon="128.987066">
        <ele>781.2</ele>
      </trkpt>
      <trkpt lat="37.247411" lon="128.987039">
        <ele>780.3</ele>
      </trkpt>
      <trkpt lat="37.247117" lon="128.987029">
        <ele>782.6</ele>
      </trkpt>
      <trkpt lat="37.246604" lon="128.986728">
        <ele>783.0</ele>
      </trkpt>
      <trkpt lat="37.246228" lon="128.986324">
        <ele>787.7</ele>
      </trkpt>
      <trkpt lat="37.244674" lon="128.98455">
        <ele>793.5</ele>
      </trkpt>
      <trkpt lat="37.243726" lon="128.983477">
        <ele>799.0</ele>
      </trkpt>
      <trkpt lat="37.243457" lon="128.983177">
        <ele>800.1</ele>
      </trkpt>
      <trkpt lat="37.243145" lon="128.983048">
        <ele>802.4</ele>
      </trkpt>
      <trkpt lat="37.242496" lon="128.982828">
        <ele>804.3</ele>
      </trkpt>
      <trkpt lat="37.241766" lon="128.982839">
        <ele>807.4</ele>
      </trkpt>
      <trkpt lat="37.241318" lon="128.982979">
        <ele>808.2</ele>
      </trkpt>
      <trkpt lat="37.239938" lon="128.983917">
        <ele>813.1</ele>
      </trkpt>
      <trkpt lat="37.239541" lon="128.984271">
        <ele>813.5</ele>
      </trkpt>
      <trkpt lat="37.2388059" lon="128.985151">
        <ele>819.8</ele>
      </trkpt>
      <trkpt lat="37.238413" lon="128.985511">
        <ele>823.7</ele>
      </trkpt>
      <trkpt lat="37.238008" lon="128.985645">
        <ele>823.3</ele>
      </trkpt>
      <trkpt lat="37.237679" lon="128.98565">
        <ele>820.8</ele>
      </trkpt>
      <trkpt lat="37.23697" lon="128.985548">
        <ele>820.6</ele>
      </trkpt>
      <trkpt lat="37.23607" lon="128.985602">
        <ele>824.8</ele>
      </trkpt>
      <trkpt lat="37.234352" lon="128.986554">
        <ele>831.3</ele>
      </trkpt>
      <trkpt lat="37.233288" lon="128.987216">
        <ele>833.6</ele>
      </trkpt>
      <trkpt lat="37.2326989" lon="128.987721">
        <ele>833.9</ele>
      </trkpt>
      <trkpt lat="37.23114" lon="128.98925">
        <ele>836.5</ele>
      </trkpt>
      <trkpt lat="37.23073" lon="128.989416">
        <ele>837.9</ele>
      </trkpt>
      <trkpt lat="37.2300169" lon="128.989357">
        <ele>842.3</ele>
      </trkpt>
      <trkpt lat="37.229448" lon="128.989166">
        <ele>846.0</ele>
      </trkpt>
      <trkpt lat="37.227659" lon="128.988944">
        <ele>859.1</ele>
      </trkpt>
      <trkpt lat="37.227086" lon="128.989024">
        <ele>859.7</ele>
      </trkpt>
      <trkpt lat="37.226779" lon="128.988949">
        <ele>862.0</ele>
      </trkpt>
      <trkpt lat="37.225292" lon="128.988391">
        <ele>871.0</ele>
      </trkpt>
      <trkpt lat="37.225049" lon="128.988144">
        <ele>873.0</ele>
      </trkpt>
      <trkpt lat="37.224806" lon="128.987758">
        <ele>879.1</ele>
      </trkpt>
      <trkpt lat="37.224002" lon="128.985162">
        <ele>893.4</ele>
      </trkpt>
      <trkpt lat="37.223806" lon="128.985001">
        <ele>894.6</ele>
      </trkpt>
      <trkpt lat="37.223588" lon="128.9850439">
        <ele>894.5</ele>
      </trkpt>
      <trkpt lat="37.22346" lon="128.985264">
        <ele>896.0</ele>
      </trkpt>
      <trkpt lat="37.223498" lon="128.98638">
        <ele>900.8</ele>
      </trkpt>
      <trkpt lat="37.2234089" lon="128.986626">
        <ele>903.9</ele>
      </trkpt>
      <trkpt lat="37.223268" lon="128.986701">
        <ele>907.4</ele>
      </trkpt>
      <trkpt lat="37.22264" lon="128.986616">
        <ele>919.6</ele>
      </trkpt>
      <trkpt lat="37.22229" lon="128.986685">
        <ele>922.2</ele>
      </trkpt>
      <trkpt lat="37.221764" lon="128.986766">
        <ele>922.0</ele>
      </trkpt>
      <trkpt lat="37.22141" lon="128.986621">
        <ele>922.6</ele>
      </trkpt>
      <trkpt lat="37.221187" lon="128.986557">
        <ele>923.2</ele>
      </trkpt>
      <trkpt lat="37.220632" lon="128.9867439">
        <ele>913.5</ele>
      </trkpt>
      <trkpt lat="37.219979" lon="128.986417">
        <ele>913.6</ele>
      </trkpt>
      <trkpt lat="37.219462" lon="128.986063">
        <ele>916.3</ele>
      </trkpt>
      <trkpt lat="37.218966" lon="128.98594">
        <ele>914.4</ele>
      </trkpt>
      <trkpt lat="37.218599" lon="128.9859559">
        <ele>913.5</ele>
      </trkpt>
      <trkpt lat="37.218304" lon="128.986304">
        <ele>902.9</ele>
      </trkpt>
      <trkpt lat="37.218129" lon="128.98638">
        <ele>900.4</ele>
      </trkpt>
      <trkpt lat="37.217518" lon="128.986321">
        <ele>901.9</ele>
      </trkpt>
      <trkpt lat="37.217262" lon="128.986423">
        <ele>899.3</ele>
      </trkpt>
      <trkpt lat="37.216792" lon="128.986895">
        <ele>891.3</ele>
      </trkpt>
      <trkpt lat="37.21601" lon="128.9877689">
        <ele>880.0</ele>
      </trkpt>
      <trkpt lat="37.215784" lon="128.987935">
        <ele>880.5</ele>
      </trkpt>
      <trkpt lat="37.215455" lon="128.987731">
        <ele>879.0</ele>
      </trkpt>
      <trkpt lat="37.214547" lon="128.986853">
        <ele>878.6</ele>
      </trkpt>
      <trkpt lat="37.210828" lon="128.986235">
        <ele>848.9</ele>
      </trkpt>
      <trkpt lat="37.208508" lon="128.986267">
        <ele>824.7</ele>
      </trkpt>
      <trkpt lat="37.207923" lon="128.985983">
        <ele>820.0</ele>
      </trkpt>
      <trkpt lat="37.206854" lon="128.984985">
        <ele>810.7</ele>
      </trkpt>
      <trkpt lat="37.206295" lon="128.9840089">
        <ele>814.1</ele>
      </trkpt>
      <trkpt lat="37.206047" lon="128.983751">
        <ele>812.0</ele>
      </trkpt>
      <trkpt lat="37.2049189" lon="128.982769">
        <ele>802.3</ele>
      </trkpt>
      <trkpt lat="37.204616" lon="128.982465">
        <ele>798.5</ele>
      </trkpt>
      <trkpt lat="37.204129" lon="128.98168">
        <ele>793.4</ele>
      </trkpt>
      <trkpt lat="37.203859" lon="128.980929">
        <ele>794.4</ele>
      </trkpt>
      <trkpt lat="37.203731" lon="128.980082">
        <ele>799.9</ele>
      </trkpt>
      <trkpt lat="37.2035" lon="128.979465">
        <ele>798.3</ele>
      </trkpt>
      <trkpt lat="37.203261" lon="128.979025">
        <ele>795.7</ele>
      </trkpt>
      <trkpt lat="37.202706" lon="128.978472">
        <ele>791.7</ele>
      </trkpt>
      <trkpt lat="37.202155" lon="128.978199">
        <ele>785.3</ele>
      </trkpt>
      <trkpt lat="37.201937" lon="128.977904">
        <ele>787.8</ele>
      </trkpt>
      <trkpt lat="37.201732" lon="128.977764">
        <ele>787.2</ele>
      </trkpt>
      <trkpt lat="37.20097" lon="128.977576">
        <ele>777.8</ele>
      </trkpt>
      <trkpt lat="37.200595" lon="128.977657">
        <ele>776.6</ele>
      </trkpt>
      <trkpt lat="37.199937" lon="128.977695">
        <ele>780.7</ele>
      </trkpt>
      <trkpt lat="37.199407" lon="128.977931">
        <ele>777.8</ele>
      </trkpt>
      <trkpt lat="37.198322" lon="128.978199">
        <ele>775.2</ele>
      </trkpt>
      <trkpt lat="37.197899" lon="128.978422">
        <ele>769.7</ele>
      </trkpt>
      <trkpt lat="37.19765" lon="128.978463">
        <ele>769.5</ele>
      </trkpt>
      <trkpt lat="37.197418" lon="128.978415">
        <ele>769.0</ele>
      </trkpt>
      <trkpt lat="37.196715" lon="128.978263">
        <ele>772.0</ele>
      </trkpt>
      <trkpt lat="37.1954629" lon="128.978472">
        <ele>771.6</ele>
      </trkpt>
      <trkpt lat="37.194412" lon="128.978816">
        <ele>768.3</ele>
      </trkpt>
      <trkpt lat="37.193993" lon="128.978837">
        <ele>765.5</ele>
      </trkpt>
      <trkpt lat="37.193383" lon="128.978652">
        <ele>766.7</ele>
      </trkpt>
      <trkpt lat="37.19273" lon="128.978612">
        <ele>763.7</ele>
      </trkpt>
      <trkpt lat="37.191715" lon="128.978687">
        <ele>761.6</ele>
      </trkpt>
      <trkpt lat="37.191348" lon="128.9788">
        <ele>762.8</ele>
      </trkpt>
      <trkpt lat="37.190634" lon="128.979352">
        <ele>757.8</ele>
      </trkpt>
      <trkpt lat="37.190147" lon="128.979905">
        <ele>746.3</ele>
      </trkpt>
      <trkpt lat="37.189805" lon="128.980033">
        <ele>742.0</ele>
      </trkpt>
      <trkpt lat="37.189327" lon="128.979942">
        <ele>740.7</ele>
      </trkpt>
      <trkpt lat="37.189027" lon="128.979744">
        <ele>743.4</ele>
      </trkpt>
      <trkpt lat="37.18844" lon="128.979141">
        <ele>738.3</ele>
      </trkpt>
      <trkpt lat="37.186262" lon="128.977984">
        <ele>734.5</ele>
      </trkpt>
      <trkpt lat="37.184803" lon="128.977865">
        <ele>724.9</ele>
      </trkpt>
      <trkpt lat="37.184466" lon="128.977837">
        <ele>720.5</ele>
      </trkpt>
      <trkpt lat="37.183907" lon="128.977807">
        <ele>716.1</ele>
      </trkpt>
      <trkpt lat="37.182574" lon="128.97814">
        <ele>707.9</ele>
      </trkpt>
      <trkpt lat="37.182011" lon="128.9781889">
        <ele>705.4</ele>
      </trkpt>
      <trkpt lat="37.181531" lon="128.978333">
        <ele>703.5</ele>
      </trkpt>
      <trkpt lat="37.181018" lon="128.978462">
        <ele>701.6</ele>
      </trkpt>
      <trkpt lat="37.180715" lon="128.978456">
        <ele>700.9</ele>
      </trkpt>
      <trkpt lat="37.180535" lon="128.978521">
        <ele>701.0</ele>
      </trkpt>
      <trkpt lat="37.180189" lon="128.978891">
        <ele>701.0</ele>
      </trkpt>
      <trkpt lat="37.1799279" lon="128.97946">
        <ele>700.9</ele>
      </trkpt>
      <trkpt lat="37.179518" lon="128.980286">
        <ele>701.4</ele>
      </trkpt>
      <trkpt lat="37.179373" lon="128.980903">
        <ele>700.4</ele>
      </trkpt>
      <trkpt lat="37.1792019" lon="128.981337">
        <ele>701.5</ele>
      </trkpt>
      <trkpt lat="37.179022" lon="128.981713">
        <ele>702.1</ele>
      </trkpt>
      <trkpt lat="37.178907" lon="128.98234">
        <ele>701.2</ele>
      </trkpt>
      <trkpt lat="37.178847" lon="128.983161">
        <ele>701.3</ele>
      </trkpt>
      <trkpt lat="37.178402" lon="128.98463">
        <ele>700.3</ele>
      </trkpt>
      <trkpt lat="37.17821" lon="128.98518">
        <ele>701.0</ele>
      </trkpt>
      <trkpt lat="37.178162" lon="128.985305">
        <ele>700.9</ele>
      </trkpt>
      <trkpt lat="37.177787" lon="128.985852">
        <ele>701.2</ele>
      </trkpt>
      <trkpt lat="37.17772" lon="128.985966">
        <ele>701.0</ele>
      </trkpt>
      <trkpt lat="37.17696" lon="128.9850559">
        <ele>702.6</ele>
      </trkpt>
      <trkpt lat="37.176936" lon="128.985028">
        <ele>702.6</ele>
      </trkpt>
    </trkseg>
  </trk>
</gpx>
